[2026-01-31 18:36:40] [INFO] Servidor iniciado correctamente {
  "service": "my-gasolinera-api",
  "puerto": 3000,
  "entorno": "development"
}
[2026-01-31 18:36:40] [INFO] ================================= {
  "service": "my-gasolinera-api"
}
[2026-01-31 18:36:40] [INFO] ✅ SERVIDOR INICIADO CORRECTAMENTE {
  "service": "my-gasolinera-api"
}
[2026-01-31 18:36:40] [INFO] 📍 Puerto: 3000 {
  "service": "my-gasolinera-api"
}
[2026-01-31 18:36:40] [INFO] 🌐 Local: http://localhost:3000 {
  "service": "my-gasolinera-api"
}
[2026-01-31 18:36:40] [INFO] ================================= {
  "service": "my-gasolinera-api"
}
[2026-01-31 18:38:01] [INFO] Petición entrante {
  "service": "my-gasolinera-api",
  "metodo": "POST",
  "url": "/login",
  "ip": "127.0.0.1",
  "userAgent": "Mozilla/5.0 (Windows NT 10.0; Win64; x64) AppleWebKit/537.36 (KHTML, like Gecko) Chrome/144.0.0.0 Safari/537.36",
  "body": {
    "email": "juan@juan.com",
    "password": "***REDACTED***"
  }
}
[2026-01-31 18:38:01] [ERROR] Error en login {
  "service": "my-gasolinera-api",
  "error": "Server requests authentication using unknown plugin auth_gssapi_client. See TODO: add plugins doco here on how to configure or author authentication plugins.",
  "stack": "Error: Server requests authentication using unknown plugin auth_gssapi_client. See TODO: add plugins doco here on how to configure or author authentication plugins.\n    at PromisePool.query (C:\\Users\\Oscar\\OneDrive\\Documentos\\MyGasolineraBBDD\\MyGasolineraBackEnd\\node_modules\\mysql2\\lib\\promise\\pool.js:36:22)\n    at exports.login (C:\\Users\\Oscar\\OneDrive\\Documentos\\MyGasolineraBBDD\\MyGasolineraBackEnd\\controllers\\authController.js:87:35)\n    at Layer.handle [as handle_request] (C:\\Users\\Oscar\\OneDrive\\Documentos\\MyGasolineraBBDD\\MyGasolineraBackEnd\\node_modules\\express\\lib\\router\\layer.js:95:5)\n    at next (C:\\Users\\Oscar\\OneDrive\\Documentos\\MyGasolineraBBDD\\MyGasolineraBackEnd\\node_modules\\express\\lib\\router\\route.js:149:13)\n    at Route.dispatch (C:\\Users\\Oscar\\OneDrive\\Documentos\\MyGasolineraBBDD\\MyGasolineraBackEnd\\node_modules\\express\\lib\\router\\route.js:119:3)\n    at Layer.handle [as handle_request] (C:\\Users\\Oscar\\OneDrive\\Documentos\\MyGasolineraBBDD\\MyGasolineraBackEnd\\node_modules\\express\\lib\\router\\layer.js:95:5)\n    at C:\\Users\\Oscar\\OneDrive\\Documentos\\MyGasolineraBBDD\\MyGasolineraBackEnd\\node_modules\\express\\lib\\router\\index.js:284:15\n    at router.process_params (C:\\Users\\Oscar\\OneDrive\\Documentos\\MyGasolineraBBDD\\MyGasolineraBackEnd\\node_modules\\express\\lib\\router\\index.js:346:12)\n    at next (C:\\Users\\Oscar\\OneDrive\\Documentos\\MyGasolineraBBDD\\MyGasolineraBackEnd\\node_modules\\express\\lib\\router\\index.js:280:10)\n    at router.handle (C:\\Users\\Oscar\\OneDrive\\Documentos\\MyGasolineraBBDD\\MyGasolineraBackEnd\\node_modules\\express\\lib\\router\\index.js:175:3)",
  "email": "juan@juan.com"
}
[2026-01-31 18:38:01] [ERROR] Error del servidor {
  "service": "my-gasolinera-api",
  "metodo": "POST",
  "url": "/login",
  "status": 500,
  "duracion_ms": 134,
  "usuario_id": "anónimo",
  "ip": "127.0.0.1",
  "respuesta": {
    "status": "error",
    "message": "Error en el servidor: Server requests authentication using unknown plugin auth_gssapi_client. See TODO: add plugins doco here on how to configure or author authentication plugins."
  }
}
[2026-01-31 18:38:01] [ERROR] Error del servidor {
  "service": "my-gasolinera-api",
  "metodo": "POST",
  "url": "/login",
  "status": 500,
  "duracion_ms": 135,
  "usuario_id": "anónimo",
  "ip": "127.0.0.1",
  "respuesta": "{\"status\":\"error\",\"message\":\"Error en el servidor: Server requests authentication using unknown plugin auth_gssapi_client. See TODO: add plugins doco here on how to configure or author authentication plugins.\"}"
}
[2026-01-31 18:38:40] [INFO] Petición entrante {
  "service": "my-gasolinera-api",
  "metodo": "POST",
  "url": "/login",
  "ip": "127.0.0.1",
  "userAgent": "Mozilla/5.0 (Windows NT 10.0; Win64; x64) AppleWebKit/537.36 (KHTML, like Gecko) Chrome/144.0.0.0 Safari/537.36",
  "body": {
    "email": "juan@juan.com",
    "password": "***REDACTED***"
  }
}
[2026-01-31 18:38:40] [ERROR] Error en login {
  "service": "my-gasolinera-api",
  "error": "Server requests authentication using unknown plugin auth_gssapi_client. See TODO: add plugins doco here on how to configure or author authentication plugins.",
  "stack": "Error: Server requests authentication using unknown plugin auth_gssapi_client. See TODO: add plugins doco here on how to configure or author authentication plugins.\n    at PromisePool.query (C:\\Users\\Oscar\\OneDrive\\Documentos\\MyGasolineraBBDD\\MyGasolineraBackEnd\\node_modules\\mysql2\\lib\\promise\\pool.js:36:22)\n    at exports.login (C:\\Users\\Oscar\\OneDrive\\Documentos\\MyGasolineraBBDD\\MyGasolineraBackEnd\\controllers\\authController.js:87:35)\n    at Layer.handle [as handle_request] (C:\\Users\\Oscar\\OneDrive\\Documentos\\MyGasolineraBBDD\\MyGasolineraBackEnd\\node_modules\\express\\lib\\router\\layer.js:95:5)\n    at next (C:\\Users\\Oscar\\OneDrive\\Documentos\\MyGasolineraBBDD\\MyGasolineraBackEnd\\node_modules\\express\\lib\\router\\route.js:149:13)\n    at Route.dispatch (C:\\Users\\Oscar\\OneDrive\\Documentos\\MyGasolineraBBDD\\MyGasolineraBackEnd\\node_modules\\express\\lib\\router\\route.js:119:3)\n    at Layer.handle [as handle_request] (C:\\Users\\Oscar\\OneDrive\\Documentos\\MyGasolineraBBDD\\MyGasolineraBackEnd\\node_modules\\express\\lib\\router\\layer.js:95:5)\n    at C:\\Users\\Oscar\\OneDrive\\Documentos\\MyGasolineraBBDD\\MyGasolineraBackEnd\\node_modules\\express\\lib\\router\\index.js:284:15\n    at router.process_params (C:\\Users\\Oscar\\OneDrive\\Documentos\\MyGasolineraBBDD\\MyGasolineraBackEnd\\node_modules\\express\\lib\\router\\index.js:346:12)\n    at next (C:\\Users\\Oscar\\OneDrive\\Documentos\\MyGasolineraBBDD\\MyGasolineraBackEnd\\node_modules\\express\\lib\\router\\index.js:280:10)\n    at router.handle (C:\\Users\\Oscar\\OneDrive\\Documentos\\MyGasolineraBBDD\\MyGasolineraBackEnd\\node_modules\\express\\lib\\router\\index.js:175:3)",
  "email": "juan@juan.com"
}
[2026-01-31 18:38:40] [ERROR] Error del servidor {
  "service": "my-gasolinera-api",
  "metodo": "POST",
  "url": "/login",
  "status": 500,
  "duracion_ms": 4,
  "usuario_id": "anónimo",
  "ip": "127.0.0.1",
  "respuesta": {
    "status": "error",
    "message": "Error en el servidor: Server requests authentication using unknown plugin auth_gssapi_client. See TODO: add plugins doco here on how to configure or author authentication plugins."
  }
}
[2026-01-31 18:38:40] [ERROR] Error del servidor {
  "service": "my-gasolinera-api",
  "metodo": "POST",
  "url": "/login",
  "status": 500,
  "duracion_ms": 4,
  "usuario_id": "anónimo",
  "ip": "127.0.0.1",
  "respuesta": "{\"status\":\"error\",\"message\":\"Error en el servidor: Server requests authentication using unknown plugin auth_gssapi_client. See TODO: add plugins doco here on how to configure or author authentication plugins.\"}"
}
[2026-01-31 18:41:19] [INFO] Servidor iniciado correctamente {
  "service": "my-gasolinera-api",
  "puerto": 3000,
  "entorno": "development"
}
[2026-01-31 18:41:19] [INFO] ================================= {
  "service": "my-gasolinera-api"
}
[2026-01-31 18:41:19] [INFO] ✅ SERVIDOR INICIADO CORRECTAMENTE {
  "service": "my-gasolinera-api"
}
[2026-01-31 18:41:19] [INFO] 📍 Puerto: 3000 {
  "service": "my-gasolinera-api"
}
[2026-01-31 18:41:19] [INFO] 🌐 Local: http://localhost:3000 {
  "service": "my-gasolinera-api"
}
[2026-01-31 18:41:19] [INFO] ================================= {
  "service": "my-gasolinera-api"
}
[2026-01-31 18:41:26] [INFO] Petición entrante {
  "service": "my-gasolinera-api",
  "metodo": "POST",
  "url": "/login",
  "ip": "127.0.0.1",
  "userAgent": "Mozilla/5.0 (Windows NT 10.0; Win64; x64) AppleWebKit/537.36 (KHTML, like Gecko) Chrome/144.0.0.0 Safari/537.36",
  "body": {
    "email": "juan@juan.com",
    "password": "***REDACTED***"
  }
}
[2026-01-31 18:41:26] [ERROR] Error en login {
  "service": "my-gasolinera-api",
  "error": "Server requests authentication using unknown plugin auth_gssapi_client. See TODO: add plugins doco here on how to configure or author authentication plugins.",
  "stack": "Error: Server requests authentication using unknown plugin auth_gssapi_client. See TODO: add plugins doco here on how to configure or author authentication plugins.\n    at PromisePool.query (C:\\Users\\Oscar\\OneDrive\\Documentos\\MyGasolineraBBDD\\MyGasolineraBackEnd\\node_modules\\mysql2\\lib\\promise\\pool.js:36:22)\n    at exports.login (C:\\Users\\Oscar\\OneDrive\\Documentos\\MyGasolineraBBDD\\MyGasolineraBackEnd\\controllers\\authController.js:87:35)\n    at Layer.handle [as handle_request] (C:\\Users\\Oscar\\OneDrive\\Documentos\\MyGasolineraBBDD\\MyGasolineraBackEnd\\node_modules\\express\\lib\\router\\layer.js:95:5)\n    at next (C:\\Users\\Oscar\\OneDrive\\Documentos\\MyGasolineraBBDD\\MyGasolineraBackEnd\\node_modules\\express\\lib\\router\\route.js:149:13)\n    at Route.dispatch (C:\\Users\\Oscar\\OneDrive\\Documentos\\MyGasolineraBBDD\\MyGasolineraBackEnd\\node_modules\\express\\lib\\router\\route.js:119:3)\n    at Layer.handle [as handle_request] (C:\\Users\\Oscar\\OneDrive\\Documentos\\MyGasolineraBBDD\\MyGasolineraBackEnd\\node_modules\\express\\lib\\router\\layer.js:95:5)\n    at C:\\Users\\Oscar\\OneDrive\\Documentos\\MyGasolineraBBDD\\MyGasolineraBackEnd\\node_modules\\express\\lib\\router\\index.js:284:15\n    at router.process_params (C:\\Users\\Oscar\\OneDrive\\Documentos\\MyGasolineraBBDD\\MyGasolineraBackEnd\\node_modules\\express\\lib\\router\\index.js:346:12)\n    at next (C:\\Users\\Oscar\\OneDrive\\Documentos\\MyGasolineraBBDD\\MyGasolineraBackEnd\\node_modules\\express\\lib\\router\\index.js:280:10)\n    at router.handle (C:\\Users\\Oscar\\OneDrive\\Documentos\\MyGasolineraBBDD\\MyGasolineraBackEnd\\node_modules\\express\\lib\\router\\index.js:175:3)",
  "email": "juan@juan.com"
}
[2026-01-31 18:41:26] [ERROR] Error del servidor {
  "service": "my-gasolinera-api",
  "metodo": "POST",
  "url": "/login",
  "status": 500,
  "duracion_ms": 30,
  "usuario_id": "anónimo",
  "ip": "127.0.0.1",
  "respuesta": {
    "status": "error",
    "message": "Error en el servidor: Server requests authentication using unknown plugin auth_gssapi_client. See TODO: add plugins doco here on how to configure or author authentication plugins."
  }
}
[2026-01-31 18:41:26] [ERROR] Error del servidor {
  "service": "my-gasolinera-api",
  "metodo": "POST",
  "url": "/login",
  "status": 500,
  "duracion_ms": 31,
  "usuario_id": "anónimo",
  "ip": "127.0.0.1",
  "respuesta": "{\"status\":\"error\",\"message\":\"Error en el servidor: Server requests authentication using unknown plugin auth_gssapi_client. See TODO: add plugins doco here on how to configure or author authentication plugins.\"}"
}
[2026-01-31 18:41:48] [INFO] Petición entrante {
  "service": "my-gasolinera-api",
  "metodo": "POST",
  "url": "/login",
  "ip": "127.0.0.1",
  "userAgent": "Mozilla/5.0 (Windows NT 10.0; Win64; x64) AppleWebKit/537.36 (KHTML, like Gecko) Chrome/144.0.0.0 Safari/537.36",
  "body": {
    "email": "juan@juan.com",
    "password": "***REDACTED***"
  }
}
[2026-01-31 18:41:48] [ERROR] Error en login {
  "service": "my-gasolinera-api",
  "error": "Server requests authentication using unknown plugin auth_gssapi_client. See TODO: add plugins doco here on how to configure or author authentication plugins.",
  "stack": "Error: Server requests authentication using unknown plugin auth_gssapi_client. See TODO: add plugins doco here on how to configure or author authentication plugins.\n    at PromisePool.query (C:\\Users\\Oscar\\OneDrive\\Documentos\\MyGasolineraBBDD\\MyGasolineraBackEnd\\node_modules\\mysql2\\lib\\promise\\pool.js:36:22)\n    at exports.login (C:\\Users\\Oscar\\OneDrive\\Documentos\\MyGasolineraBBDD\\MyGasolineraBackEnd\\controllers\\authController.js:87:35)\n    at Layer.handle [as handle_request] (C:\\Users\\Oscar\\OneDrive\\Documentos\\MyGasolineraBBDD\\MyGasolineraBackEnd\\node_modules\\express\\lib\\router\\layer.js:95:5)\n    at next (C:\\Users\\Oscar\\OneDrive\\Documentos\\MyGasolineraBBDD\\MyGasolineraBackEnd\\node_modules\\express\\lib\\router\\route.js:149:13)\n    at Route.dispatch (C:\\Users\\Oscar\\OneDrive\\Documentos\\MyGasolineraBBDD\\MyGasolineraBackEnd\\node_modules\\express\\lib\\router\\route.js:119:3)\n    at Layer.handle [as handle_request] (C:\\Users\\Oscar\\OneDrive\\Documentos\\MyGasolineraBBDD\\MyGasolineraBackEnd\\node_modules\\express\\lib\\router\\layer.js:95:5)\n    at C:\\Users\\Oscar\\OneDrive\\Documentos\\MyGasolineraBBDD\\MyGasolineraBackEnd\\node_modules\\express\\lib\\router\\index.js:284:15\n    at router.process_params (C:\\Users\\Oscar\\OneDrive\\Documentos\\MyGasolineraBBDD\\MyGasolineraBackEnd\\node_modules\\express\\lib\\router\\index.js:346:12)\n    at next (C:\\Users\\Oscar\\OneDrive\\Documentos\\MyGasolineraBBDD\\MyGasolineraBackEnd\\node_modules\\express\\lib\\router\\index.js:280:10)\n    at router.handle (C:\\Users\\Oscar\\OneDrive\\Documentos\\MyGasolineraBBDD\\MyGasolineraBackEnd\\node_modules\\express\\lib\\router\\index.js:175:3)",
  "email": "juan@juan.com"
}
[2026-01-31 18:41:48] [ERROR] Error del servidor {
  "service": "my-gasolinera-api",
  "metodo": "POST",
  "url": "/login",
  "status": 500,
  "duracion_ms": 4,
  "usuario_id": "anónimo",
  "ip": "127.0.0.1",
  "respuesta": {
    "status": "error",
    "message": "Error en el servidor: Server requests authentication using unknown plugin auth_gssapi_client. See TODO: add plugins doco here on how to configure or author authentication plugins."
  }
}
[2026-01-31 18:41:48] [ERROR] Error del servidor {
  "service": "my-gasolinera-api",
  "metodo": "POST",
  "url": "/login",
  "status": 500,
  "duracion_ms": 5,
  "usuario_id": "anónimo",
  "ip": "127.0.0.1",
  "respuesta": "{\"status\":\"error\",\"message\":\"Error en el servidor: Server requests authentication using unknown plugin auth_gssapi_client. See TODO: add plugins doco here on how to configure or author authentication plugins.\"}"
}
[2026-01-31 18:47:41] [INFO] Servidor iniciado correctamente {
  "service": "my-gasolinera-api",
  "puerto": 3000,
  "entorno": "development"
}
[2026-01-31 18:47:41] [INFO] ================================= {
  "service": "my-gasolinera-api"
}
[2026-01-31 18:47:41] [INFO] ✅ SERVIDOR INICIADO CORRECTAMENTE {
  "service": "my-gasolinera-api"
}
[2026-01-31 18:47:41] [INFO] 📍 Puerto: 3000 {
  "service": "my-gasolinera-api"
}
[2026-01-31 18:47:41] [INFO] 🌐 Local: http://localhost:3000 {
  "service": "my-gasolinera-api"
}
[2026-01-31 18:47:41] [INFO] ================================= {
  "service": "my-gasolinera-api"
}
[2026-01-31 18:47:45] [INFO] Petición entrante {
  "service": "my-gasolinera-api",
  "metodo": "POST",
  "url": "/login",
  "ip": "127.0.0.1",
  "userAgent": "Mozilla/5.0 (Windows NT 10.0; Win64; x64) AppleWebKit/537.36 (KHTML, like Gecko) Chrome/144.0.0.0 Safari/537.36",
  "body": {
    "email": "juan@juan.com",
    "password": "***REDACTED***"
  }
}
[2026-01-31 18:47:45] [ERROR] Error en login {
  "service": "my-gasolinera-api",
  "error": "secretOrPrivateKey must have a value",
  "stack": "Error: secretOrPrivateKey must have a value\n    at module.exports [as sign] (C:\\Users\\Oscar\\OneDrive\\Documentos\\MyGasolineraBBDD\\MyGasolineraBackEnd\\node_modules\\jsonwebtoken\\sign.js:111:20)\n    at exports.login (C:\\Users\\Oscar\\OneDrive\\Documentos\\MyGasolineraBBDD\\MyGasolineraBackEnd\\controllers\\authController.js:111:27)",
  "email": "juan@juan.com"
}
[2026-01-31 18:47:45] [ERROR] Error del servidor {
  "service": "my-gasolinera-api",
  "metodo": "POST",
  "url": "/login",
  "status": 500,
  "duracion_ms": 96,
  "usuario_id": "anónimo",
  "ip": "127.0.0.1",
  "respuesta": {
    "status": "error",
    "message": "Error en el servidor: secretOrPrivateKey must have a value"
  }
}
[2026-01-31 18:47:45] [ERROR] Error del servidor {
  "service": "my-gasolinera-api",
  "metodo": "POST",
  "url": "/login",
  "status": 500,
  "duracion_ms": 96,
  "usuario_id": "anónimo",
  "ip": "127.0.0.1",
  "respuesta": "{\"status\":\"error\",\"message\":\"Error en el servidor: secretOrPrivateKey must have a value\"}"
}
[2026-02-14 14:07:45] [INFO] Servidor iniciado correctamente {
  "service": "my-gasolinera-api",
  "puerto": "3000",
  "entorno": "development"
}
[2026-02-14 14:07:45] [INFO] ================================= {
  "service": "my-gasolinera-api"
}
[2026-02-14 14:07:45] [INFO] ✅ SERVIDOR INICIADO CORRECTAMENTE {
  "service": "my-gasolinera-api"
}
[2026-02-14 14:07:45] [INFO] 📍 Puerto: 3000 {
  "service": "my-gasolinera-api"
}
[2026-02-14 14:07:45] [INFO] 🌐 Local: http://localhost:3000 {
  "service": "my-gasolinera-api"
}
[2026-02-14 14:07:45] [INFO] ================================= {
  "service": "my-gasolinera-api"
}
[2026-02-14 14:16:11] [INFO] Petición entrante {
  "service": "my-gasolinera-api",
  "metodo": "POST",
  "url": "/login",
  "ip": "127.0.0.1",
  "userAgent": "Mozilla/5.0 (Windows NT 10.0; Win64; x64) AppleWebKit/537.36 (KHTML, like Gecko) Chrome/144.0.0.0 Safari/537.36",
  "body": {
    "email": "test@test.com",
    "password": "***REDACTED***"
  }
}
[2026-02-14 14:16:11] [WARN] Login fallido: contraseña incorrecta {
  "service": "my-gasolinera-api",
  "email": "test@test.com",
  "id_usuario": 3
}
[2026-02-14 14:16:11] [WARN] Error del cliente {
  "service": "my-gasolinera-api",
  "metodo": "POST",
  "url": "/login",
  "status": 401,
  "duracion_ms": 419,
  "usuario_id": "anónimo",
  "ip": "127.0.0.1"
}
[2026-02-14 14:16:11] [WARN] Error del cliente {
  "service": "my-gasolinera-api",
  "metodo": "POST",
  "url": "/login",
  "status": 401,
  "duracion_ms": 420,
  "usuario_id": "anónimo",
  "ip": "127.0.0.1"
}
[2026-02-14 14:16:58] [INFO] Petición entrante {
  "service": "my-gasolinera-api",
  "metodo": "POST",
  "url": "/login",
  "ip": "127.0.0.1",
  "userAgent": "Mozilla/5.0 (Windows NT 10.0; Win64; x64) AppleWebKit/537.36 (KHTML, like Gecko) Chrome/144.0.0.0 Safari/537.36",
  "body": {
    "email": "oscar@oscar.com",
    "password": "***REDACTED***"
  }
}
[2026-02-14 14:16:58] [WARN] Login fallido: contraseña incorrecta {
  "service": "my-gasolinera-api",
  "email": "oscar@oscar.com",
  "id_usuario": 2
}
[2026-02-14 14:16:58] [WARN] Error del cliente {
  "service": "my-gasolinera-api",
  "metodo": "POST",
  "url": "/login",
  "status": 401,
  "duracion_ms": 63,
  "usuario_id": "anónimo",
  "ip": "127.0.0.1"
}
[2026-02-14 14:16:58] [WARN] Error del cliente {
  "service": "my-gasolinera-api",
  "metodo": "POST",
  "url": "/login",
  "status": 401,
  "duracion_ms": 63,
  "usuario_id": "anónimo",
  "ip": "127.0.0.1"
}
[2026-02-14 14:16:59] [INFO] Petición entrante {
  "service": "my-gasolinera-api",
  "metodo": "POST",
  "url": "/login",
  "ip": "127.0.0.1",
  "userAgent": "Mozilla/5.0 (Windows NT 10.0; Win64; x64) AppleWebKit/537.36 (KHTML, like Gecko) Chrome/144.0.0.0 Safari/537.36",
  "body": {
    "email": "oscar@oscar.com",
    "password": "***REDACTED***"
  }
}
[2026-02-14 14:16:59] [WARN] Login fallido: contraseña incorrecta {
  "service": "my-gasolinera-api",
  "email": "oscar@oscar.com",
  "id_usuario": 2
}
[2026-02-14 14:16:59] [WARN] Error del cliente {
  "service": "my-gasolinera-api",
  "metodo": "POST",
  "url": "/login",
  "status": 401,
  "duracion_ms": 68,
  "usuario_id": "anónimo",
  "ip": "127.0.0.1"
}
[2026-02-14 14:16:59] [WARN] Error del cliente {
  "service": "my-gasolinera-api",
  "metodo": "POST",
  "url": "/login",
  "status": 401,
  "duracion_ms": 68,
  "usuario_id": "anónimo",
  "ip": "127.0.0.1"
}
[2026-02-14 14:17:15] [INFO] Petición entrante {
  "service": "my-gasolinera-api",
  "metodo": "POST",
  "url": "/login",
  "ip": "127.0.0.1",
  "userAgent": "Mozilla/5.0 (Windows NT 10.0; Win64; x64) AppleWebKit/537.36 (KHTML, like Gecko) Chrome/144.0.0.0 Safari/537.36",
  "body": {
    "email": "juan@juan.com",
    "password": "***REDACTED***"
  }
}
[2026-02-14 14:17:15] [INFO] Login exitoso {
  "service": "my-gasolinera-api",
  "email": "juan@juan.com",
  "id_usuario": 6,
  "nombre": "juan"
}
[2026-02-14 14:17:15] [INFO] Respuesta exitosa {
  "service": "my-gasolinera-api",
  "metodo": "POST",
  "url": "/login",
  "status": 200,
  "duracion_ms": 76,
  "usuario_id": "anónimo",
  "ip": "127.0.0.1"
}
[2026-02-14 14:17:15] [INFO] Respuesta exitosa {
  "service": "my-gasolinera-api",
  "metodo": "POST",
  "url": "/login",
  "status": 200,
  "duracion_ms": 77,
  "usuario_id": "anónimo",
  "ip": "127.0.0.1"
}
[2026-02-14 14:17:20] [INFO] Petición entrante {
  "service": "my-gasolinera-api",
  "metodo": "GET",
  "url": "/api/gasolineras?id_provincia=46",
  "ip": "127.0.0.1",
  "userAgent": "Mozilla/5.0 (Windows NT 10.0; Win64; x64) AppleWebKit/537.36 (KHTML, like Gecko) Chrome/144.0.0.0 Safari/537.36",
  "body": {}
}
[2026-02-14 14:17:20] [ERROR] Error obteniendo gasolineras: {
  "service": "my-gasolinera-api",
  "error": "Unknown column 'id_provincia' in 'SELECT'",
  "stack": "Error: Unknown column 'id_provincia' in 'SELECT'\n    at PromisePool.execute (C:\\Users\\Oscar\\OneDrive\\Documentos\\MyGasolineraBBDD\\MyGasolineraBackEnd\\node_modules\\mysql2\\lib\\promise\\pool.js:54:22)\n    at exports.getGasolineras (C:\\Users\\Oscar\\OneDrive\\Documentos\\MyGasolineraBBDD\\MyGasolineraBackEnd\\controllers\\gasolinerasController.js:64:35)\n    at Layer.handle [as handle_request] (C:\\Users\\Oscar\\OneDrive\\Documentos\\MyGasolineraBBDD\\MyGasolineraBackEnd\\node_modules\\express\\lib\\router\\layer.js:95:5)\n    at next (C:\\Users\\Oscar\\OneDrive\\Documentos\\MyGasolineraBBDD\\MyGasolineraBackEnd\\node_modules\\express\\lib\\router\\route.js:149:13)\n    at Route.dispatch (C:\\Users\\Oscar\\OneDrive\\Documentos\\MyGasolineraBBDD\\MyGasolineraBackEnd\\node_modules\\express\\lib\\router\\route.js:119:3)\n    at Layer.handle [as handle_request] (C:\\Users\\Oscar\\OneDrive\\Documentos\\MyGasolineraBBDD\\MyGasolineraBackEnd\\node_modules\\express\\lib\\router\\layer.js:95:5)\n    at C:\\Users\\Oscar\\OneDrive\\Documentos\\MyGasolineraBBDD\\MyGasolineraBackEnd\\node_modules\\express\\lib\\router\\index.js:284:15\n    at router.process_params (C:\\Users\\Oscar\\OneDrive\\Documentos\\MyGasolineraBBDD\\MyGasolineraBackEnd\\node_modules\\express\\lib\\router\\index.js:346:12)\n    at next (C:\\Users\\Oscar\\OneDrive\\Documentos\\MyGasolineraBBDD\\MyGasolineraBackEnd\\node_modules\\express\\lib\\router\\index.js:280:10)\n    at router.handle (C:\\Users\\Oscar\\OneDrive\\Documentos\\MyGasolineraBBDD\\MyGasolineraBackEnd\\node_modules\\express\\lib\\router\\index.js:175:3)"
}
[2026-02-14 14:17:20] [ERROR] Error del servidor {
  "service": "my-gasolinera-api",
  "metodo": "GET",
  "url": "/api/gasolineras?id_provincia=46",
  "status": 500,
  "duracion_ms": 7,
  "usuario_id": "anónimo",
  "ip": "127.0.0.1",
  "respuesta": {
    "success": false,
    "message": "Error interno del servidor"
  }
}
[2026-02-14 14:17:20] [ERROR] Error del servidor {
  "service": "my-gasolinera-api",
  "metodo": "GET",
  "url": "/api/gasolineras?id_provincia=46",
  "status": 500,
  "duracion_ms": 8,
  "usuario_id": "anónimo",
  "ip": "127.0.0.1",
  "respuesta": "{\"success\":false,\"message\":\"Error interno del servidor\"}"
}
[2026-02-14 14:17:20] [INFO] Petición entrante {
  "service": "my-gasolinera-api",
  "metodo": "GET",
  "url": "/api/gasolineras?id_provincia=12",
  "ip": "127.0.0.1",
  "userAgent": "Mozilla/5.0 (Windows NT 10.0; Win64; x64) AppleWebKit/537.36 (KHTML, like Gecko) Chrome/144.0.0.0 Safari/537.36",
  "body": {}
}
[2026-02-14 14:17:20] [ERROR] Error obteniendo gasolineras: {
  "service": "my-gasolinera-api",
  "error": "Unknown column 'id_provincia' in 'SELECT'",
  "stack": "Error: Unknown column 'id_provincia' in 'SELECT'\n    at PromisePool.execute (C:\\Users\\Oscar\\OneDrive\\Documentos\\MyGasolineraBBDD\\MyGasolineraBackEnd\\node_modules\\mysql2\\lib\\promise\\pool.js:54:22)\n    at exports.getGasolineras (C:\\Users\\Oscar\\OneDrive\\Documentos\\MyGasolineraBBDD\\MyGasolineraBackEnd\\controllers\\gasolinerasController.js:64:35)\n    at Layer.handle [as handle_request] (C:\\Users\\Oscar\\OneDrive\\Documentos\\MyGasolineraBBDD\\MyGasolineraBackEnd\\node_modules\\express\\lib\\router\\layer.js:95:5)\n    at next (C:\\Users\\Oscar\\OneDrive\\Documentos\\MyGasolineraBBDD\\MyGasolineraBackEnd\\node_modules\\express\\lib\\router\\route.js:149:13)\n    at Route.dispatch (C:\\Users\\Oscar\\OneDrive\\Documentos\\MyGasolineraBBDD\\MyGasolineraBackEnd\\node_modules\\express\\lib\\router\\route.js:119:3)\n    at Layer.handle [as handle_request] (C:\\Users\\Oscar\\OneDrive\\Documentos\\MyGasolineraBBDD\\MyGasolineraBackEnd\\node_modules\\express\\lib\\router\\layer.js:95:5)\n    at C:\\Users\\Oscar\\OneDrive\\Documentos\\MyGasolineraBBDD\\MyGasolineraBackEnd\\node_modules\\express\\lib\\router\\index.js:284:15\n    at router.process_params (C:\\Users\\Oscar\\OneDrive\\Documentos\\MyGasolineraBBDD\\MyGasolineraBackEnd\\node_modules\\express\\lib\\router\\index.js:346:12)\n    at next (C:\\Users\\Oscar\\OneDrive\\Documentos\\MyGasolineraBBDD\\MyGasolineraBackEnd\\node_modules\\express\\lib\\router\\index.js:280:10)\n    at router.handle (C:\\Users\\Oscar\\OneDrive\\Documentos\\MyGasolineraBBDD\\MyGasolineraBackEnd\\node_modules\\express\\lib\\router\\index.js:175:3)"
}
[2026-02-14 14:17:20] [ERROR] Error del servidor {
  "service": "my-gasolinera-api",
  "metodo": "GET",
  "url": "/api/gasolineras?id_provincia=12",
  "status": 500,
  "duracion_ms": 1,
  "usuario_id": "anónimo",
  "ip": "127.0.0.1",
  "respuesta": {
    "success": false,
    "message": "Error interno del servidor"
  }
}
[2026-02-14 14:17:20] [ERROR] Error del servidor {
  "service": "my-gasolinera-api",
  "metodo": "GET",
  "url": "/api/gasolineras?id_provincia=12",
  "status": 500,
  "duracion_ms": 2,
  "usuario_id": "anónimo",
  "ip": "127.0.0.1",
  "respuesta": "{\"success\":false,\"message\":\"Error interno del servidor\"}"
}
[2026-02-14 14:17:20] [INFO] Petición entrante {
  "service": "my-gasolinera-api",
  "metodo": "GET",
  "url": "/api/gasolineras?id_provincia=44",
  "ip": "127.0.0.1",
  "userAgent": "Mozilla/5.0 (Windows NT 10.0; Win64; x64) AppleWebKit/537.36 (KHTML, like Gecko) Chrome/144.0.0.0 Safari/537.36",
  "body": {}
}
[2026-02-14 14:17:20] [ERROR] Error obteniendo gasolineras: {
  "service": "my-gasolinera-api",
  "error": "Unknown column 'id_provincia' in 'SELECT'",
  "stack": "Error: Unknown column 'id_provincia' in 'SELECT'\n    at PromisePool.execute (C:\\Users\\Oscar\\OneDrive\\Documentos\\MyGasolineraBBDD\\MyGasolineraBackEnd\\node_modules\\mysql2\\lib\\promise\\pool.js:54:22)\n    at exports.getGasolineras (C:\\Users\\Oscar\\OneDrive\\Documentos\\MyGasolineraBBDD\\MyGasolineraBackEnd\\controllers\\gasolinerasController.js:64:35)\n    at Layer.handle [as handle_request] (C:\\Users\\Oscar\\OneDrive\\Documentos\\MyGasolineraBBDD\\MyGasolineraBackEnd\\node_modules\\express\\lib\\router\\layer.js:95:5)\n    at next (C:\\Users\\Oscar\\OneDrive\\Documentos\\MyGasolineraBBDD\\MyGasolineraBackEnd\\node_modules\\express\\lib\\router\\route.js:149:13)\n    at Route.dispatch (C:\\Users\\Oscar\\OneDrive\\Documentos\\MyGasolineraBBDD\\MyGasolineraBackEnd\\node_modules\\express\\lib\\router\\route.js:119:3)\n    at Layer.handle [as handle_request] (C:\\Users\\Oscar\\OneDrive\\Documentos\\MyGasolineraBBDD\\MyGasolineraBackEnd\\node_modules\\express\\lib\\router\\layer.js:95:5)\n    at C:\\Users\\Oscar\\OneDrive\\Documentos\\MyGasolineraBBDD\\MyGasolineraBackEnd\\node_modules\\express\\lib\\router\\index.js:284:15\n    at router.process_params (C:\\Users\\Oscar\\OneDrive\\Documentos\\MyGasolineraBBDD\\MyGasolineraBackEnd\\node_modules\\express\\lib\\router\\index.js:346:12)\n    at next (C:\\Users\\Oscar\\OneDrive\\Documentos\\MyGasolineraBBDD\\MyGasolineraBackEnd\\node_modules\\express\\lib\\router\\index.js:280:10)\n    at router.handle (C:\\Users\\Oscar\\OneDrive\\Documentos\\MyGasolineraBBDD\\MyGasolineraBackEnd\\node_modules\\express\\lib\\router\\index.js:175:3)"
}
[2026-02-14 14:17:20] [ERROR] Error del servidor {
  "service": "my-gasolinera-api",
  "metodo": "GET",
  "url": "/api/gasolineras?id_provincia=44",
  "status": 500,
  "duracion_ms": 2,
  "usuario_id": "anónimo",
  "ip": "127.0.0.1",
  "respuesta": {
    "success": false,
    "message": "Error interno del servidor"
  }
}
[2026-02-14 14:17:20] [ERROR] Error del servidor {
  "service": "my-gasolinera-api",
  "metodo": "GET",
  "url": "/api/gasolineras?id_provincia=44",
  "status": 500,
  "duracion_ms": 2,
  "usuario_id": "anónimo",
  "ip": "127.0.0.1",
  "respuesta": "{\"success\":false,\"message\":\"Error interno del servidor\"}"
}
[2026-02-14 14:17:20] [INFO] Petición entrante {
  "service": "my-gasolinera-api",
  "metodo": "GET",
  "url": "/api/gasolineras?id_provincia=16",
  "ip": "127.0.0.1",
  "userAgent": "Mozilla/5.0 (Windows NT 10.0; Win64; x64) AppleWebKit/537.36 (KHTML, like Gecko) Chrome/144.0.0.0 Safari/537.36",
  "body": {}
}
[2026-02-14 14:17:20] [ERROR] Error obteniendo gasolineras: {
  "service": "my-gasolinera-api",
  "error": "Unknown column 'id_provincia' in 'SELECT'",
  "stack": "Error: Unknown column 'id_provincia' in 'SELECT'\n    at PromisePool.execute (C:\\Users\\Oscar\\OneDrive\\Documentos\\MyGasolineraBBDD\\MyGasolineraBackEnd\\node_modules\\mysql2\\lib\\promise\\pool.js:54:22)\n    at exports.getGasolineras (C:\\Users\\Oscar\\OneDrive\\Documentos\\MyGasolineraBBDD\\MyGasolineraBackEnd\\controllers\\gasolinerasController.js:64:35)\n    at Layer.handle [as handle_request] (C:\\Users\\Oscar\\OneDrive\\Documentos\\MyGasolineraBBDD\\MyGasolineraBackEnd\\node_modules\\express\\lib\\router\\layer.js:95:5)\n    at next (C:\\Users\\Oscar\\OneDrive\\Documentos\\MyGasolineraBBDD\\MyGasolineraBackEnd\\node_modules\\express\\lib\\router\\route.js:149:13)\n    at Route.dispatch (C:\\Users\\Oscar\\OneDrive\\Documentos\\MyGasolineraBBDD\\MyGasolineraBackEnd\\node_modules\\express\\lib\\router\\route.js:119:3)\n    at Layer.handle [as handle_request] (C:\\Users\\Oscar\\OneDrive\\Documentos\\MyGasolineraBBDD\\MyGasolineraBackEnd\\node_modules\\express\\lib\\router\\layer.js:95:5)\n    at C:\\Users\\Oscar\\OneDrive\\Documentos\\MyGasolineraBBDD\\MyGasolineraBackEnd\\node_modules\\express\\lib\\router\\index.js:284:15\n    at router.process_params (C:\\Users\\Oscar\\OneDrive\\Documentos\\MyGasolineraBBDD\\MyGasolineraBackEnd\\node_modules\\express\\lib\\router\\index.js:346:12)\n    at next (C:\\Users\\Oscar\\OneDrive\\Documentos\\MyGasolineraBBDD\\MyGasolineraBackEnd\\node_modules\\express\\lib\\router\\index.js:280:10)\n    at router.handle (C:\\Users\\Oscar\\OneDrive\\Documentos\\MyGasolineraBBDD\\MyGasolineraBackEnd\\node_modules\\express\\lib\\router\\index.js:175:3)"
}
[2026-02-14 14:17:20] [ERROR] Error del servidor {
  "service": "my-gasolinera-api",
  "metodo": "GET",
  "url": "/api/gasolineras?id_provincia=16",
  "status": 500,
  "duracion_ms": 2,
  "usuario_id": "anónimo",
  "ip": "127.0.0.1",
  "respuesta": {
    "success": false,
    "message": "Error interno del servidor"
  }
}
[2026-02-14 14:17:20] [ERROR] Error del servidor {
  "service": "my-gasolinera-api",
  "metodo": "GET",
  "url": "/api/gasolineras?id_provincia=16",
  "status": 500,
  "duracion_ms": 3,
  "usuario_id": "anónimo",
  "ip": "127.0.0.1",
  "respuesta": "{\"success\":false,\"message\":\"Error interno del servidor\"}"
}
[2026-02-14 14:17:20] [INFO] Petición entrante {
  "service": "my-gasolinera-api",
  "metodo": "GET",
  "url": "/api/gasolineras?id_provincia=03",
  "ip": "127.0.0.1",
  "userAgent": "Mozilla/5.0 (Windows NT 10.0; Win64; x64) AppleWebKit/537.36 (KHTML, like Gecko) Chrome/144.0.0.0 Safari/537.36",
  "body": {}
}
[2026-02-14 14:17:20] [ERROR] Error obteniendo gasolineras: {
  "service": "my-gasolinera-api",
  "error": "Unknown column 'id_provincia' in 'SELECT'",
  "stack": "Error: Unknown column 'id_provincia' in 'SELECT'\n    at PromisePool.execute (C:\\Users\\Oscar\\OneDrive\\Documentos\\MyGasolineraBBDD\\MyGasolineraBackEnd\\node_modules\\mysql2\\lib\\promise\\pool.js:54:22)\n    at exports.getGasolineras (C:\\Users\\Oscar\\OneDrive\\Documentos\\MyGasolineraBBDD\\MyGasolineraBackEnd\\controllers\\gasolinerasController.js:64:35)\n    at Layer.handle [as handle_request] (C:\\Users\\Oscar\\OneDrive\\Documentos\\MyGasolineraBBDD\\MyGasolineraBackEnd\\node_modules\\express\\lib\\router\\layer.js:95:5)\n    at next (C:\\Users\\Oscar\\OneDrive\\Documentos\\MyGasolineraBBDD\\MyGasolineraBackEnd\\node_modules\\express\\lib\\router\\route.js:149:13)\n    at Route.dispatch (C:\\Users\\Oscar\\OneDrive\\Documentos\\MyGasolineraBBDD\\MyGasolineraBackEnd\\node_modules\\express\\lib\\router\\route.js:119:3)\n    at Layer.handle [as handle_request] (C:\\Users\\Oscar\\OneDrive\\Documentos\\MyGasolineraBBDD\\MyGasolineraBackEnd\\node_modules\\express\\lib\\router\\layer.js:95:5)\n    at C:\\Users\\Oscar\\OneDrive\\Documentos\\MyGasolineraBBDD\\MyGasolineraBackEnd\\node_modules\\express\\lib\\router\\index.js:284:15\n    at router.process_params (C:\\Users\\Oscar\\OneDrive\\Documentos\\MyGasolineraBBDD\\MyGasolineraBackEnd\\node_modules\\express\\lib\\router\\index.js:346:12)\n    at next (C:\\Users\\Oscar\\OneDrive\\Documentos\\MyGasolineraBBDD\\MyGasolineraBackEnd\\node_modules\\express\\lib\\router\\index.js:280:10)\n    at router.handle (C:\\Users\\Oscar\\OneDrive\\Documentos\\MyGasolineraBBDD\\MyGasolineraBackEnd\\node_modules\\express\\lib\\router\\index.js:175:3)"
}
[2026-02-14 14:17:20] [ERROR] Error del servidor {
  "service": "my-gasolinera-api",
  "metodo": "GET",
  "url": "/api/gasolineras?id_provincia=03",
  "status": 500,
  "duracion_ms": 3,
  "usuario_id": "anónimo",
  "ip": "127.0.0.1",
  "respuesta": {
    "success": false,
    "message": "Error interno del servidor"
  }
}
[2026-02-14 14:17:20] [ERROR] Error del servidor {
  "service": "my-gasolinera-api",
  "metodo": "GET",
  "url": "/api/gasolineras?id_provincia=03",
  "status": 500,
  "duracion_ms": 3,
  "usuario_id": "anónimo",
  "ip": "127.0.0.1",
  "respuesta": "{\"success\":false,\"message\":\"Error interno del servidor\"}"
}
[2026-02-14 14:17:21] [INFO] Petición entrante {
  "service": "my-gasolinera-api",
  "metodo": "GET",
  "url": "/api/gasolineras?id_provincia=46",
  "ip": "127.0.0.1",
  "userAgent": "Mozilla/5.0 (Windows NT 10.0; Win64; x64) AppleWebKit/537.36 (KHTML, like Gecko) Chrome/144.0.0.0 Safari/537.36",
  "body": {}
}
[2026-02-14 14:17:21] [ERROR] Error obteniendo gasolineras: {
  "service": "my-gasolinera-api",
  "error": "Unknown column 'id_provincia' in 'SELECT'",
  "stack": "Error: Unknown column 'id_provincia' in 'SELECT'\n    at PromisePool.execute (C:\\Users\\Oscar\\OneDrive\\Documentos\\MyGasolineraBBDD\\MyGasolineraBackEnd\\node_modules\\mysql2\\lib\\promise\\pool.js:54:22)\n    at exports.getGasolineras (C:\\Users\\Oscar\\OneDrive\\Documentos\\MyGasolineraBBDD\\MyGasolineraBackEnd\\controllers\\gasolinerasController.js:64:35)\n    at Layer.handle [as handle_request] (C:\\Users\\Oscar\\OneDrive\\Documentos\\MyGasolineraBBDD\\MyGasolineraBackEnd\\node_modules\\express\\lib\\router\\layer.js:95:5)\n    at next (C:\\Users\\Oscar\\OneDrive\\Documentos\\MyGasolineraBBDD\\MyGasolineraBackEnd\\node_modules\\express\\lib\\router\\route.js:149:13)\n    at Route.dispatch (C:\\Users\\Oscar\\OneDrive\\Documentos\\MyGasolineraBBDD\\MyGasolineraBackEnd\\node_modules\\express\\lib\\router\\route.js:119:3)\n    at Layer.handle [as handle_request] (C:\\Users\\Oscar\\OneDrive\\Documentos\\MyGasolineraBBDD\\MyGasolineraBackEnd\\node_modules\\express\\lib\\router\\layer.js:95:5)\n    at C:\\Users\\Oscar\\OneDrive\\Documentos\\MyGasolineraBBDD\\MyGasolineraBackEnd\\node_modules\\express\\lib\\router\\index.js:284:15\n    at router.process_params (C:\\Users\\Oscar\\OneDrive\\Documentos\\MyGasolineraBBDD\\MyGasolineraBackEnd\\node_modules\\express\\lib\\router\\index.js:346:12)\n    at next (C:\\Users\\Oscar\\OneDrive\\Documentos\\MyGasolineraBBDD\\MyGasolineraBackEnd\\node_modules\\express\\lib\\router\\index.js:280:10)\n    at router.handle (C:\\Users\\Oscar\\OneDrive\\Documentos\\MyGasolineraBBDD\\MyGasolineraBackEnd\\node_modules\\express\\lib\\router\\index.js:175:3)"
}
[2026-02-14 14:17:21] [ERROR] Error del servidor {
  "service": "my-gasolinera-api",
  "metodo": "GET",
  "url": "/api/gasolineras?id_provincia=46",
  "status": 500,
  "duracion_ms": 1,
  "usuario_id": "anónimo",
  "ip": "127.0.0.1",
  "respuesta": {
    "success": false,
    "message": "Error interno del servidor"
  }
}
[2026-02-14 14:17:21] [ERROR] Error del servidor {
  "service": "my-gasolinera-api",
  "metodo": "GET",
  "url": "/api/gasolineras?id_provincia=46",
  "status": 500,
  "duracion_ms": 1,
  "usuario_id": "anónimo",
  "ip": "127.0.0.1",
  "respuesta": "{\"success\":false,\"message\":\"Error interno del servidor\"}"
}
[2026-02-14 14:17:21] [INFO] Petición entrante {
  "service": "my-gasolinera-api",
  "metodo": "GET",
  "url": "/api/gasolineras?id_provincia=12",
  "ip": "127.0.0.1",
  "userAgent": "Mozilla/5.0 (Windows NT 10.0; Win64; x64) AppleWebKit/537.36 (KHTML, like Gecko) Chrome/144.0.0.0 Safari/537.36",
  "body": {}
}
[2026-02-14 14:17:21] [ERROR] Error obteniendo gasolineras: {
  "service": "my-gasolinera-api",
  "error": "Unknown column 'id_provincia' in 'SELECT'",
  "stack": "Error: Unknown column 'id_provincia' in 'SELECT'\n    at PromisePool.execute (C:\\Users\\Oscar\\OneDrive\\Documentos\\MyGasolineraBBDD\\MyGasolineraBackEnd\\node_modules\\mysql2\\lib\\promise\\pool.js:54:22)\n    at exports.getGasolineras (C:\\Users\\Oscar\\OneDrive\\Documentos\\MyGasolineraBBDD\\MyGasolineraBackEnd\\controllers\\gasolinerasController.js:64:35)\n    at Layer.handle [as handle_request] (C:\\Users\\Oscar\\OneDrive\\Documentos\\MyGasolineraBBDD\\MyGasolineraBackEnd\\node_modules\\express\\lib\\router\\layer.js:95:5)\n    at next (C:\\Users\\Oscar\\OneDrive\\Documentos\\MyGasolineraBBDD\\MyGasolineraBackEnd\\node_modules\\express\\lib\\router\\route.js:149:13)\n    at Route.dispatch (C:\\Users\\Oscar\\OneDrive\\Documentos\\MyGasolineraBBDD\\MyGasolineraBackEnd\\node_modules\\express\\lib\\router\\route.js:119:3)\n    at Layer.handle [as handle_request] (C:\\Users\\Oscar\\OneDrive\\Documentos\\MyGasolineraBBDD\\MyGasolineraBackEnd\\node_modules\\express\\lib\\router\\layer.js:95:5)\n    at C:\\Users\\Oscar\\OneDrive\\Documentos\\MyGasolineraBBDD\\MyGasolineraBackEnd\\node_modules\\express\\lib\\router\\index.js:284:15\n    at router.process_params (C:\\Users\\Oscar\\OneDrive\\Documentos\\MyGasolineraBBDD\\MyGasolineraBackEnd\\node_modules\\express\\lib\\router\\index.js:346:12)\n    at next (C:\\Users\\Oscar\\OneDrive\\Documentos\\MyGasolineraBBDD\\MyGasolineraBackEnd\\node_modules\\express\\lib\\router\\index.js:280:10)\n    at router.handle (C:\\Users\\Oscar\\OneDrive\\Documentos\\MyGasolineraBBDD\\MyGasolineraBackEnd\\node_modules\\express\\lib\\router\\index.js:175:3)"
}
[2026-02-14 14:17:21] [ERROR] Error del servidor {
  "service": "my-gasolinera-api",
  "metodo": "GET",
  "url": "/api/gasolineras?id_provincia=12",
  "status": 500,
  "duracion_ms": 2,
  "usuario_id": "anónimo",
  "ip": "127.0.0.1",
  "respuesta": {
    "success": false,
    "message": "Error interno del servidor"
  }
}
[2026-02-14 14:17:21] [ERROR] Error del servidor {
  "service": "my-gasolinera-api",
  "metodo": "GET",
  "url": "/api/gasolineras?id_provincia=12",
  "status": 500,
  "duracion_ms": 2,
  "usuario_id": "anónimo",
  "ip": "127.0.0.1",
  "respuesta": "{\"success\":false,\"message\":\"Error interno del servidor\"}"
}
[2026-02-14 14:17:21] [INFO] Petición entrante {
  "service": "my-gasolinera-api",
  "metodo": "GET",
  "url": "/api/gasolineras?id_provincia=44",
  "ip": "127.0.0.1",
  "userAgent": "Mozilla/5.0 (Windows NT 10.0; Win64; x64) AppleWebKit/537.36 (KHTML, like Gecko) Chrome/144.0.0.0 Safari/537.36",
  "body": {}
}
[2026-02-14 14:17:21] [ERROR] Error obteniendo gasolineras: {
  "service": "my-gasolinera-api",
  "error": "Unknown column 'id_provincia' in 'SELECT'",
  "stack": "Error: Unknown column 'id_provincia' in 'SELECT'\n    at PromisePool.execute (C:\\Users\\Oscar\\OneDrive\\Documentos\\MyGasolineraBBDD\\MyGasolineraBackEnd\\node_modules\\mysql2\\lib\\promise\\pool.js:54:22)\n    at exports.getGasolineras (C:\\Users\\Oscar\\OneDrive\\Documentos\\MyGasolineraBBDD\\MyGasolineraBackEnd\\controllers\\gasolinerasController.js:64:35)\n    at Layer.handle [as handle_request] (C:\\Users\\Oscar\\OneDrive\\Documentos\\MyGasolineraBBDD\\MyGasolineraBackEnd\\node_modules\\express\\lib\\router\\layer.js:95:5)\n    at next (C:\\Users\\Oscar\\OneDrive\\Documentos\\MyGasolineraBBDD\\MyGasolineraBackEnd\\node_modules\\express\\lib\\router\\route.js:149:13)\n    at Route.dispatch (C:\\Users\\Oscar\\OneDrive\\Documentos\\MyGasolineraBBDD\\MyGasolineraBackEnd\\node_modules\\express\\lib\\router\\route.js:119:3)\n    at Layer.handle [as handle_request] (C:\\Users\\Oscar\\OneDrive\\Documentos\\MyGasolineraBBDD\\MyGasolineraBackEnd\\node_modules\\express\\lib\\router\\layer.js:95:5)\n    at C:\\Users\\Oscar\\OneDrive\\Documentos\\MyGasolineraBBDD\\MyGasolineraBackEnd\\node_modules\\express\\lib\\router\\index.js:284:15\n    at router.process_params (C:\\Users\\Oscar\\OneDrive\\Documentos\\MyGasolineraBBDD\\MyGasolineraBackEnd\\node_modules\\express\\lib\\router\\index.js:346:12)\n    at next (C:\\Users\\Oscar\\OneDrive\\Documentos\\MyGasolineraBBDD\\MyGasolineraBackEnd\\node_modules\\express\\lib\\router\\index.js:280:10)\n    at router.handle (C:\\Users\\Oscar\\OneDrive\\Documentos\\MyGasolineraBBDD\\MyGasolineraBackEnd\\node_modules\\express\\lib\\router\\index.js:175:3)"
}
[2026-02-14 14:17:21] [ERROR] Error del servidor {
  "service": "my-gasolinera-api",
  "metodo": "GET",
  "url": "/api/gasolineras?id_provincia=44",
  "status": 500,
  "duracion_ms": 2,
  "usuario_id": "anónimo",
  "ip": "127.0.0.1",
  "respuesta": {
    "success": false,
    "message": "Error interno del servidor"
  }
}
[2026-02-14 14:17:21] [ERROR] Error del servidor {
  "service": "my-gasolinera-api",
  "metodo": "GET",
  "url": "/api/gasolineras?id_provincia=44",
  "status": 500,
  "duracion_ms": 2,
  "usuario_id": "anónimo",
  "ip": "127.0.0.1",
  "respuesta": "{\"success\":false,\"message\":\"Error interno del servidor\"}"
}
[2026-02-14 14:17:21] [INFO] Petición entrante {
  "service": "my-gasolinera-api",
  "metodo": "GET",
  "url": "/api/gasolineras?id_provincia=16",
  "ip": "127.0.0.1",
  "userAgent": "Mozilla/5.0 (Windows NT 10.0; Win64; x64) AppleWebKit/537.36 (KHTML, like Gecko) Chrome/144.0.0.0 Safari/537.36",
  "body": {}
}
[2026-02-14 14:17:21] [ERROR] Error obteniendo gasolineras: {
  "service": "my-gasolinera-api",
  "error": "Unknown column 'id_provincia' in 'SELECT'",
  "stack": "Error: Unknown column 'id_provincia' in 'SELECT'\n    at PromisePool.execute (C:\\Users\\Oscar\\OneDrive\\Documentos\\MyGasolineraBBDD\\MyGasolineraBackEnd\\node_modules\\mysql2\\lib\\promise\\pool.js:54:22)\n    at exports.getGasolineras (C:\\Users\\Oscar\\OneDrive\\Documentos\\MyGasolineraBBDD\\MyGasolineraBackEnd\\controllers\\gasolinerasController.js:64:35)\n    at Layer.handle [as handle_request] (C:\\Users\\Oscar\\OneDrive\\Documentos\\MyGasolineraBBDD\\MyGasolineraBackEnd\\node_modules\\express\\lib\\router\\layer.js:95:5)\n    at next (C:\\Users\\Oscar\\OneDrive\\Documentos\\MyGasolineraBBDD\\MyGasolineraBackEnd\\node_modules\\express\\lib\\router\\route.js:149:13)\n    at Route.dispatch (C:\\Users\\Oscar\\OneDrive\\Documentos\\MyGasolineraBBDD\\MyGasolineraBackEnd\\node_modules\\express\\lib\\router\\route.js:119:3)\n    at Layer.handle [as handle_request] (C:\\Users\\Oscar\\OneDrive\\Documentos\\MyGasolineraBBDD\\MyGasolineraBackEnd\\node_modules\\express\\lib\\router\\layer.js:95:5)\n    at C:\\Users\\Oscar\\OneDrive\\Documentos\\MyGasolineraBBDD\\MyGasolineraBackEnd\\node_modules\\express\\lib\\router\\index.js:284:15\n    at router.process_params (C:\\Users\\Oscar\\OneDrive\\Documentos\\MyGasolineraBBDD\\MyGasolineraBackEnd\\node_modules\\express\\lib\\router\\index.js:346:12)\n    at next (C:\\Users\\Oscar\\OneDrive\\Documentos\\MyGasolineraBBDD\\MyGasolineraBackEnd\\node_modules\\express\\lib\\router\\index.js:280:10)\n    at router.handle (C:\\Users\\Oscar\\OneDrive\\Documentos\\MyGasolineraBBDD\\MyGasolineraBackEnd\\node_modules\\express\\lib\\router\\index.js:175:3)"
}
[2026-02-14 14:17:21] [ERROR] Error del servidor {
  "service": "my-gasolinera-api",
  "metodo": "GET",
  "url": "/api/gasolineras?id_provincia=16",
  "status": 500,
  "duracion_ms": 2,
  "usuario_id": "anónimo",
  "ip": "127.0.0.1",
  "respuesta": {
    "success": false,
    "message": "Error interno del servidor"
  }
}
[2026-02-14 14:17:21] [ERROR] Error del servidor {
  "service": "my-gasolinera-api",
  "metodo": "GET",
  "url": "/api/gasolineras?id_provincia=16",
  "status": 500,
  "duracion_ms": 3,
  "usuario_id": "anónimo",
  "ip": "127.0.0.1",
  "respuesta": "{\"success\":false,\"message\":\"Error interno del servidor\"}"
}
[2026-02-14 14:17:21] [INFO] Petición entrante {
  "service": "my-gasolinera-api",
  "metodo": "GET",
  "url": "/api/gasolineras?id_provincia=03",
  "ip": "127.0.0.1",
  "userAgent": "Mozilla/5.0 (Windows NT 10.0; Win64; x64) AppleWebKit/537.36 (KHTML, like Gecko) Chrome/144.0.0.0 Safari/537.36",
  "body": {}
}
[2026-02-14 14:17:21] [ERROR] Error obteniendo gasolineras: {
  "service": "my-gasolinera-api",
  "error": "Unknown column 'id_provincia' in 'SELECT'",
  "stack": "Error: Unknown column 'id_provincia' in 'SELECT'\n    at PromisePool.execute (C:\\Users\\Oscar\\OneDrive\\Documentos\\MyGasolineraBBDD\\MyGasolineraBackEnd\\node_modules\\mysql2\\lib\\promise\\pool.js:54:22)\n    at exports.getGasolineras (C:\\Users\\Oscar\\OneDrive\\Documentos\\MyGasolineraBBDD\\MyGasolineraBackEnd\\controllers\\gasolinerasController.js:64:35)\n    at Layer.handle [as handle_request] (C:\\Users\\Oscar\\OneDrive\\Documentos\\MyGasolineraBBDD\\MyGasolineraBackEnd\\node_modules\\express\\lib\\router\\layer.js:95:5)\n    at next (C:\\Users\\Oscar\\OneDrive\\Documentos\\MyGasolineraBBDD\\MyGasolineraBackEnd\\node_modules\\express\\lib\\router\\route.js:149:13)\n    at Route.dispatch (C:\\Users\\Oscar\\OneDrive\\Documentos\\MyGasolineraBBDD\\MyGasolineraBackEnd\\node_modules\\express\\lib\\router\\route.js:119:3)\n    at Layer.handle [as handle_request] (C:\\Users\\Oscar\\OneDrive\\Documentos\\MyGasolineraBBDD\\MyGasolineraBackEnd\\node_modules\\express\\lib\\router\\layer.js:95:5)\n    at C:\\Users\\Oscar\\OneDrive\\Documentos\\MyGasolineraBBDD\\MyGasolineraBackEnd\\node_modules\\express\\lib\\router\\index.js:284:15\n    at router.process_params (C:\\Users\\Oscar\\OneDrive\\Documentos\\MyGasolineraBBDD\\MyGasolineraBackEnd\\node_modules\\express\\lib\\router\\index.js:346:12)\n    at next (C:\\Users\\Oscar\\OneDrive\\Documentos\\MyGasolineraBBDD\\MyGasolineraBackEnd\\node_modules\\express\\lib\\router\\index.js:280:10)\n    at router.handle (C:\\Users\\Oscar\\OneDrive\\Documentos\\MyGasolineraBBDD\\MyGasolineraBackEnd\\node_modules\\express\\lib\\router\\index.js:175:3)"
}
[2026-02-14 14:17:21] [ERROR] Error del servidor {
  "service": "my-gasolinera-api",
  "metodo": "GET",
  "url": "/api/gasolineras?id_provincia=03",
  "status": 500,
  "duracion_ms": 2,
  "usuario_id": "anónimo",
  "ip": "127.0.0.1",
  "respuesta": {
    "success": false,
    "message": "Error interno del servidor"
  }
}
[2026-02-14 14:17:21] [ERROR] Error del servidor {
  "service": "my-gasolinera-api",
  "metodo": "GET",
  "url": "/api/gasolineras?id_provincia=03",
  "status": 500,
  "duracion_ms": 3,
  "usuario_id": "anónimo",
  "ip": "127.0.0.1",
  "respuesta": "{\"success\":false,\"message\":\"Error interno del servidor\"}"
}
[2026-02-14 14:17:24] [INFO] Petición entrante {
  "service": "my-gasolinera-api",
  "metodo": "GET",
  "url": "/api/gasolineras?id_provincia=46",
  "ip": "127.0.0.1",
  "userAgent": "Mozilla/5.0 (Windows NT 10.0; Win64; x64) AppleWebKit/537.36 (KHTML, like Gecko) Chrome/144.0.0.0 Safari/537.36",
  "body": {}
}
[2026-02-14 14:17:24] [ERROR] Error obteniendo gasolineras: {
  "service": "my-gasolinera-api",
  "error": "Unknown column 'id_provincia' in 'SELECT'",
  "stack": "Error: Unknown column 'id_provincia' in 'SELECT'\n    at PromisePool.execute (C:\\Users\\Oscar\\OneDrive\\Documentos\\MyGasolineraBBDD\\MyGasolineraBackEnd\\node_modules\\mysql2\\lib\\promise\\pool.js:54:22)\n    at exports.getGasolineras (C:\\Users\\Oscar\\OneDrive\\Documentos\\MyGasolineraBBDD\\MyGasolineraBackEnd\\controllers\\gasolinerasController.js:64:35)\n    at Layer.handle [as handle_request] (C:\\Users\\Oscar\\OneDrive\\Documentos\\MyGasolineraBBDD\\MyGasolineraBackEnd\\node_modules\\express\\lib\\router\\layer.js:95:5)\n    at next (C:\\Users\\Oscar\\OneDrive\\Documentos\\MyGasolineraBBDD\\MyGasolineraBackEnd\\node_modules\\express\\lib\\router\\route.js:149:13)\n    at Route.dispatch (C:\\Users\\Oscar\\OneDrive\\Documentos\\MyGasolineraBBDD\\MyGasolineraBackEnd\\node_modules\\express\\lib\\router\\route.js:119:3)\n    at Layer.handle [as handle_request] (C:\\Users\\Oscar\\OneDrive\\Documentos\\MyGasolineraBBDD\\MyGasolineraBackEnd\\node_modules\\express\\lib\\router\\layer.js:95:5)\n    at C:\\Users\\Oscar\\OneDrive\\Documentos\\MyGasolineraBBDD\\MyGasolineraBackEnd\\node_modules\\express\\lib\\router\\index.js:284:15\n    at router.process_params (C:\\Users\\Oscar\\OneDrive\\Documentos\\MyGasolineraBBDD\\MyGasolineraBackEnd\\node_modules\\express\\lib\\router\\index.js:346:12)\n    at next (C:\\Users\\Oscar\\OneDrive\\Documentos\\MyGasolineraBBDD\\MyGasolineraBackEnd\\node_modules\\express\\lib\\router\\index.js:280:10)\n    at router.handle (C:\\Users\\Oscar\\OneDrive\\Documentos\\MyGasolineraBBDD\\MyGasolineraBackEnd\\node_modules\\express\\lib\\router\\index.js:175:3)"
}
[2026-02-14 14:17:24] [ERROR] Error del servidor {
  "service": "my-gasolinera-api",
  "metodo": "GET",
  "url": "/api/gasolineras?id_provincia=46",
  "status": 500,
  "duracion_ms": 2,
  "usuario_id": "anónimo",
  "ip": "127.0.0.1",
  "respuesta": {
    "success": false,
    "message": "Error interno del servidor"
  }
}
[2026-02-14 14:17:24] [ERROR] Error del servidor {
  "service": "my-gasolinera-api",
  "metodo": "GET",
  "url": "/api/gasolineras?id_provincia=46",
  "status": 500,
  "duracion_ms": 3,
  "usuario_id": "anónimo",
  "ip": "127.0.0.1",
  "respuesta": "{\"success\":false,\"message\":\"Error interno del servidor\"}"
}
[2026-02-14 14:17:24] [INFO] Petición entrante {
  "service": "my-gasolinera-api",
  "metodo": "GET",
  "url": "/api/gasolineras?id_provincia=12",
  "ip": "127.0.0.1",
  "userAgent": "Mozilla/5.0 (Windows NT 10.0; Win64; x64) AppleWebKit/537.36 (KHTML, like Gecko) Chrome/144.0.0.0 Safari/537.36",
  "body": {}
}
[2026-02-14 14:17:24] [ERROR] Error obteniendo gasolineras: {
  "service": "my-gasolinera-api",
  "error": "Unknown column 'id_provincia' in 'SELECT'",
  "stack": "Error: Unknown column 'id_provincia' in 'SELECT'\n    at PromisePool.execute (C:\\Users\\Oscar\\OneDrive\\Documentos\\MyGasolineraBBDD\\MyGasolineraBackEnd\\node_modules\\mysql2\\lib\\promise\\pool.js:54:22)\n    at exports.getGasolineras (C:\\Users\\Oscar\\OneDrive\\Documentos\\MyGasolineraBBDD\\MyGasolineraBackEnd\\controllers\\gasolinerasController.js:64:35)\n    at Layer.handle [as handle_request] (C:\\Users\\Oscar\\OneDrive\\Documentos\\MyGasolineraBBDD\\MyGasolineraBackEnd\\node_modules\\express\\lib\\router\\layer.js:95:5)\n    at next (C:\\Users\\Oscar\\OneDrive\\Documentos\\MyGasolineraBBDD\\MyGasolineraBackEnd\\node_modules\\express\\lib\\router\\route.js:149:13)\n    at Route.dispatch (C:\\Users\\Oscar\\OneDrive\\Documentos\\MyGasolineraBBDD\\MyGasolineraBackEnd\\node_modules\\express\\lib\\router\\route.js:119:3)\n    at Layer.handle [as handle_request] (C:\\Users\\Oscar\\OneDrive\\Documentos\\MyGasolineraBBDD\\MyGasolineraBackEnd\\node_modules\\express\\lib\\router\\layer.js:95:5)\n    at C:\\Users\\Oscar\\OneDrive\\Documentos\\MyGasolineraBBDD\\MyGasolineraBackEnd\\node_modules\\express\\lib\\router\\index.js:284:15\n    at router.process_params (C:\\Users\\Oscar\\OneDrive\\Documentos\\MyGasolineraBBDD\\MyGasolineraBackEnd\\node_modules\\express\\lib\\router\\index.js:346:12)\n    at next (C:\\Users\\Oscar\\OneDrive\\Documentos\\MyGasolineraBBDD\\MyGasolineraBackEnd\\node_modules\\express\\lib\\router\\index.js:280:10)\n    at router.handle (C:\\Users\\Oscar\\OneDrive\\Documentos\\MyGasolineraBBDD\\MyGasolineraBackEnd\\node_modules\\express\\lib\\router\\index.js:175:3)"
}
[2026-02-14 14:17:24] [ERROR] Error del servidor {
  "service": "my-gasolinera-api",
  "metodo": "GET",
  "url": "/api/gasolineras?id_provincia=12",
  "status": 500,
  "duracion_ms": 1,
  "usuario_id": "anónimo",
  "ip": "127.0.0.1",
  "respuesta": {
    "success": false,
    "message": "Error interno del servidor"
  }
}
[2026-02-14 14:17:24] [ERROR] Error del servidor {
  "service": "my-gasolinera-api",
  "metodo": "GET",
  "url": "/api/gasolineras?id_provincia=12",
  "status": 500,
  "duracion_ms": 2,
  "usuario_id": "anónimo",
  "ip": "127.0.0.1",
  "respuesta": "{\"success\":false,\"message\":\"Error interno del servidor\"}"
}
[2026-02-14 14:17:24] [INFO] Petición entrante {
  "service": "my-gasolinera-api",
  "metodo": "GET",
  "url": "/api/gasolineras?id_provincia=44",
  "ip": "127.0.0.1",
  "userAgent": "Mozilla/5.0 (Windows NT 10.0; Win64; x64) AppleWebKit/537.36 (KHTML, like Gecko) Chrome/144.0.0.0 Safari/537.36",
  "body": {}
}
[2026-02-14 14:17:24] [ERROR] Error obteniendo gasolineras: {
  "service": "my-gasolinera-api",
  "error": "Unknown column 'id_provincia' in 'SELECT'",
  "stack": "Error: Unknown column 'id_provincia' in 'SELECT'\n    at PromisePool.execute (C:\\Users\\Oscar\\OneDrive\\Documentos\\MyGasolineraBBDD\\MyGasolineraBackEnd\\node_modules\\mysql2\\lib\\promise\\pool.js:54:22)\n    at exports.getGasolineras (C:\\Users\\Oscar\\OneDrive\\Documentos\\MyGasolineraBBDD\\MyGasolineraBackEnd\\controllers\\gasolinerasController.js:64:35)\n    at Layer.handle [as handle_request] (C:\\Users\\Oscar\\OneDrive\\Documentos\\MyGasolineraBBDD\\MyGasolineraBackEnd\\node_modules\\express\\lib\\router\\layer.js:95:5)\n    at next (C:\\Users\\Oscar\\OneDrive\\Documentos\\MyGasolineraBBDD\\MyGasolineraBackEnd\\node_modules\\express\\lib\\router\\route.js:149:13)\n    at Route.dispatch (C:\\Users\\Oscar\\OneDrive\\Documentos\\MyGasolineraBBDD\\MyGasolineraBackEnd\\node_modules\\express\\lib\\router\\route.js:119:3)\n    at Layer.handle [as handle_request] (C:\\Users\\Oscar\\OneDrive\\Documentos\\MyGasolineraBBDD\\MyGasolineraBackEnd\\node_modules\\express\\lib\\router\\layer.js:95:5)\n    at C:\\Users\\Oscar\\OneDrive\\Documentos\\MyGasolineraBBDD\\MyGasolineraBackEnd\\node_modules\\express\\lib\\router\\index.js:284:15\n    at router.process_params (C:\\Users\\Oscar\\OneDrive\\Documentos\\MyGasolineraBBDD\\MyGasolineraBackEnd\\node_modules\\express\\lib\\router\\index.js:346:12)\n    at next (C:\\Users\\Oscar\\OneDrive\\Documentos\\MyGasolineraBBDD\\MyGasolineraBackEnd\\node_modules\\express\\lib\\router\\index.js:280:10)\n    at router.handle (C:\\Users\\Oscar\\OneDrive\\Documentos\\MyGasolineraBBDD\\MyGasolineraBackEnd\\node_modules\\express\\lib\\router\\index.js:175:3)"
}
[2026-02-14 14:17:24] [ERROR] Error del servidor {
  "service": "my-gasolinera-api",
  "metodo": "GET",
  "url": "/api/gasolineras?id_provincia=44",
  "status": 500,
  "duracion_ms": 2,
  "usuario_id": "anónimo",
  "ip": "127.0.0.1",
  "respuesta": {
    "success": false,
    "message": "Error interno del servidor"
  }
}
[2026-02-14 14:17:24] [ERROR] Error del servidor {
  "service": "my-gasolinera-api",
  "metodo": "GET",
  "url": "/api/gasolineras?id_provincia=44",
  "status": 500,
  "duracion_ms": 2,
  "usuario_id": "anónimo",
  "ip": "127.0.0.1",
  "respuesta": "{\"success\":false,\"message\":\"Error interno del servidor\"}"
}
[2026-02-14 14:17:24] [INFO] Petición entrante {
  "service": "my-gasolinera-api",
  "metodo": "GET",
  "url": "/api/gasolineras?id_provincia=16",
  "ip": "127.0.0.1",
  "userAgent": "Mozilla/5.0 (Windows NT 10.0; Win64; x64) AppleWebKit/537.36 (KHTML, like Gecko) Chrome/144.0.0.0 Safari/537.36",
  "body": {}
}
[2026-02-14 14:17:24] [ERROR] Error obteniendo gasolineras: {
  "service": "my-gasolinera-api",
  "error": "Unknown column 'id_provincia' in 'SELECT'",
  "stack": "Error: Unknown column 'id_provincia' in 'SELECT'\n    at PromisePool.execute (C:\\Users\\Oscar\\OneDrive\\Documentos\\MyGasolineraBBDD\\MyGasolineraBackEnd\\node_modules\\mysql2\\lib\\promise\\pool.js:54:22)\n    at exports.getGasolineras (C:\\Users\\Oscar\\OneDrive\\Documentos\\MyGasolineraBBDD\\MyGasolineraBackEnd\\controllers\\gasolinerasController.js:64:35)\n    at Layer.handle [as handle_request] (C:\\Users\\Oscar\\OneDrive\\Documentos\\MyGasolineraBBDD\\MyGasolineraBackEnd\\node_modules\\express\\lib\\router\\layer.js:95:5)\n    at next (C:\\Users\\Oscar\\OneDrive\\Documentos\\MyGasolineraBBDD\\MyGasolineraBackEnd\\node_modules\\express\\lib\\router\\route.js:149:13)\n    at Route.dispatch (C:\\Users\\Oscar\\OneDrive\\Documentos\\MyGasolineraBBDD\\MyGasolineraBackEnd\\node_modules\\express\\lib\\router\\route.js:119:3)\n    at Layer.handle [as handle_request] (C:\\Users\\Oscar\\OneDrive\\Documentos\\MyGasolineraBBDD\\MyGasolineraBackEnd\\node_modules\\express\\lib\\router\\layer.js:95:5)\n    at C:\\Users\\Oscar\\OneDrive\\Documentos\\MyGasolineraBBDD\\MyGasolineraBackEnd\\node_modules\\express\\lib\\router\\index.js:284:15\n    at router.process_params (C:\\Users\\Oscar\\OneDrive\\Documentos\\MyGasolineraBBDD\\MyGasolineraBackEnd\\node_modules\\express\\lib\\router\\index.js:346:12)\n    at next (C:\\Users\\Oscar\\OneDrive\\Documentos\\MyGasolineraBBDD\\MyGasolineraBackEnd\\node_modules\\express\\lib\\router\\index.js:280:10)\n    at router.handle (C:\\Users\\Oscar\\OneDrive\\Documentos\\MyGasolineraBBDD\\MyGasolineraBackEnd\\node_modules\\express\\lib\\router\\index.js:175:3)"
}
[2026-02-14 14:17:24] [ERROR] Error del servidor {
  "service": "my-gasolinera-api",
  "metodo": "GET",
  "url": "/api/gasolineras?id_provincia=16",
  "status": 500,
  "duracion_ms": 3,
  "usuario_id": "anónimo",
  "ip": "127.0.0.1",
  "respuesta": {
    "success": false,
    "message": "Error interno del servidor"
  }
}
[2026-02-14 14:17:24] [ERROR] Error del servidor {
  "service": "my-gasolinera-api",
  "metodo": "GET",
  "url": "/api/gasolineras?id_provincia=16",
  "status": 500,
  "duracion_ms": 3,
  "usuario_id": "anónimo",
  "ip": "127.0.0.1",
  "respuesta": "{\"success\":false,\"message\":\"Error interno del servidor\"}"
}
[2026-02-14 14:17:24] [INFO] Petición entrante {
  "service": "my-gasolinera-api",
  "metodo": "GET",
  "url": "/api/gasolineras?id_provincia=03",
  "ip": "127.0.0.1",
  "userAgent": "Mozilla/5.0 (Windows NT 10.0; Win64; x64) AppleWebKit/537.36 (KHTML, like Gecko) Chrome/144.0.0.0 Safari/537.36",
  "body": {}
}
[2026-02-14 14:17:24] [ERROR] Error obteniendo gasolineras: {
  "service": "my-gasolinera-api",
  "error": "Unknown column 'id_provincia' in 'SELECT'",
  "stack": "Error: Unknown column 'id_provincia' in 'SELECT'\n    at PromisePool.execute (C:\\Users\\Oscar\\OneDrive\\Documentos\\MyGasolineraBBDD\\MyGasolineraBackEnd\\node_modules\\mysql2\\lib\\promise\\pool.js:54:22)\n    at exports.getGasolineras (C:\\Users\\Oscar\\OneDrive\\Documentos\\MyGasolineraBBDD\\MyGasolineraBackEnd\\controllers\\gasolinerasController.js:64:35)\n    at Layer.handle [as handle_request] (C:\\Users\\Oscar\\OneDrive\\Documentos\\MyGasolineraBBDD\\MyGasolineraBackEnd\\node_modules\\express\\lib\\router\\layer.js:95:5)\n    at next (C:\\Users\\Oscar\\OneDrive\\Documentos\\MyGasolineraBBDD\\MyGasolineraBackEnd\\node_modules\\express\\lib\\router\\route.js:149:13)\n    at Route.dispatch (C:\\Users\\Oscar\\OneDrive\\Documentos\\MyGasolineraBBDD\\MyGasolineraBackEnd\\node_modules\\express\\lib\\router\\route.js:119:3)\n    at Layer.handle [as handle_request] (C:\\Users\\Oscar\\OneDrive\\Documentos\\MyGasolineraBBDD\\MyGasolineraBackEnd\\node_modules\\express\\lib\\router\\layer.js:95:5)\n    at C:\\Users\\Oscar\\OneDrive\\Documentos\\MyGasolineraBBDD\\MyGasolineraBackEnd\\node_modules\\express\\lib\\router\\index.js:284:15\n    at router.process_params (C:\\Users\\Oscar\\OneDrive\\Documentos\\MyGasolineraBBDD\\MyGasolineraBackEnd\\node_modules\\express\\lib\\router\\index.js:346:12)\n    at next (C:\\Users\\Oscar\\OneDrive\\Documentos\\MyGasolineraBBDD\\MyGasolineraBackEnd\\node_modules\\express\\lib\\router\\index.js:280:10)\n    at router.handle (C:\\Users\\Oscar\\OneDrive\\Documentos\\MyGasolineraBBDD\\MyGasolineraBackEnd\\node_modules\\express\\lib\\router\\index.js:175:3)"
}
[2026-02-14 14:17:24] [ERROR] Error del servidor {
  "service": "my-gasolinera-api",
  "metodo": "GET",
  "url": "/api/gasolineras?id_provincia=03",
  "status": 500,
  "duracion_ms": 3,
  "usuario_id": "anónimo",
  "ip": "127.0.0.1",
  "respuesta": {
    "success": false,
    "message": "Error interno del servidor"
  }
}
[2026-02-14 14:17:24] [ERROR] Error del servidor {
  "service": "my-gasolinera-api",
  "metodo": "GET",
  "url": "/api/gasolineras?id_provincia=03",
  "status": 500,
  "duracion_ms": 3,
  "usuario_id": "anónimo",
  "ip": "127.0.0.1",
  "respuesta": "{\"success\":false,\"message\":\"Error interno del servidor\"}"
}
[2026-02-14 14:17:25] [INFO] Petición entrante {
  "service": "my-gasolinera-api",
  "metodo": "GET",
  "url": "/api/gasolineras?id_provincia=46",
  "ip": "127.0.0.1",
  "userAgent": "Mozilla/5.0 (Windows NT 10.0; Win64; x64) AppleWebKit/537.36 (KHTML, like Gecko) Chrome/144.0.0.0 Safari/537.36",
  "body": {}
}
[2026-02-14 14:17:25] [ERROR] Error obteniendo gasolineras: {
  "service": "my-gasolinera-api",
  "error": "Unknown column 'id_provincia' in 'SELECT'",
  "stack": "Error: Unknown column 'id_provincia' in 'SELECT'\n    at PromisePool.execute (C:\\Users\\Oscar\\OneDrive\\Documentos\\MyGasolineraBBDD\\MyGasolineraBackEnd\\node_modules\\mysql2\\lib\\promise\\pool.js:54:22)\n    at exports.getGasolineras (C:\\Users\\Oscar\\OneDrive\\Documentos\\MyGasolineraBBDD\\MyGasolineraBackEnd\\controllers\\gasolinerasController.js:64:35)\n    at Layer.handle [as handle_request] (C:\\Users\\Oscar\\OneDrive\\Documentos\\MyGasolineraBBDD\\MyGasolineraBackEnd\\node_modules\\express\\lib\\router\\layer.js:95:5)\n    at next (C:\\Users\\Oscar\\OneDrive\\Documentos\\MyGasolineraBBDD\\MyGasolineraBackEnd\\node_modules\\express\\lib\\router\\route.js:149:13)\n    at Route.dispatch (C:\\Users\\Oscar\\OneDrive\\Documentos\\MyGasolineraBBDD\\MyGasolineraBackEnd\\node_modules\\express\\lib\\router\\route.js:119:3)\n    at Layer.handle [as handle_request] (C:\\Users\\Oscar\\OneDrive\\Documentos\\MyGasolineraBBDD\\MyGasolineraBackEnd\\node_modules\\express\\lib\\router\\layer.js:95:5)\n    at C:\\Users\\Oscar\\OneDrive\\Documentos\\MyGasolineraBBDD\\MyGasolineraBackEnd\\node_modules\\express\\lib\\router\\index.js:284:15\n    at router.process_params (C:\\Users\\Oscar\\OneDrive\\Documentos\\MyGasolineraBBDD\\MyGasolineraBackEnd\\node_modules\\express\\lib\\router\\index.js:346:12)\n    at next (C:\\Users\\Oscar\\OneDrive\\Documentos\\MyGasolineraBBDD\\MyGasolineraBackEnd\\node_modules\\express\\lib\\router\\index.js:280:10)\n    at router.handle (C:\\Users\\Oscar\\OneDrive\\Documentos\\MyGasolineraBBDD\\MyGasolineraBackEnd\\node_modules\\express\\lib\\router\\index.js:175:3)"
}
[2026-02-14 14:17:25] [ERROR] Error del servidor {
  "service": "my-gasolinera-api",
  "metodo": "GET",
  "url": "/api/gasolineras?id_provincia=46",
  "status": 500,
  "duracion_ms": 2,
  "usuario_id": "anónimo",
  "ip": "127.0.0.1",
  "respuesta": {
    "success": false,
    "message": "Error interno del servidor"
  }
}
[2026-02-14 14:17:25] [ERROR] Error del servidor {
  "service": "my-gasolinera-api",
  "metodo": "GET",
  "url": "/api/gasolineras?id_provincia=46",
  "status": 500,
  "duracion_ms": 2,
  "usuario_id": "anónimo",
  "ip": "127.0.0.1",
  "respuesta": "{\"success\":false,\"message\":\"Error interno del servidor\"}"
}
[2026-02-14 14:17:25] [INFO] Petición entrante {
  "service": "my-gasolinera-api",
  "metodo": "GET",
  "url": "/api/gasolineras?id_provincia=12",
  "ip": "127.0.0.1",
  "userAgent": "Mozilla/5.0 (Windows NT 10.0; Win64; x64) AppleWebKit/537.36 (KHTML, like Gecko) Chrome/144.0.0.0 Safari/537.36",
  "body": {}
}
[2026-02-14 14:17:25] [ERROR] Error obteniendo gasolineras: {
  "service": "my-gasolinera-api",
  "error": "Unknown column 'id_provincia' in 'SELECT'",
  "stack": "Error: Unknown column 'id_provincia' in 'SELECT'\n    at PromisePool.execute (C:\\Users\\Oscar\\OneDrive\\Documentos\\MyGasolineraBBDD\\MyGasolineraBackEnd\\node_modules\\mysql2\\lib\\promise\\pool.js:54:22)\n    at exports.getGasolineras (C:\\Users\\Oscar\\OneDrive\\Documentos\\MyGasolineraBBDD\\MyGasolineraBackEnd\\controllers\\gasolinerasController.js:64:35)\n    at Layer.handle [as handle_request] (C:\\Users\\Oscar\\OneDrive\\Documentos\\MyGasolineraBBDD\\MyGasolineraBackEnd\\node_modules\\express\\lib\\router\\layer.js:95:5)\n    at next (C:\\Users\\Oscar\\OneDrive\\Documentos\\MyGasolineraBBDD\\MyGasolineraBackEnd\\node_modules\\express\\lib\\router\\route.js:149:13)\n    at Route.dispatch (C:\\Users\\Oscar\\OneDrive\\Documentos\\MyGasolineraBBDD\\MyGasolineraBackEnd\\node_modules\\express\\lib\\router\\route.js:119:3)\n    at Layer.handle [as handle_request] (C:\\Users\\Oscar\\OneDrive\\Documentos\\MyGasolineraBBDD\\MyGasolineraBackEnd\\node_modules\\express\\lib\\router\\layer.js:95:5)\n    at C:\\Users\\Oscar\\OneDrive\\Documentos\\MyGasolineraBBDD\\MyGasolineraBackEnd\\node_modules\\express\\lib\\router\\index.js:284:15\n    at router.process_params (C:\\Users\\Oscar\\OneDrive\\Documentos\\MyGasolineraBBDD\\MyGasolineraBackEnd\\node_modules\\express\\lib\\router\\index.js:346:12)\n    at next (C:\\Users\\Oscar\\OneDrive\\Documentos\\MyGasolineraBBDD\\MyGasolineraBackEnd\\node_modules\\express\\lib\\router\\index.js:280:10)\n    at router.handle (C:\\Users\\Oscar\\OneDrive\\Documentos\\MyGasolineraBBDD\\MyGasolineraBackEnd\\node_modules\\express\\lib\\router\\index.js:175:3)"
}
[2026-02-14 14:17:25] [ERROR] Error del servidor {
  "service": "my-gasolinera-api",
  "metodo": "GET",
  "url": "/api/gasolineras?id_provincia=12",
  "status": 500,
  "duracion_ms": 2,
  "usuario_id": "anónimo",
  "ip": "127.0.0.1",
  "respuesta": {
    "success": false,
    "message": "Error interno del servidor"
  }
}
[2026-02-14 14:17:25] [ERROR] Error del servidor {
  "service": "my-gasolinera-api",
  "metodo": "GET",
  "url": "/api/gasolineras?id_provincia=12",
  "status": 500,
  "duracion_ms": 2,
  "usuario_id": "anónimo",
  "ip": "127.0.0.1",
  "respuesta": "{\"success\":false,\"message\":\"Error interno del servidor\"}"
}
[2026-02-14 14:17:25] [INFO] Petición entrante {
  "service": "my-gasolinera-api",
  "metodo": "GET",
  "url": "/api/gasolineras?id_provincia=44",
  "ip": "127.0.0.1",
  "userAgent": "Mozilla/5.0 (Windows NT 10.0; Win64; x64) AppleWebKit/537.36 (KHTML, like Gecko) Chrome/144.0.0.0 Safari/537.36",
  "body": {}
}
[2026-02-14 14:17:25] [ERROR] Error obteniendo gasolineras: {
  "service": "my-gasolinera-api",
  "error": "Unknown column 'id_provincia' in 'SELECT'",
  "stack": "Error: Unknown column 'id_provincia' in 'SELECT'\n    at PromisePool.execute (C:\\Users\\Oscar\\OneDrive\\Documentos\\MyGasolineraBBDD\\MyGasolineraBackEnd\\node_modules\\mysql2\\lib\\promise\\pool.js:54:22)\n    at exports.getGasolineras (C:\\Users\\Oscar\\OneDrive\\Documentos\\MyGasolineraBBDD\\MyGasolineraBackEnd\\controllers\\gasolinerasController.js:64:35)\n    at Layer.handle [as handle_request] (C:\\Users\\Oscar\\OneDrive\\Documentos\\MyGasolineraBBDD\\MyGasolineraBackEnd\\node_modules\\express\\lib\\router\\layer.js:95:5)\n    at next (C:\\Users\\Oscar\\OneDrive\\Documentos\\MyGasolineraBBDD\\MyGasolineraBackEnd\\node_modules\\express\\lib\\router\\route.js:149:13)\n    at Route.dispatch (C:\\Users\\Oscar\\OneDrive\\Documentos\\MyGasolineraBBDD\\MyGasolineraBackEnd\\node_modules\\express\\lib\\router\\route.js:119:3)\n    at Layer.handle [as handle_request] (C:\\Users\\Oscar\\OneDrive\\Documentos\\MyGasolineraBBDD\\MyGasolineraBackEnd\\node_modules\\express\\lib\\router\\layer.js:95:5)\n    at C:\\Users\\Oscar\\OneDrive\\Documentos\\MyGasolineraBBDD\\MyGasolineraBackEnd\\node_modules\\express\\lib\\router\\index.js:284:15\n    at router.process_params (C:\\Users\\Oscar\\OneDrive\\Documentos\\MyGasolineraBBDD\\MyGasolineraBackEnd\\node_modules\\express\\lib\\router\\index.js:346:12)\n    at next (C:\\Users\\Oscar\\OneDrive\\Documentos\\MyGasolineraBBDD\\MyGasolineraBackEnd\\node_modules\\express\\lib\\router\\index.js:280:10)\n    at router.handle (C:\\Users\\Oscar\\OneDrive\\Documentos\\MyGasolineraBBDD\\MyGasolineraBackEnd\\node_modules\\express\\lib\\router\\index.js:175:3)"
}
[2026-02-14 14:17:25] [ERROR] Error del servidor {
  "service": "my-gasolinera-api",
  "metodo": "GET",
  "url": "/api/gasolineras?id_provincia=44",
  "status": 500,
  "duracion_ms": 1,
  "usuario_id": "anónimo",
  "ip": "127.0.0.1",
  "respuesta": {
    "success": false,
    "message": "Error interno del servidor"
  }
}
[2026-02-14 14:17:25] [ERROR] Error del servidor {
  "service": "my-gasolinera-api",
  "metodo": "GET",
  "url": "/api/gasolineras?id_provincia=44",
  "status": 500,
  "duracion_ms": 1,
  "usuario_id": "anónimo",
  "ip": "127.0.0.1",
  "respuesta": "{\"success\":false,\"message\":\"Error interno del servidor\"}"
}
[2026-02-14 14:17:25] [INFO] Petición entrante {
  "service": "my-gasolinera-api",
  "metodo": "GET",
  "url": "/api/gasolineras?id_provincia=16",
  "ip": "127.0.0.1",
  "userAgent": "Mozilla/5.0 (Windows NT 10.0; Win64; x64) AppleWebKit/537.36 (KHTML, like Gecko) Chrome/144.0.0.0 Safari/537.36",
  "body": {}
}
[2026-02-14 14:17:25] [ERROR] Error obteniendo gasolineras: {
  "service": "my-gasolinera-api",
  "error": "Unknown column 'id_provincia' in 'SELECT'",
  "stack": "Error: Unknown column 'id_provincia' in 'SELECT'\n    at PromisePool.execute (C:\\Users\\Oscar\\OneDrive\\Documentos\\MyGasolineraBBDD\\MyGasolineraBackEnd\\node_modules\\mysql2\\lib\\promise\\pool.js:54:22)\n    at exports.getGasolineras (C:\\Users\\Oscar\\OneDrive\\Documentos\\MyGasolineraBBDD\\MyGasolineraBackEnd\\controllers\\gasolinerasController.js:64:35)\n    at Layer.handle [as handle_request] (C:\\Users\\Oscar\\OneDrive\\Documentos\\MyGasolineraBBDD\\MyGasolineraBackEnd\\node_modules\\express\\lib\\router\\layer.js:95:5)\n    at next (C:\\Users\\Oscar\\OneDrive\\Documentos\\MyGasolineraBBDD\\MyGasolineraBackEnd\\node_modules\\express\\lib\\router\\route.js:149:13)\n    at Route.dispatch (C:\\Users\\Oscar\\OneDrive\\Documentos\\MyGasolineraBBDD\\MyGasolineraBackEnd\\node_modules\\express\\lib\\router\\route.js:119:3)\n    at Layer.handle [as handle_request] (C:\\Users\\Oscar\\OneDrive\\Documentos\\MyGasolineraBBDD\\MyGasolineraBackEnd\\node_modules\\express\\lib\\router\\layer.js:95:5)\n    at C:\\Users\\Oscar\\OneDrive\\Documentos\\MyGasolineraBBDD\\MyGasolineraBackEnd\\node_modules\\express\\lib\\router\\index.js:284:15\n    at router.process_params (C:\\Users\\Oscar\\OneDrive\\Documentos\\MyGasolineraBBDD\\MyGasolineraBackEnd\\node_modules\\express\\lib\\router\\index.js:346:12)\n    at next (C:\\Users\\Oscar\\OneDrive\\Documentos\\MyGasolineraBBDD\\MyGasolineraBackEnd\\node_modules\\express\\lib\\router\\index.js:280:10)\n    at router.handle (C:\\Users\\Oscar\\OneDrive\\Documentos\\MyGasolineraBBDD\\MyGasolineraBackEnd\\node_modules\\express\\lib\\router\\index.js:175:3)"
}
[2026-02-14 14:17:25] [ERROR] Error del servidor {
  "service": "my-gasolinera-api",
  "metodo": "GET",
  "url": "/api/gasolineras?id_provincia=16",
  "status": 500,
  "duracion_ms": 2,
  "usuario_id": "anónimo",
  "ip": "127.0.0.1",
  "respuesta": {
    "success": false,
    "message": "Error interno del servidor"
  }
}
[2026-02-14 14:17:25] [ERROR] Error del servidor {
  "service": "my-gasolinera-api",
  "metodo": "GET",
  "url": "/api/gasolineras?id_provincia=16",
  "status": 500,
  "duracion_ms": 2,
  "usuario_id": "anónimo",
  "ip": "127.0.0.1",
  "respuesta": "{\"success\":false,\"message\":\"Error interno del servidor\"}"
}
[2026-02-14 14:17:25] [INFO] Petición entrante {
  "service": "my-gasolinera-api",
  "metodo": "GET",
  "url": "/api/gasolineras?id_provincia=03",
  "ip": "127.0.0.1",
  "userAgent": "Mozilla/5.0 (Windows NT 10.0; Win64; x64) AppleWebKit/537.36 (KHTML, like Gecko) Chrome/144.0.0.0 Safari/537.36",
  "body": {}
}
[2026-02-14 14:17:25] [ERROR] Error obteniendo gasolineras: {
  "service": "my-gasolinera-api",
  "error": "Unknown column 'id_provincia' in 'SELECT'",
  "stack": "Error: Unknown column 'id_provincia' in 'SELECT'\n    at PromisePool.execute (C:\\Users\\Oscar\\OneDrive\\Documentos\\MyGasolineraBBDD\\MyGasolineraBackEnd\\node_modules\\mysql2\\lib\\promise\\pool.js:54:22)\n    at exports.getGasolineras (C:\\Users\\Oscar\\OneDrive\\Documentos\\MyGasolineraBBDD\\MyGasolineraBackEnd\\controllers\\gasolinerasController.js:64:35)\n    at Layer.handle [as handle_request] (C:\\Users\\Oscar\\OneDrive\\Documentos\\MyGasolineraBBDD\\MyGasolineraBackEnd\\node_modules\\express\\lib\\router\\layer.js:95:5)\n    at next (C:\\Users\\Oscar\\OneDrive\\Documentos\\MyGasolineraBBDD\\MyGasolineraBackEnd\\node_modules\\express\\lib\\router\\route.js:149:13)\n    at Route.dispatch (C:\\Users\\Oscar\\OneDrive\\Documentos\\MyGasolineraBBDD\\MyGasolineraBackEnd\\node_modules\\express\\lib\\router\\route.js:119:3)\n    at Layer.handle [as handle_request] (C:\\Users\\Oscar\\OneDrive\\Documentos\\MyGasolineraBBDD\\MyGasolineraBackEnd\\node_modules\\express\\lib\\router\\layer.js:95:5)\n    at C:\\Users\\Oscar\\OneDrive\\Documentos\\MyGasolineraBBDD\\MyGasolineraBackEnd\\node_modules\\express\\lib\\router\\index.js:284:15\n    at router.process_params (C:\\Users\\Oscar\\OneDrive\\Documentos\\MyGasolineraBBDD\\MyGasolineraBackEnd\\node_modules\\express\\lib\\router\\index.js:346:12)\n    at next (C:\\Users\\Oscar\\OneDrive\\Documentos\\MyGasolineraBBDD\\MyGasolineraBackEnd\\node_modules\\express\\lib\\router\\index.js:280:10)\n    at router.handle (C:\\Users\\Oscar\\OneDrive\\Documentos\\MyGasolineraBBDD\\MyGasolineraBackEnd\\node_modules\\express\\lib\\router\\index.js:175:3)"
}
[2026-02-14 14:17:25] [ERROR] Error del servidor {
  "service": "my-gasolinera-api",
  "metodo": "GET",
  "url": "/api/gasolineras?id_provincia=03",
  "status": 500,
  "duracion_ms": 1,
  "usuario_id": "anónimo",
  "ip": "127.0.0.1",
  "respuesta": {
    "success": false,
    "message": "Error interno del servidor"
  }
}
[2026-02-14 14:17:25] [ERROR] Error del servidor {
  "service": "my-gasolinera-api",
  "metodo": "GET",
  "url": "/api/gasolineras?id_provincia=03",
  "status": 500,
  "duracion_ms": 2,
  "usuario_id": "anónimo",
  "ip": "127.0.0.1",
  "respuesta": "{\"success\":false,\"message\":\"Error interno del servidor\"}"
}
[2026-02-14 14:17:26] [INFO] Petición entrante {
  "service": "my-gasolinera-api",
  "metodo": "GET",
  "url": "/api/gasolineras?id_provincia=46",
  "ip": "127.0.0.1",
  "userAgent": "Mozilla/5.0 (Windows NT 10.0; Win64; x64) AppleWebKit/537.36 (KHTML, like Gecko) Chrome/144.0.0.0 Safari/537.36",
  "body": {}
}
[2026-02-14 14:17:26] [ERROR] Error obteniendo gasolineras: {
  "service": "my-gasolinera-api",
  "error": "Unknown column 'id_provincia' in 'SELECT'",
  "stack": "Error: Unknown column 'id_provincia' in 'SELECT'\n    at PromisePool.execute (C:\\Users\\Oscar\\OneDrive\\Documentos\\MyGasolineraBBDD\\MyGasolineraBackEnd\\node_modules\\mysql2\\lib\\promise\\pool.js:54:22)\n    at exports.getGasolineras (C:\\Users\\Oscar\\OneDrive\\Documentos\\MyGasolineraBBDD\\MyGasolineraBackEnd\\controllers\\gasolinerasController.js:64:35)\n    at Layer.handle [as handle_request] (C:\\Users\\Oscar\\OneDrive\\Documentos\\MyGasolineraBBDD\\MyGasolineraBackEnd\\node_modules\\express\\lib\\router\\layer.js:95:5)\n    at next (C:\\Users\\Oscar\\OneDrive\\Documentos\\MyGasolineraBBDD\\MyGasolineraBackEnd\\node_modules\\express\\lib\\router\\route.js:149:13)\n    at Route.dispatch (C:\\Users\\Oscar\\OneDrive\\Documentos\\MyGasolineraBBDD\\MyGasolineraBackEnd\\node_modules\\express\\lib\\router\\route.js:119:3)\n    at Layer.handle [as handle_request] (C:\\Users\\Oscar\\OneDrive\\Documentos\\MyGasolineraBBDD\\MyGasolineraBackEnd\\node_modules\\express\\lib\\router\\layer.js:95:5)\n    at C:\\Users\\Oscar\\OneDrive\\Documentos\\MyGasolineraBBDD\\MyGasolineraBackEnd\\node_modules\\express\\lib\\router\\index.js:284:15\n    at router.process_params (C:\\Users\\Oscar\\OneDrive\\Documentos\\MyGasolineraBBDD\\MyGasolineraBackEnd\\node_modules\\express\\lib\\router\\index.js:346:12)\n    at next (C:\\Users\\Oscar\\OneDrive\\Documentos\\MyGasolineraBBDD\\MyGasolineraBackEnd\\node_modules\\express\\lib\\router\\index.js:280:10)\n    at router.handle (C:\\Users\\Oscar\\OneDrive\\Documentos\\MyGasolineraBBDD\\MyGasolineraBackEnd\\node_modules\\express\\lib\\router\\index.js:175:3)"
}
[2026-02-14 14:17:26] [ERROR] Error del servidor {
  "service": "my-gasolinera-api",
  "metodo": "GET",
  "url": "/api/gasolineras?id_provincia=46",
  "status": 500,
  "duracion_ms": 1,
  "usuario_id": "anónimo",
  "ip": "127.0.0.1",
  "respuesta": {
    "success": false,
    "message": "Error interno del servidor"
  }
}
[2026-02-14 14:17:26] [ERROR] Error del servidor {
  "service": "my-gasolinera-api",
  "metodo": "GET",
  "url": "/api/gasolineras?id_provincia=46",
  "status": 500,
  "duracion_ms": 2,
  "usuario_id": "anónimo",
  "ip": "127.0.0.1",
  "respuesta": "{\"success\":false,\"message\":\"Error interno del servidor\"}"
}
[2026-02-14 14:17:26] [INFO] Petición entrante {
  "service": "my-gasolinera-api",
  "metodo": "GET",
  "url": "/api/gasolineras?id_provincia=12",
  "ip": "127.0.0.1",
  "userAgent": "Mozilla/5.0 (Windows NT 10.0; Win64; x64) AppleWebKit/537.36 (KHTML, like Gecko) Chrome/144.0.0.0 Safari/537.36",
  "body": {}
}
[2026-02-14 14:17:26] [ERROR] Error obteniendo gasolineras: {
  "service": "my-gasolinera-api",
  "error": "Unknown column 'id_provincia' in 'SELECT'",
  "stack": "Error: Unknown column 'id_provincia' in 'SELECT'\n    at PromisePool.execute (C:\\Users\\Oscar\\OneDrive\\Documentos\\MyGasolineraBBDD\\MyGasolineraBackEnd\\node_modules\\mysql2\\lib\\promise\\pool.js:54:22)\n    at exports.getGasolineras (C:\\Users\\Oscar\\OneDrive\\Documentos\\MyGasolineraBBDD\\MyGasolineraBackEnd\\controllers\\gasolinerasController.js:64:35)\n    at Layer.handle [as handle_request] (C:\\Users\\Oscar\\OneDrive\\Documentos\\MyGasolineraBBDD\\MyGasolineraBackEnd\\node_modules\\express\\lib\\router\\layer.js:95:5)\n    at next (C:\\Users\\Oscar\\OneDrive\\Documentos\\MyGasolineraBBDD\\MyGasolineraBackEnd\\node_modules\\express\\lib\\router\\route.js:149:13)\n    at Route.dispatch (C:\\Users\\Oscar\\OneDrive\\Documentos\\MyGasolineraBBDD\\MyGasolineraBackEnd\\node_modules\\express\\lib\\router\\route.js:119:3)\n    at Layer.handle [as handle_request] (C:\\Users\\Oscar\\OneDrive\\Documentos\\MyGasolineraBBDD\\MyGasolineraBackEnd\\node_modules\\express\\lib\\router\\layer.js:95:5)\n    at C:\\Users\\Oscar\\OneDrive\\Documentos\\MyGasolineraBBDD\\MyGasolineraBackEnd\\node_modules\\express\\lib\\router\\index.js:284:15\n    at router.process_params (C:\\Users\\Oscar\\OneDrive\\Documentos\\MyGasolineraBBDD\\MyGasolineraBackEnd\\node_modules\\express\\lib\\router\\index.js:346:12)\n    at next (C:\\Users\\Oscar\\OneDrive\\Documentos\\MyGasolineraBBDD\\MyGasolineraBackEnd\\node_modules\\express\\lib\\router\\index.js:280:10)\n    at router.handle (C:\\Users\\Oscar\\OneDrive\\Documentos\\MyGasolineraBBDD\\MyGasolineraBackEnd\\node_modules\\express\\lib\\router\\index.js:175:3)"
}
[2026-02-14 14:17:26] [ERROR] Error del servidor {
  "service": "my-gasolinera-api",
  "metodo": "GET",
  "url": "/api/gasolineras?id_provincia=12",
  "status": 500,
  "duracion_ms": 1,
  "usuario_id": "anónimo",
  "ip": "127.0.0.1",
  "respuesta": {
    "success": false,
    "message": "Error interno del servidor"
  }
}
[2026-02-14 14:17:26] [ERROR] Error del servidor {
  "service": "my-gasolinera-api",
  "metodo": "GET",
  "url": "/api/gasolineras?id_provincia=12",
  "status": 500,
  "duracion_ms": 1,
  "usuario_id": "anónimo",
  "ip": "127.0.0.1",
  "respuesta": "{\"success\":false,\"message\":\"Error interno del servidor\"}"
}
[2026-02-14 14:17:26] [INFO] Petición entrante {
  "service": "my-gasolinera-api",
  "metodo": "GET",
  "url": "/api/gasolineras?id_provincia=44",
  "ip": "127.0.0.1",
  "userAgent": "Mozilla/5.0 (Windows NT 10.0; Win64; x64) AppleWebKit/537.36 (KHTML, like Gecko) Chrome/144.0.0.0 Safari/537.36",
  "body": {}
}
[2026-02-14 14:17:26] [ERROR] Error obteniendo gasolineras: {
  "service": "my-gasolinera-api",
  "error": "Unknown column 'id_provincia' in 'SELECT'",
  "stack": "Error: Unknown column 'id_provincia' in 'SELECT'\n    at PromisePool.execute (C:\\Users\\Oscar\\OneDrive\\Documentos\\MyGasolineraBBDD\\MyGasolineraBackEnd\\node_modules\\mysql2\\lib\\promise\\pool.js:54:22)\n    at exports.getGasolineras (C:\\Users\\Oscar\\OneDrive\\Documentos\\MyGasolineraBBDD\\MyGasolineraBackEnd\\controllers\\gasolinerasController.js:64:35)\n    at Layer.handle [as handle_request] (C:\\Users\\Oscar\\OneDrive\\Documentos\\MyGasolineraBBDD\\MyGasolineraBackEnd\\node_modules\\express\\lib\\router\\layer.js:95:5)\n    at next (C:\\Users\\Oscar\\OneDrive\\Documentos\\MyGasolineraBBDD\\MyGasolineraBackEnd\\node_modules\\express\\lib\\router\\route.js:149:13)\n    at Route.dispatch (C:\\Users\\Oscar\\OneDrive\\Documentos\\MyGasolineraBBDD\\MyGasolineraBackEnd\\node_modules\\express\\lib\\router\\route.js:119:3)\n    at Layer.handle [as handle_request] (C:\\Users\\Oscar\\OneDrive\\Documentos\\MyGasolineraBBDD\\MyGasolineraBackEnd\\node_modules\\express\\lib\\router\\layer.js:95:5)\n    at C:\\Users\\Oscar\\OneDrive\\Documentos\\MyGasolineraBBDD\\MyGasolineraBackEnd\\node_modules\\express\\lib\\router\\index.js:284:15\n    at router.process_params (C:\\Users\\Oscar\\OneDrive\\Documentos\\MyGasolineraBBDD\\MyGasolineraBackEnd\\node_modules\\express\\lib\\router\\index.js:346:12)\n    at next (C:\\Users\\Oscar\\OneDrive\\Documentos\\MyGasolineraBBDD\\MyGasolineraBackEnd\\node_modules\\express\\lib\\router\\index.js:280:10)\n    at router.handle (C:\\Users\\Oscar\\OneDrive\\Documentos\\MyGasolineraBBDD\\MyGasolineraBackEnd\\node_modules\\express\\lib\\router\\index.js:175:3)"
}
[2026-02-14 14:17:26] [ERROR] Error del servidor {
  "service": "my-gasolinera-api",
  "metodo": "GET",
  "url": "/api/gasolineras?id_provincia=44",
  "status": 500,
  "duracion_ms": 2,
  "usuario_id": "anónimo",
  "ip": "127.0.0.1",
  "respuesta": {
    "success": false,
    "message": "Error interno del servidor"
  }
}
[2026-02-14 14:17:26] [ERROR] Error del servidor {
  "service": "my-gasolinera-api",
  "metodo": "GET",
  "url": "/api/gasolineras?id_provincia=44",
  "status": 500,
  "duracion_ms": 2,
  "usuario_id": "anónimo",
  "ip": "127.0.0.1",
  "respuesta": "{\"success\":false,\"message\":\"Error interno del servidor\"}"
}
[2026-02-14 14:17:26] [INFO] Petición entrante {
  "service": "my-gasolinera-api",
  "metodo": "GET",
  "url": "/api/gasolineras?id_provincia=16",
  "ip": "127.0.0.1",
  "userAgent": "Mozilla/5.0 (Windows NT 10.0; Win64; x64) AppleWebKit/537.36 (KHTML, like Gecko) Chrome/144.0.0.0 Safari/537.36",
  "body": {}
}
[2026-02-14 14:17:26] [ERROR] Error obteniendo gasolineras: {
  "service": "my-gasolinera-api",
  "error": "Unknown column 'id_provincia' in 'SELECT'",
  "stack": "Error: Unknown column 'id_provincia' in 'SELECT'\n    at PromisePool.execute (C:\\Users\\Oscar\\OneDrive\\Documentos\\MyGasolineraBBDD\\MyGasolineraBackEnd\\node_modules\\mysql2\\lib\\promise\\pool.js:54:22)\n    at exports.getGasolineras (C:\\Users\\Oscar\\OneDrive\\Documentos\\MyGasolineraBBDD\\MyGasolineraBackEnd\\controllers\\gasolinerasController.js:64:35)\n    at Layer.handle [as handle_request] (C:\\Users\\Oscar\\OneDrive\\Documentos\\MyGasolineraBBDD\\MyGasolineraBackEnd\\node_modules\\express\\lib\\router\\layer.js:95:5)\n    at next (C:\\Users\\Oscar\\OneDrive\\Documentos\\MyGasolineraBBDD\\MyGasolineraBackEnd\\node_modules\\express\\lib\\router\\route.js:149:13)\n    at Route.dispatch (C:\\Users\\Oscar\\OneDrive\\Documentos\\MyGasolineraBBDD\\MyGasolineraBackEnd\\node_modules\\express\\lib\\router\\route.js:119:3)\n    at Layer.handle [as handle_request] (C:\\Users\\Oscar\\OneDrive\\Documentos\\MyGasolineraBBDD\\MyGasolineraBackEnd\\node_modules\\express\\lib\\router\\layer.js:95:5)\n    at C:\\Users\\Oscar\\OneDrive\\Documentos\\MyGasolineraBBDD\\MyGasolineraBackEnd\\node_modules\\express\\lib\\router\\index.js:284:15\n    at router.process_params (C:\\Users\\Oscar\\OneDrive\\Documentos\\MyGasolineraBBDD\\MyGasolineraBackEnd\\node_modules\\express\\lib\\router\\index.js:346:12)\n    at next (C:\\Users\\Oscar\\OneDrive\\Documentos\\MyGasolineraBBDD\\MyGasolineraBackEnd\\node_modules\\express\\lib\\router\\index.js:280:10)\n    at router.handle (C:\\Users\\Oscar\\OneDrive\\Documentos\\MyGasolineraBBDD\\MyGasolineraBackEnd\\node_modules\\express\\lib\\router\\index.js:175:3)"
}
[2026-02-14 14:17:26] [ERROR] Error del servidor {
  "service": "my-gasolinera-api",
  "metodo": "GET",
  "url": "/api/gasolineras?id_provincia=16",
  "status": 500,
  "duracion_ms": 1,
  "usuario_id": "anónimo",
  "ip": "127.0.0.1",
  "respuesta": {
    "success": false,
    "message": "Error interno del servidor"
  }
}
[2026-02-14 14:17:26] [ERROR] Error del servidor {
  "service": "my-gasolinera-api",
  "metodo": "GET",
  "url": "/api/gasolineras?id_provincia=16",
  "status": 500,
  "duracion_ms": 2,
  "usuario_id": "anónimo",
  "ip": "127.0.0.1",
  "respuesta": "{\"success\":false,\"message\":\"Error interno del servidor\"}"
}
[2026-02-14 14:17:26] [INFO] Petición entrante {
  "service": "my-gasolinera-api",
  "metodo": "GET",
  "url": "/api/gasolineras?id_provincia=03",
  "ip": "127.0.0.1",
  "userAgent": "Mozilla/5.0 (Windows NT 10.0; Win64; x64) AppleWebKit/537.36 (KHTML, like Gecko) Chrome/144.0.0.0 Safari/537.36",
  "body": {}
}
[2026-02-14 14:17:26] [ERROR] Error obteniendo gasolineras: {
  "service": "my-gasolinera-api",
  "error": "Unknown column 'id_provincia' in 'SELECT'",
  "stack": "Error: Unknown column 'id_provincia' in 'SELECT'\n    at PromisePool.execute (C:\\Users\\Oscar\\OneDrive\\Documentos\\MyGasolineraBBDD\\MyGasolineraBackEnd\\node_modules\\mysql2\\lib\\promise\\pool.js:54:22)\n    at exports.getGasolineras (C:\\Users\\Oscar\\OneDrive\\Documentos\\MyGasolineraBBDD\\MyGasolineraBackEnd\\controllers\\gasolinerasController.js:64:35)\n    at Layer.handle [as handle_request] (C:\\Users\\Oscar\\OneDrive\\Documentos\\MyGasolineraBBDD\\MyGasolineraBackEnd\\node_modules\\express\\lib\\router\\layer.js:95:5)\n    at next (C:\\Users\\Oscar\\OneDrive\\Documentos\\MyGasolineraBBDD\\MyGasolineraBackEnd\\node_modules\\express\\lib\\router\\route.js:149:13)\n    at Route.dispatch (C:\\Users\\Oscar\\OneDrive\\Documentos\\MyGasolineraBBDD\\MyGasolineraBackEnd\\node_modules\\express\\lib\\router\\route.js:119:3)\n    at Layer.handle [as handle_request] (C:\\Users\\Oscar\\OneDrive\\Documentos\\MyGasolineraBBDD\\MyGasolineraBackEnd\\node_modules\\express\\lib\\router\\layer.js:95:5)\n    at C:\\Users\\Oscar\\OneDrive\\Documentos\\MyGasolineraBBDD\\MyGasolineraBackEnd\\node_modules\\express\\lib\\router\\index.js:284:15\n    at router.process_params (C:\\Users\\Oscar\\OneDrive\\Documentos\\MyGasolineraBBDD\\MyGasolineraBackEnd\\node_modules\\express\\lib\\router\\index.js:346:12)\n    at next (C:\\Users\\Oscar\\OneDrive\\Documentos\\MyGasolineraBBDD\\MyGasolineraBackEnd\\node_modules\\express\\lib\\router\\index.js:280:10)\n    at router.handle (C:\\Users\\Oscar\\OneDrive\\Documentos\\MyGasolineraBBDD\\MyGasolineraBackEnd\\node_modules\\express\\lib\\router\\index.js:175:3)"
}
[2026-02-14 14:17:26] [ERROR] Error del servidor {
  "service": "my-gasolinera-api",
  "metodo": "GET",
  "url": "/api/gasolineras?id_provincia=03",
  "status": 500,
  "duracion_ms": 1,
  "usuario_id": "anónimo",
  "ip": "127.0.0.1",
  "respuesta": {
    "success": false,
    "message": "Error interno del servidor"
  }
}
[2026-02-14 14:17:26] [ERROR] Error del servidor {
  "service": "my-gasolinera-api",
  "metodo": "GET",
  "url": "/api/gasolineras?id_provincia=03",
  "status": 500,
  "duracion_ms": 2,
  "usuario_id": "anónimo",
  "ip": "127.0.0.1",
  "respuesta": "{\"success\":false,\"message\":\"Error interno del servidor\"}"
}
[2026-02-14 14:17:27] [INFO] Petición entrante {
  "service": "my-gasolinera-api",
  "metodo": "GET",
  "url": "/api/gasolineras?id_provincia=46",
  "ip": "127.0.0.1",
  "userAgent": "Mozilla/5.0 (Windows NT 10.0; Win64; x64) AppleWebKit/537.36 (KHTML, like Gecko) Chrome/144.0.0.0 Safari/537.36",
  "body": {}
}
[2026-02-14 14:17:27] [ERROR] Error obteniendo gasolineras: {
  "service": "my-gasolinera-api",
  "error": "Unknown column 'id_provincia' in 'SELECT'",
  "stack": "Error: Unknown column 'id_provincia' in 'SELECT'\n    at PromisePool.execute (C:\\Users\\Oscar\\OneDrive\\Documentos\\MyGasolineraBBDD\\MyGasolineraBackEnd\\node_modules\\mysql2\\lib\\promise\\pool.js:54:22)\n    at exports.getGasolineras (C:\\Users\\Oscar\\OneDrive\\Documentos\\MyGasolineraBBDD\\MyGasolineraBackEnd\\controllers\\gasolinerasController.js:64:35)\n    at Layer.handle [as handle_request] (C:\\Users\\Oscar\\OneDrive\\Documentos\\MyGasolineraBBDD\\MyGasolineraBackEnd\\node_modules\\express\\lib\\router\\layer.js:95:5)\n    at next (C:\\Users\\Oscar\\OneDrive\\Documentos\\MyGasolineraBBDD\\MyGasolineraBackEnd\\node_modules\\express\\lib\\router\\route.js:149:13)\n    at Route.dispatch (C:\\Users\\Oscar\\OneDrive\\Documentos\\MyGasolineraBBDD\\MyGasolineraBackEnd\\node_modules\\express\\lib\\router\\route.js:119:3)\n    at Layer.handle [as handle_request] (C:\\Users\\Oscar\\OneDrive\\Documentos\\MyGasolineraBBDD\\MyGasolineraBackEnd\\node_modules\\express\\lib\\router\\layer.js:95:5)\n    at C:\\Users\\Oscar\\OneDrive\\Documentos\\MyGasolineraBBDD\\MyGasolineraBackEnd\\node_modules\\express\\lib\\router\\index.js:284:15\n    at router.process_params (C:\\Users\\Oscar\\OneDrive\\Documentos\\MyGasolineraBBDD\\MyGasolineraBackEnd\\node_modules\\express\\lib\\router\\index.js:346:12)\n    at next (C:\\Users\\Oscar\\OneDrive\\Documentos\\MyGasolineraBBDD\\MyGasolineraBackEnd\\node_modules\\express\\lib\\router\\index.js:280:10)\n    at router.handle (C:\\Users\\Oscar\\OneDrive\\Documentos\\MyGasolineraBBDD\\MyGasolineraBackEnd\\node_modules\\express\\lib\\router\\index.js:175:3)"
}
[2026-02-14 14:17:27] [ERROR] Error del servidor {
  "service": "my-gasolinera-api",
  "metodo": "GET",
  "url": "/api/gasolineras?id_provincia=46",
  "status": 500,
  "duracion_ms": 1,
  "usuario_id": "anónimo",
  "ip": "127.0.0.1",
  "respuesta": {
    "success": false,
    "message": "Error interno del servidor"
  }
}
[2026-02-14 14:17:27] [ERROR] Error del servidor {
  "service": "my-gasolinera-api",
  "metodo": "GET",
  "url": "/api/gasolineras?id_provincia=46",
  "status": 500,
  "duracion_ms": 1,
  "usuario_id": "anónimo",
  "ip": "127.0.0.1",
  "respuesta": "{\"success\":false,\"message\":\"Error interno del servidor\"}"
}
[2026-02-14 14:17:27] [INFO] Petición entrante {
  "service": "my-gasolinera-api",
  "metodo": "GET",
  "url": "/api/gasolineras?id_provincia=12",
  "ip": "127.0.0.1",
  "userAgent": "Mozilla/5.0 (Windows NT 10.0; Win64; x64) AppleWebKit/537.36 (KHTML, like Gecko) Chrome/144.0.0.0 Safari/537.36",
  "body": {}
}
[2026-02-14 14:17:27] [ERROR] Error obteniendo gasolineras: {
  "service": "my-gasolinera-api",
  "error": "Unknown column 'id_provincia' in 'SELECT'",
  "stack": "Error: Unknown column 'id_provincia' in 'SELECT'\n    at PromisePool.execute (C:\\Users\\Oscar\\OneDrive\\Documentos\\MyGasolineraBBDD\\MyGasolineraBackEnd\\node_modules\\mysql2\\lib\\promise\\pool.js:54:22)\n    at exports.getGasolineras (C:\\Users\\Oscar\\OneDrive\\Documentos\\MyGasolineraBBDD\\MyGasolineraBackEnd\\controllers\\gasolinerasController.js:64:35)\n    at Layer.handle [as handle_request] (C:\\Users\\Oscar\\OneDrive\\Documentos\\MyGasolineraBBDD\\MyGasolineraBackEnd\\node_modules\\express\\lib\\router\\layer.js:95:5)\n    at next (C:\\Users\\Oscar\\OneDrive\\Documentos\\MyGasolineraBBDD\\MyGasolineraBackEnd\\node_modules\\express\\lib\\router\\route.js:149:13)\n    at Route.dispatch (C:\\Users\\Oscar\\OneDrive\\Documentos\\MyGasolineraBBDD\\MyGasolineraBackEnd\\node_modules\\express\\lib\\router\\route.js:119:3)\n    at Layer.handle [as handle_request] (C:\\Users\\Oscar\\OneDrive\\Documentos\\MyGasolineraBBDD\\MyGasolineraBackEnd\\node_modules\\express\\lib\\router\\layer.js:95:5)\n    at C:\\Users\\Oscar\\OneDrive\\Documentos\\MyGasolineraBBDD\\MyGasolineraBackEnd\\node_modules\\express\\lib\\router\\index.js:284:15\n    at router.process_params (C:\\Users\\Oscar\\OneDrive\\Documentos\\MyGasolineraBBDD\\MyGasolineraBackEnd\\node_modules\\express\\lib\\router\\index.js:346:12)\n    at next (C:\\Users\\Oscar\\OneDrive\\Documentos\\MyGasolineraBBDD\\MyGasolineraBackEnd\\node_modules\\express\\lib\\router\\index.js:280:10)\n    at router.handle (C:\\Users\\Oscar\\OneDrive\\Documentos\\MyGasolineraBBDD\\MyGasolineraBackEnd\\node_modules\\express\\lib\\router\\index.js:175:3)"
}
[2026-02-14 14:17:27] [ERROR] Error del servidor {
  "service": "my-gasolinera-api",
  "metodo": "GET",
  "url": "/api/gasolineras?id_provincia=12",
  "status": 500,
  "duracion_ms": 2,
  "usuario_id": "anónimo",
  "ip": "127.0.0.1",
  "respuesta": {
    "success": false,
    "message": "Error interno del servidor"
  }
}
[2026-02-14 14:17:27] [ERROR] Error del servidor {
  "service": "my-gasolinera-api",
  "metodo": "GET",
  "url": "/api/gasolineras?id_provincia=12",
  "status": 500,
  "duracion_ms": 2,
  "usuario_id": "anónimo",
  "ip": "127.0.0.1",
  "respuesta": "{\"success\":false,\"message\":\"Error interno del servidor\"}"
}
[2026-02-14 14:17:27] [INFO] Petición entrante {
  "service": "my-gasolinera-api",
  "metodo": "GET",
  "url": "/api/gasolineras?id_provincia=44",
  "ip": "127.0.0.1",
  "userAgent": "Mozilla/5.0 (Windows NT 10.0; Win64; x64) AppleWebKit/537.36 (KHTML, like Gecko) Chrome/144.0.0.0 Safari/537.36",
  "body": {}
}
[2026-02-14 14:17:27] [ERROR] Error obteniendo gasolineras: {
  "service": "my-gasolinera-api",
  "error": "Unknown column 'id_provincia' in 'SELECT'",
  "stack": "Error: Unknown column 'id_provincia' in 'SELECT'\n    at PromisePool.execute (C:\\Users\\Oscar\\OneDrive\\Documentos\\MyGasolineraBBDD\\MyGasolineraBackEnd\\node_modules\\mysql2\\lib\\promise\\pool.js:54:22)\n    at exports.getGasolineras (C:\\Users\\Oscar\\OneDrive\\Documentos\\MyGasolineraBBDD\\MyGasolineraBackEnd\\controllers\\gasolinerasController.js:64:35)\n    at Layer.handle [as handle_request] (C:\\Users\\Oscar\\OneDrive\\Documentos\\MyGasolineraBBDD\\MyGasolineraBackEnd\\node_modules\\express\\lib\\router\\layer.js:95:5)\n    at next (C:\\Users\\Oscar\\OneDrive\\Documentos\\MyGasolineraBBDD\\MyGasolineraBackEnd\\node_modules\\express\\lib\\router\\route.js:149:13)\n    at Route.dispatch (C:\\Users\\Oscar\\OneDrive\\Documentos\\MyGasolineraBBDD\\MyGasolineraBackEnd\\node_modules\\express\\lib\\router\\route.js:119:3)\n    at Layer.handle [as handle_request] (C:\\Users\\Oscar\\OneDrive\\Documentos\\MyGasolineraBBDD\\MyGasolineraBackEnd\\node_modules\\express\\lib\\router\\layer.js:95:5)\n    at C:\\Users\\Oscar\\OneDrive\\Documentos\\MyGasolineraBBDD\\MyGasolineraBackEnd\\node_modules\\express\\lib\\router\\index.js:284:15\n    at router.process_params (C:\\Users\\Oscar\\OneDrive\\Documentos\\MyGasolineraBBDD\\MyGasolineraBackEnd\\node_modules\\express\\lib\\router\\index.js:346:12)\n    at next (C:\\Users\\Oscar\\OneDrive\\Documentos\\MyGasolineraBBDD\\MyGasolineraBackEnd\\node_modules\\express\\lib\\router\\index.js:280:10)\n    at router.handle (C:\\Users\\Oscar\\OneDrive\\Documentos\\MyGasolineraBBDD\\MyGasolineraBackEnd\\node_modules\\express\\lib\\router\\index.js:175:3)"
}
[2026-02-14 14:17:27] [ERROR] Error del servidor {
  "service": "my-gasolinera-api",
  "metodo": "GET",
  "url": "/api/gasolineras?id_provincia=44",
  "status": 500,
  "duracion_ms": 1,
  "usuario_id": "anónimo",
  "ip": "127.0.0.1",
  "respuesta": {
    "success": false,
    "message": "Error interno del servidor"
  }
}
[2026-02-14 14:17:27] [ERROR] Error del servidor {
  "service": "my-gasolinera-api",
  "metodo": "GET",
  "url": "/api/gasolineras?id_provincia=44",
  "status": 500,
  "duracion_ms": 1,
  "usuario_id": "anónimo",
  "ip": "127.0.0.1",
  "respuesta": "{\"success\":false,\"message\":\"Error interno del servidor\"}"
}
[2026-02-14 14:17:27] [INFO] Petición entrante {
  "service": "my-gasolinera-api",
  "metodo": "GET",
  "url": "/api/gasolineras?id_provincia=16",
  "ip": "127.0.0.1",
  "userAgent": "Mozilla/5.0 (Windows NT 10.0; Win64; x64) AppleWebKit/537.36 (KHTML, like Gecko) Chrome/144.0.0.0 Safari/537.36",
  "body": {}
}
[2026-02-14 14:17:27] [ERROR] Error obteniendo gasolineras: {
  "service": "my-gasolinera-api",
  "error": "Unknown column 'id_provincia' in 'SELECT'",
  "stack": "Error: Unknown column 'id_provincia' in 'SELECT'\n    at PromisePool.execute (C:\\Users\\Oscar\\OneDrive\\Documentos\\MyGasolineraBBDD\\MyGasolineraBackEnd\\node_modules\\mysql2\\lib\\promise\\pool.js:54:22)\n    at exports.getGasolineras (C:\\Users\\Oscar\\OneDrive\\Documentos\\MyGasolineraBBDD\\MyGasolineraBackEnd\\controllers\\gasolinerasController.js:64:35)\n    at Layer.handle [as handle_request] (C:\\Users\\Oscar\\OneDrive\\Documentos\\MyGasolineraBBDD\\MyGasolineraBackEnd\\node_modules\\express\\lib\\router\\layer.js:95:5)\n    at next (C:\\Users\\Oscar\\OneDrive\\Documentos\\MyGasolineraBBDD\\MyGasolineraBackEnd\\node_modules\\express\\lib\\router\\route.js:149:13)\n    at Route.dispatch (C:\\Users\\Oscar\\OneDrive\\Documentos\\MyGasolineraBBDD\\MyGasolineraBackEnd\\node_modules\\express\\lib\\router\\route.js:119:3)\n    at Layer.handle [as handle_request] (C:\\Users\\Oscar\\OneDrive\\Documentos\\MyGasolineraBBDD\\MyGasolineraBackEnd\\node_modules\\express\\lib\\router\\layer.js:95:5)\n    at C:\\Users\\Oscar\\OneDrive\\Documentos\\MyGasolineraBBDD\\MyGasolineraBackEnd\\node_modules\\express\\lib\\router\\index.js:284:15\n    at router.process_params (C:\\Users\\Oscar\\OneDrive\\Documentos\\MyGasolineraBBDD\\MyGasolineraBackEnd\\node_modules\\express\\lib\\router\\index.js:346:12)\n    at next (C:\\Users\\Oscar\\OneDrive\\Documentos\\MyGasolineraBBDD\\MyGasolineraBackEnd\\node_modules\\express\\lib\\router\\index.js:280:10)\n    at router.handle (C:\\Users\\Oscar\\OneDrive\\Documentos\\MyGasolineraBBDD\\MyGasolineraBackEnd\\node_modules\\express\\lib\\router\\index.js:175:3)"
}
[2026-02-14 14:17:27] [ERROR] Error del servidor {
  "service": "my-gasolinera-api",
  "metodo": "GET",
  "url": "/api/gasolineras?id_provincia=16",
  "status": 500,
  "duracion_ms": 3,
  "usuario_id": "anónimo",
  "ip": "127.0.0.1",
  "respuesta": {
    "success": false,
    "message": "Error interno del servidor"
  }
}
[2026-02-14 14:17:27] [ERROR] Error del servidor {
  "service": "my-gasolinera-api",
  "metodo": "GET",
  "url": "/api/gasolineras?id_provincia=16",
  "status": 500,
  "duracion_ms": 3,
  "usuario_id": "anónimo",
  "ip": "127.0.0.1",
  "respuesta": "{\"success\":false,\"message\":\"Error interno del servidor\"}"
}
[2026-02-14 14:17:27] [INFO] Petición entrante {
  "service": "my-gasolinera-api",
  "metodo": "GET",
  "url": "/api/gasolineras?id_provincia=03",
  "ip": "127.0.0.1",
  "userAgent": "Mozilla/5.0 (Windows NT 10.0; Win64; x64) AppleWebKit/537.36 (KHTML, like Gecko) Chrome/144.0.0.0 Safari/537.36",
  "body": {}
}
[2026-02-14 14:17:27] [ERROR] Error obteniendo gasolineras: {
  "service": "my-gasolinera-api",
  "error": "Unknown column 'id_provincia' in 'SELECT'",
  "stack": "Error: Unknown column 'id_provincia' in 'SELECT'\n    at PromisePool.execute (C:\\Users\\Oscar\\OneDrive\\Documentos\\MyGasolineraBBDD\\MyGasolineraBackEnd\\node_modules\\mysql2\\lib\\promise\\pool.js:54:22)\n    at exports.getGasolineras (C:\\Users\\Oscar\\OneDrive\\Documentos\\MyGasolineraBBDD\\MyGasolineraBackEnd\\controllers\\gasolinerasController.js:64:35)\n    at Layer.handle [as handle_request] (C:\\Users\\Oscar\\OneDrive\\Documentos\\MyGasolineraBBDD\\MyGasolineraBackEnd\\node_modules\\express\\lib\\router\\layer.js:95:5)\n    at next (C:\\Users\\Oscar\\OneDrive\\Documentos\\MyGasolineraBBDD\\MyGasolineraBackEnd\\node_modules\\express\\lib\\router\\route.js:149:13)\n    at Route.dispatch (C:\\Users\\Oscar\\OneDrive\\Documentos\\MyGasolineraBBDD\\MyGasolineraBackEnd\\node_modules\\express\\lib\\router\\route.js:119:3)\n    at Layer.handle [as handle_request] (C:\\Users\\Oscar\\OneDrive\\Documentos\\MyGasolineraBBDD\\MyGasolineraBackEnd\\node_modules\\express\\lib\\router\\layer.js:95:5)\n    at C:\\Users\\Oscar\\OneDrive\\Documentos\\MyGasolineraBBDD\\MyGasolineraBackEnd\\node_modules\\express\\lib\\router\\index.js:284:15\n    at router.process_params (C:\\Users\\Oscar\\OneDrive\\Documentos\\MyGasolineraBBDD\\MyGasolineraBackEnd\\node_modules\\express\\lib\\router\\index.js:346:12)\n    at next (C:\\Users\\Oscar\\OneDrive\\Documentos\\MyGasolineraBBDD\\MyGasolineraBackEnd\\node_modules\\express\\lib\\router\\index.js:280:10)\n    at router.handle (C:\\Users\\Oscar\\OneDrive\\Documentos\\MyGasolineraBBDD\\MyGasolineraBackEnd\\node_modules\\express\\lib\\router\\index.js:175:3)"
}
[2026-02-14 14:17:27] [ERROR] Error del servidor {
  "service": "my-gasolinera-api",
  "metodo": "GET",
  "url": "/api/gasolineras?id_provincia=03",
  "status": 500,
  "duracion_ms": 3,
  "usuario_id": "anónimo",
  "ip": "127.0.0.1",
  "respuesta": {
    "success": false,
    "message": "Error interno del servidor"
  }
}
[2026-02-14 14:17:27] [ERROR] Error del servidor {
  "service": "my-gasolinera-api",
  "metodo": "GET",
  "url": "/api/gasolineras?id_provincia=03",
  "status": 500,
  "duracion_ms": 3,
  "usuario_id": "anónimo",
  "ip": "127.0.0.1",
  "respuesta": "{\"success\":false,\"message\":\"Error interno del servidor\"}"
}
[2026-02-14 14:17:28] [INFO] Petición entrante {
  "service": "my-gasolinera-api",
  "metodo": "GET",
  "url": "/api/gasolineras?id_provincia=46",
  "ip": "127.0.0.1",
  "userAgent": "Mozilla/5.0 (Windows NT 10.0; Win64; x64) AppleWebKit/537.36 (KHTML, like Gecko) Chrome/144.0.0.0 Safari/537.36",
  "body": {}
}
[2026-02-14 14:17:28] [ERROR] Error obteniendo gasolineras: {
  "service": "my-gasolinera-api",
  "error": "Unknown column 'id_provincia' in 'SELECT'",
  "stack": "Error: Unknown column 'id_provincia' in 'SELECT'\n    at PromisePool.execute (C:\\Users\\Oscar\\OneDrive\\Documentos\\MyGasolineraBBDD\\MyGasolineraBackEnd\\node_modules\\mysql2\\lib\\promise\\pool.js:54:22)\n    at exports.getGasolineras (C:\\Users\\Oscar\\OneDrive\\Documentos\\MyGasolineraBBDD\\MyGasolineraBackEnd\\controllers\\gasolinerasController.js:64:35)\n    at Layer.handle [as handle_request] (C:\\Users\\Oscar\\OneDrive\\Documentos\\MyGasolineraBBDD\\MyGasolineraBackEnd\\node_modules\\express\\lib\\router\\layer.js:95:5)\n    at next (C:\\Users\\Oscar\\OneDrive\\Documentos\\MyGasolineraBBDD\\MyGasolineraBackEnd\\node_modules\\express\\lib\\router\\route.js:149:13)\n    at Route.dispatch (C:\\Users\\Oscar\\OneDrive\\Documentos\\MyGasolineraBBDD\\MyGasolineraBackEnd\\node_modules\\express\\lib\\router\\route.js:119:3)\n    at Layer.handle [as handle_request] (C:\\Users\\Oscar\\OneDrive\\Documentos\\MyGasolineraBBDD\\MyGasolineraBackEnd\\node_modules\\express\\lib\\router\\layer.js:95:5)\n    at C:\\Users\\Oscar\\OneDrive\\Documentos\\MyGasolineraBBDD\\MyGasolineraBackEnd\\node_modules\\express\\lib\\router\\index.js:284:15\n    at router.process_params (C:\\Users\\Oscar\\OneDrive\\Documentos\\MyGasolineraBBDD\\MyGasolineraBackEnd\\node_modules\\express\\lib\\router\\index.js:346:12)\n    at next (C:\\Users\\Oscar\\OneDrive\\Documentos\\MyGasolineraBBDD\\MyGasolineraBackEnd\\node_modules\\express\\lib\\router\\index.js:280:10)\n    at router.handle (C:\\Users\\Oscar\\OneDrive\\Documentos\\MyGasolineraBBDD\\MyGasolineraBackEnd\\node_modules\\express\\lib\\router\\index.js:175:3)"
}
[2026-02-14 14:17:28] [ERROR] Error del servidor {
  "service": "my-gasolinera-api",
  "metodo": "GET",
  "url": "/api/gasolineras?id_provincia=46",
  "status": 500,
  "duracion_ms": 1,
  "usuario_id": "anónimo",
  "ip": "127.0.0.1",
  "respuesta": {
    "success": false,
    "message": "Error interno del servidor"
  }
}
[2026-02-14 14:17:28] [ERROR] Error del servidor {
  "service": "my-gasolinera-api",
  "metodo": "GET",
  "url": "/api/gasolineras?id_provincia=46",
  "status": 500,
  "duracion_ms": 2,
  "usuario_id": "anónimo",
  "ip": "127.0.0.1",
  "respuesta": "{\"success\":false,\"message\":\"Error interno del servidor\"}"
}
[2026-02-14 14:17:28] [INFO] Petición entrante {
  "service": "my-gasolinera-api",
  "metodo": "GET",
  "url": "/api/gasolineras?id_provincia=12",
  "ip": "127.0.0.1",
  "userAgent": "Mozilla/5.0 (Windows NT 10.0; Win64; x64) AppleWebKit/537.36 (KHTML, like Gecko) Chrome/144.0.0.0 Safari/537.36",
  "body": {}
}
[2026-02-14 14:17:28] [ERROR] Error obteniendo gasolineras: {
  "service": "my-gasolinera-api",
  "error": "Unknown column 'id_provincia' in 'SELECT'",
  "stack": "Error: Unknown column 'id_provincia' in 'SELECT'\n    at PromisePool.execute (C:\\Users\\Oscar\\OneDrive\\Documentos\\MyGasolineraBBDD\\MyGasolineraBackEnd\\node_modules\\mysql2\\lib\\promise\\pool.js:54:22)\n    at exports.getGasolineras (C:\\Users\\Oscar\\OneDrive\\Documentos\\MyGasolineraBBDD\\MyGasolineraBackEnd\\controllers\\gasolinerasController.js:64:35)\n    at Layer.handle [as handle_request] (C:\\Users\\Oscar\\OneDrive\\Documentos\\MyGasolineraBBDD\\MyGasolineraBackEnd\\node_modules\\express\\lib\\router\\layer.js:95:5)\n    at next (C:\\Users\\Oscar\\OneDrive\\Documentos\\MyGasolineraBBDD\\MyGasolineraBackEnd\\node_modules\\express\\lib\\router\\route.js:149:13)\n    at Route.dispatch (C:\\Users\\Oscar\\OneDrive\\Documentos\\MyGasolineraBBDD\\MyGasolineraBackEnd\\node_modules\\express\\lib\\router\\route.js:119:3)\n    at Layer.handle [as handle_request] (C:\\Users\\Oscar\\OneDrive\\Documentos\\MyGasolineraBBDD\\MyGasolineraBackEnd\\node_modules\\express\\lib\\router\\layer.js:95:5)\n    at C:\\Users\\Oscar\\OneDrive\\Documentos\\MyGasolineraBBDD\\MyGasolineraBackEnd\\node_modules\\express\\lib\\router\\index.js:284:15\n    at router.process_params (C:\\Users\\Oscar\\OneDrive\\Documentos\\MyGasolineraBBDD\\MyGasolineraBackEnd\\node_modules\\express\\lib\\router\\index.js:346:12)\n    at next (C:\\Users\\Oscar\\OneDrive\\Documentos\\MyGasolineraBBDD\\MyGasolineraBackEnd\\node_modules\\express\\lib\\router\\index.js:280:10)\n    at router.handle (C:\\Users\\Oscar\\OneDrive\\Documentos\\MyGasolineraBBDD\\MyGasolineraBackEnd\\node_modules\\express\\lib\\router\\index.js:175:3)"
}
[2026-02-14 14:17:28] [ERROR] Error del servidor {
  "service": "my-gasolinera-api",
  "metodo": "GET",
  "url": "/api/gasolineras?id_provincia=12",
  "status": 500,
  "duracion_ms": 2,
  "usuario_id": "anónimo",
  "ip": "127.0.0.1",
  "respuesta": {
    "success": false,
    "message": "Error interno del servidor"
  }
}
[2026-02-14 14:17:28] [ERROR] Error del servidor {
  "service": "my-gasolinera-api",
  "metodo": "GET",
  "url": "/api/gasolineras?id_provincia=12",
  "status": 500,
  "duracion_ms": 2,
  "usuario_id": "anónimo",
  "ip": "127.0.0.1",
  "respuesta": "{\"success\":false,\"message\":\"Error interno del servidor\"}"
}
[2026-02-14 14:17:28] [INFO] Petición entrante {
  "service": "my-gasolinera-api",
  "metodo": "GET",
  "url": "/api/gasolineras?id_provincia=44",
  "ip": "127.0.0.1",
  "userAgent": "Mozilla/5.0 (Windows NT 10.0; Win64; x64) AppleWebKit/537.36 (KHTML, like Gecko) Chrome/144.0.0.0 Safari/537.36",
  "body": {}
}
[2026-02-14 14:17:28] [ERROR] Error obteniendo gasolineras: {
  "service": "my-gasolinera-api",
  "error": "Unknown column 'id_provincia' in 'SELECT'",
  "stack": "Error: Unknown column 'id_provincia' in 'SELECT'\n    at PromisePool.execute (C:\\Users\\Oscar\\OneDrive\\Documentos\\MyGasolineraBBDD\\MyGasolineraBackEnd\\node_modules\\mysql2\\lib\\promise\\pool.js:54:22)\n    at exports.getGasolineras (C:\\Users\\Oscar\\OneDrive\\Documentos\\MyGasolineraBBDD\\MyGasolineraBackEnd\\controllers\\gasolinerasController.js:64:35)\n    at Layer.handle [as handle_request] (C:\\Users\\Oscar\\OneDrive\\Documentos\\MyGasolineraBBDD\\MyGasolineraBackEnd\\node_modules\\express\\lib\\router\\layer.js:95:5)\n    at next (C:\\Users\\Oscar\\OneDrive\\Documentos\\MyGasolineraBBDD\\MyGasolineraBackEnd\\node_modules\\express\\lib\\router\\route.js:149:13)\n    at Route.dispatch (C:\\Users\\Oscar\\OneDrive\\Documentos\\MyGasolineraBBDD\\MyGasolineraBackEnd\\node_modules\\express\\lib\\router\\route.js:119:3)\n    at Layer.handle [as handle_request] (C:\\Users\\Oscar\\OneDrive\\Documentos\\MyGasolineraBBDD\\MyGasolineraBackEnd\\node_modules\\express\\lib\\router\\layer.js:95:5)\n    at C:\\Users\\Oscar\\OneDrive\\Documentos\\MyGasolineraBBDD\\MyGasolineraBackEnd\\node_modules\\express\\lib\\router\\index.js:284:15\n    at router.process_params (C:\\Users\\Oscar\\OneDrive\\Documentos\\MyGasolineraBBDD\\MyGasolineraBackEnd\\node_modules\\express\\lib\\router\\index.js:346:12)\n    at next (C:\\Users\\Oscar\\OneDrive\\Documentos\\MyGasolineraBBDD\\MyGasolineraBackEnd\\node_modules\\express\\lib\\router\\index.js:280:10)\n    at router.handle (C:\\Users\\Oscar\\OneDrive\\Documentos\\MyGasolineraBBDD\\MyGasolineraBackEnd\\node_modules\\express\\lib\\router\\index.js:175:3)"
}
[2026-02-14 14:17:28] [ERROR] Error del servidor {
  "service": "my-gasolinera-api",
  "metodo": "GET",
  "url": "/api/gasolineras?id_provincia=44",
  "status": 500,
  "duracion_ms": 2,
  "usuario_id": "anónimo",
  "ip": "127.0.0.1",
  "respuesta": {
    "success": false,
    "message": "Error interno del servidor"
  }
}
[2026-02-14 14:17:28] [ERROR] Error del servidor {
  "service": "my-gasolinera-api",
  "metodo": "GET",
  "url": "/api/gasolineras?id_provincia=44",
  "status": 500,
  "duracion_ms": 2,
  "usuario_id": "anónimo",
  "ip": "127.0.0.1",
  "respuesta": "{\"success\":false,\"message\":\"Error interno del servidor\"}"
}
[2026-02-14 14:17:28] [INFO] Petición entrante {
  "service": "my-gasolinera-api",
  "metodo": "GET",
  "url": "/api/gasolineras?id_provincia=16",
  "ip": "127.0.0.1",
  "userAgent": "Mozilla/5.0 (Windows NT 10.0; Win64; x64) AppleWebKit/537.36 (KHTML, like Gecko) Chrome/144.0.0.0 Safari/537.36",
  "body": {}
}
[2026-02-14 14:17:28] [ERROR] Error obteniendo gasolineras: {
  "service": "my-gasolinera-api",
  "error": "Unknown column 'id_provincia' in 'SELECT'",
  "stack": "Error: Unknown column 'id_provincia' in 'SELECT'\n    at PromisePool.execute (C:\\Users\\Oscar\\OneDrive\\Documentos\\MyGasolineraBBDD\\MyGasolineraBackEnd\\node_modules\\mysql2\\lib\\promise\\pool.js:54:22)\n    at exports.getGasolineras (C:\\Users\\Oscar\\OneDrive\\Documentos\\MyGasolineraBBDD\\MyGasolineraBackEnd\\controllers\\gasolinerasController.js:64:35)\n    at Layer.handle [as handle_request] (C:\\Users\\Oscar\\OneDrive\\Documentos\\MyGasolineraBBDD\\MyGasolineraBackEnd\\node_modules\\express\\lib\\router\\layer.js:95:5)\n    at next (C:\\Users\\Oscar\\OneDrive\\Documentos\\MyGasolineraBBDD\\MyGasolineraBackEnd\\node_modules\\express\\lib\\router\\route.js:149:13)\n    at Route.dispatch (C:\\Users\\Oscar\\OneDrive\\Documentos\\MyGasolineraBBDD\\MyGasolineraBackEnd\\node_modules\\express\\lib\\router\\route.js:119:3)\n    at Layer.handle [as handle_request] (C:\\Users\\Oscar\\OneDrive\\Documentos\\MyGasolineraBBDD\\MyGasolineraBackEnd\\node_modules\\express\\lib\\router\\layer.js:95:5)\n    at C:\\Users\\Oscar\\OneDrive\\Documentos\\MyGasolineraBBDD\\MyGasolineraBackEnd\\node_modules\\express\\lib\\router\\index.js:284:15\n    at router.process_params (C:\\Users\\Oscar\\OneDrive\\Documentos\\MyGasolineraBBDD\\MyGasolineraBackEnd\\node_modules\\express\\lib\\router\\index.js:346:12)\n    at next (C:\\Users\\Oscar\\OneDrive\\Documentos\\MyGasolineraBBDD\\MyGasolineraBackEnd\\node_modules\\express\\lib\\router\\index.js:280:10)\n    at router.handle (C:\\Users\\Oscar\\OneDrive\\Documentos\\MyGasolineraBBDD\\MyGasolineraBackEnd\\node_modules\\express\\lib\\router\\index.js:175:3)"
}
[2026-02-14 14:17:28] [ERROR] Error del servidor {
  "service": "my-gasolinera-api",
  "metodo": "GET",
  "url": "/api/gasolineras?id_provincia=16",
  "status": 500,
  "duracion_ms": 1,
  "usuario_id": "anónimo",
  "ip": "127.0.0.1",
  "respuesta": {
    "success": false,
    "message": "Error interno del servidor"
  }
}
[2026-02-14 14:17:28] [ERROR] Error del servidor {
  "service": "my-gasolinera-api",
  "metodo": "GET",
  "url": "/api/gasolineras?id_provincia=16",
  "status": 500,
  "duracion_ms": 2,
  "usuario_id": "anónimo",
  "ip": "127.0.0.1",
  "respuesta": "{\"success\":false,\"message\":\"Error interno del servidor\"}"
}
[2026-02-14 14:17:28] [INFO] Petición entrante {
  "service": "my-gasolinera-api",
  "metodo": "GET",
  "url": "/api/gasolineras?id_provincia=03",
  "ip": "127.0.0.1",
  "userAgent": "Mozilla/5.0 (Windows NT 10.0; Win64; x64) AppleWebKit/537.36 (KHTML, like Gecko) Chrome/144.0.0.0 Safari/537.36",
  "body": {}
}
[2026-02-14 14:17:28] [ERROR] Error obteniendo gasolineras: {
  "service": "my-gasolinera-api",
  "error": "Unknown column 'id_provincia' in 'SELECT'",
  "stack": "Error: Unknown column 'id_provincia' in 'SELECT'\n    at PromisePool.execute (C:\\Users\\Oscar\\OneDrive\\Documentos\\MyGasolineraBBDD\\MyGasolineraBackEnd\\node_modules\\mysql2\\lib\\promise\\pool.js:54:22)\n    at exports.getGasolineras (C:\\Users\\Oscar\\OneDrive\\Documentos\\MyGasolineraBBDD\\MyGasolineraBackEnd\\controllers\\gasolinerasController.js:64:35)\n    at Layer.handle [as handle_request] (C:\\Users\\Oscar\\OneDrive\\Documentos\\MyGasolineraBBDD\\MyGasolineraBackEnd\\node_modules\\express\\lib\\router\\layer.js:95:5)\n    at next (C:\\Users\\Oscar\\OneDrive\\Documentos\\MyGasolineraBBDD\\MyGasolineraBackEnd\\node_modules\\express\\lib\\router\\route.js:149:13)\n    at Route.dispatch (C:\\Users\\Oscar\\OneDrive\\Documentos\\MyGasolineraBBDD\\MyGasolineraBackEnd\\node_modules\\express\\lib\\router\\route.js:119:3)\n    at Layer.handle [as handle_request] (C:\\Users\\Oscar\\OneDrive\\Documentos\\MyGasolineraBBDD\\MyGasolineraBackEnd\\node_modules\\express\\lib\\router\\layer.js:95:5)\n    at C:\\Users\\Oscar\\OneDrive\\Documentos\\MyGasolineraBBDD\\MyGasolineraBackEnd\\node_modules\\express\\lib\\router\\index.js:284:15\n    at router.process_params (C:\\Users\\Oscar\\OneDrive\\Documentos\\MyGasolineraBBDD\\MyGasolineraBackEnd\\node_modules\\express\\lib\\router\\index.js:346:12)\n    at next (C:\\Users\\Oscar\\OneDrive\\Documentos\\MyGasolineraBBDD\\MyGasolineraBackEnd\\node_modules\\express\\lib\\router\\index.js:280:10)\n    at router.handle (C:\\Users\\Oscar\\OneDrive\\Documentos\\MyGasolineraBBDD\\MyGasolineraBackEnd\\node_modules\\express\\lib\\router\\index.js:175:3)"
}
[2026-02-14 14:17:28] [ERROR] Error del servidor {
  "service": "my-gasolinera-api",
  "metodo": "GET",
  "url": "/api/gasolineras?id_provincia=03",
  "status": 500,
  "duracion_ms": 2,
  "usuario_id": "anónimo",
  "ip": "127.0.0.1",
  "respuesta": {
    "success": false,
    "message": "Error interno del servidor"
  }
}
[2026-02-14 14:17:28] [ERROR] Error del servidor {
  "service": "my-gasolinera-api",
  "metodo": "GET",
  "url": "/api/gasolineras?id_provincia=03",
  "status": 500,
  "duracion_ms": 2,
  "usuario_id": "anónimo",
  "ip": "127.0.0.1",
  "respuesta": "{\"success\":false,\"message\":\"Error interno del servidor\"}"
}
[2026-02-14 14:17:28] [INFO] Petición entrante {
  "service": "my-gasolinera-api",
  "metodo": "GET",
  "url": "/api/gasolineras?id_provincia=46",
  "ip": "127.0.0.1",
  "userAgent": "Mozilla/5.0 (Windows NT 10.0; Win64; x64) AppleWebKit/537.36 (KHTML, like Gecko) Chrome/144.0.0.0 Safari/537.36",
  "body": {}
}
[2026-02-14 14:17:28] [ERROR] Error obteniendo gasolineras: {
  "service": "my-gasolinera-api",
  "error": "Unknown column 'id_provincia' in 'SELECT'",
  "stack": "Error: Unknown column 'id_provincia' in 'SELECT'\n    at PromisePool.execute (C:\\Users\\Oscar\\OneDrive\\Documentos\\MyGasolineraBBDD\\MyGasolineraBackEnd\\node_modules\\mysql2\\lib\\promise\\pool.js:54:22)\n    at exports.getGasolineras (C:\\Users\\Oscar\\OneDrive\\Documentos\\MyGasolineraBBDD\\MyGasolineraBackEnd\\controllers\\gasolinerasController.js:64:35)\n    at Layer.handle [as handle_request] (C:\\Users\\Oscar\\OneDrive\\Documentos\\MyGasolineraBBDD\\MyGasolineraBackEnd\\node_modules\\express\\lib\\router\\layer.js:95:5)\n    at next (C:\\Users\\Oscar\\OneDrive\\Documentos\\MyGasolineraBBDD\\MyGasolineraBackEnd\\node_modules\\express\\lib\\router\\route.js:149:13)\n    at Route.dispatch (C:\\Users\\Oscar\\OneDrive\\Documentos\\MyGasolineraBBDD\\MyGasolineraBackEnd\\node_modules\\express\\lib\\router\\route.js:119:3)\n    at Layer.handle [as handle_request] (C:\\Users\\Oscar\\OneDrive\\Documentos\\MyGasolineraBBDD\\MyGasolineraBackEnd\\node_modules\\express\\lib\\router\\layer.js:95:5)\n    at C:\\Users\\Oscar\\OneDrive\\Documentos\\MyGasolineraBBDD\\MyGasolineraBackEnd\\node_modules\\express\\lib\\router\\index.js:284:15\n    at router.process_params (C:\\Users\\Oscar\\OneDrive\\Documentos\\MyGasolineraBBDD\\MyGasolineraBackEnd\\node_modules\\express\\lib\\router\\index.js:346:12)\n    at next (C:\\Users\\Oscar\\OneDrive\\Documentos\\MyGasolineraBBDD\\MyGasolineraBackEnd\\node_modules\\express\\lib\\router\\index.js:280:10)\n    at router.handle (C:\\Users\\Oscar\\OneDrive\\Documentos\\MyGasolineraBBDD\\MyGasolineraBackEnd\\node_modules\\express\\lib\\router\\index.js:175:3)"
}
[2026-02-14 14:17:28] [ERROR] Error del servidor {
  "service": "my-gasolinera-api",
  "metodo": "GET",
  "url": "/api/gasolineras?id_provincia=46",
  "status": 500,
  "duracion_ms": 2,
  "usuario_id": "anónimo",
  "ip": "127.0.0.1",
  "respuesta": {
    "success": false,
    "message": "Error interno del servidor"
  }
}
[2026-02-14 14:17:28] [ERROR] Error del servidor {
  "service": "my-gasolinera-api",
  "metodo": "GET",
  "url": "/api/gasolineras?id_provincia=46",
  "status": 500,
  "duracion_ms": 2,
  "usuario_id": "anónimo",
  "ip": "127.0.0.1",
  "respuesta": "{\"success\":false,\"message\":\"Error interno del servidor\"}"
}
[2026-02-14 14:17:28] [INFO] Petición entrante {
  "service": "my-gasolinera-api",
  "metodo": "GET",
  "url": "/api/gasolineras?id_provincia=12",
  "ip": "127.0.0.1",
  "userAgent": "Mozilla/5.0 (Windows NT 10.0; Win64; x64) AppleWebKit/537.36 (KHTML, like Gecko) Chrome/144.0.0.0 Safari/537.36",
  "body": {}
}
[2026-02-14 14:17:28] [ERROR] Error obteniendo gasolineras: {
  "service": "my-gasolinera-api",
  "error": "Unknown column 'id_provincia' in 'SELECT'",
  "stack": "Error: Unknown column 'id_provincia' in 'SELECT'\n    at PromisePool.execute (C:\\Users\\Oscar\\OneDrive\\Documentos\\MyGasolineraBBDD\\MyGasolineraBackEnd\\node_modules\\mysql2\\lib\\promise\\pool.js:54:22)\n    at exports.getGasolineras (C:\\Users\\Oscar\\OneDrive\\Documentos\\MyGasolineraBBDD\\MyGasolineraBackEnd\\controllers\\gasolinerasController.js:64:35)\n    at Layer.handle [as handle_request] (C:\\Users\\Oscar\\OneDrive\\Documentos\\MyGasolineraBBDD\\MyGasolineraBackEnd\\node_modules\\express\\lib\\router\\layer.js:95:5)\n    at next (C:\\Users\\Oscar\\OneDrive\\Documentos\\MyGasolineraBBDD\\MyGasolineraBackEnd\\node_modules\\express\\lib\\router\\route.js:149:13)\n    at Route.dispatch (C:\\Users\\Oscar\\OneDrive\\Documentos\\MyGasolineraBBDD\\MyGasolineraBackEnd\\node_modules\\express\\lib\\router\\route.js:119:3)\n    at Layer.handle [as handle_request] (C:\\Users\\Oscar\\OneDrive\\Documentos\\MyGasolineraBBDD\\MyGasolineraBackEnd\\node_modules\\express\\lib\\router\\layer.js:95:5)\n    at C:\\Users\\Oscar\\OneDrive\\Documentos\\MyGasolineraBBDD\\MyGasolineraBackEnd\\node_modules\\express\\lib\\router\\index.js:284:15\n    at router.process_params (C:\\Users\\Oscar\\OneDrive\\Documentos\\MyGasolineraBBDD\\MyGasolineraBackEnd\\node_modules\\express\\lib\\router\\index.js:346:12)\n    at next (C:\\Users\\Oscar\\OneDrive\\Documentos\\MyGasolineraBBDD\\MyGasolineraBackEnd\\node_modules\\express\\lib\\router\\index.js:280:10)\n    at router.handle (C:\\Users\\Oscar\\OneDrive\\Documentos\\MyGasolineraBBDD\\MyGasolineraBackEnd\\node_modules\\express\\lib\\router\\index.js:175:3)"
}
[2026-02-14 14:17:28] [ERROR] Error del servidor {
  "service": "my-gasolinera-api",
  "metodo": "GET",
  "url": "/api/gasolineras?id_provincia=12",
  "status": 500,
  "duracion_ms": 2,
  "usuario_id": "anónimo",
  "ip": "127.0.0.1",
  "respuesta": {
    "success": false,
    "message": "Error interno del servidor"
  }
}
[2026-02-14 14:17:28] [ERROR] Error del servidor {
  "service": "my-gasolinera-api",
  "metodo": "GET",
  "url": "/api/gasolineras?id_provincia=12",
  "status": 500,
  "duracion_ms": 2,
  "usuario_id": "anónimo",
  "ip": "127.0.0.1",
  "respuesta": "{\"success\":false,\"message\":\"Error interno del servidor\"}"
}
[2026-02-14 14:17:29] [INFO] Petición entrante {
  "service": "my-gasolinera-api",
  "metodo": "GET",
  "url": "/api/gasolineras?id_provincia=44",
  "ip": "127.0.0.1",
  "userAgent": "Mozilla/5.0 (Windows NT 10.0; Win64; x64) AppleWebKit/537.36 (KHTML, like Gecko) Chrome/144.0.0.0 Safari/537.36",
  "body": {}
}
[2026-02-14 14:17:29] [ERROR] Error obteniendo gasolineras: {
  "service": "my-gasolinera-api",
  "error": "Unknown column 'id_provincia' in 'SELECT'",
  "stack": "Error: Unknown column 'id_provincia' in 'SELECT'\n    at PromisePool.execute (C:\\Users\\Oscar\\OneDrive\\Documentos\\MyGasolineraBBDD\\MyGasolineraBackEnd\\node_modules\\mysql2\\lib\\promise\\pool.js:54:22)\n    at exports.getGasolineras (C:\\Users\\Oscar\\OneDrive\\Documentos\\MyGasolineraBBDD\\MyGasolineraBackEnd\\controllers\\gasolinerasController.js:64:35)\n    at Layer.handle [as handle_request] (C:\\Users\\Oscar\\OneDrive\\Documentos\\MyGasolineraBBDD\\MyGasolineraBackEnd\\node_modules\\express\\lib\\router\\layer.js:95:5)\n    at next (C:\\Users\\Oscar\\OneDrive\\Documentos\\MyGasolineraBBDD\\MyGasolineraBackEnd\\node_modules\\express\\lib\\router\\route.js:149:13)\n    at Route.dispatch (C:\\Users\\Oscar\\OneDrive\\Documentos\\MyGasolineraBBDD\\MyGasolineraBackEnd\\node_modules\\express\\lib\\router\\route.js:119:3)\n    at Layer.handle [as handle_request] (C:\\Users\\Oscar\\OneDrive\\Documentos\\MyGasolineraBBDD\\MyGasolineraBackEnd\\node_modules\\express\\lib\\router\\layer.js:95:5)\n    at C:\\Users\\Oscar\\OneDrive\\Documentos\\MyGasolineraBBDD\\MyGasolineraBackEnd\\node_modules\\express\\lib\\router\\index.js:284:15\n    at router.process_params (C:\\Users\\Oscar\\OneDrive\\Documentos\\MyGasolineraBBDD\\MyGasolineraBackEnd\\node_modules\\express\\lib\\router\\index.js:346:12)\n    at next (C:\\Users\\Oscar\\OneDrive\\Documentos\\MyGasolineraBBDD\\MyGasolineraBackEnd\\node_modules\\express\\lib\\router\\index.js:280:10)\n    at router.handle (C:\\Users\\Oscar\\OneDrive\\Documentos\\MyGasolineraBBDD\\MyGasolineraBackEnd\\node_modules\\express\\lib\\router\\index.js:175:3)"
}
[2026-02-14 14:17:29] [ERROR] Error del servidor {
  "service": "my-gasolinera-api",
  "metodo": "GET",
  "url": "/api/gasolineras?id_provincia=44",
  "status": 500,
  "duracion_ms": 1,
  "usuario_id": "anónimo",
  "ip": "127.0.0.1",
  "respuesta": {
    "success": false,
    "message": "Error interno del servidor"
  }
}
[2026-02-14 14:17:29] [ERROR] Error del servidor {
  "service": "my-gasolinera-api",
  "metodo": "GET",
  "url": "/api/gasolineras?id_provincia=44",
  "status": 500,
  "duracion_ms": 1,
  "usuario_id": "anónimo",
  "ip": "127.0.0.1",
  "respuesta": "{\"success\":false,\"message\":\"Error interno del servidor\"}"
}
[2026-02-14 14:17:29] [INFO] Petición entrante {
  "service": "my-gasolinera-api",
  "metodo": "GET",
  "url": "/api/gasolineras?id_provincia=16",
  "ip": "127.0.0.1",
  "userAgent": "Mozilla/5.0 (Windows NT 10.0; Win64; x64) AppleWebKit/537.36 (KHTML, like Gecko) Chrome/144.0.0.0 Safari/537.36",
  "body": {}
}
[2026-02-14 14:17:29] [ERROR] Error obteniendo gasolineras: {
  "service": "my-gasolinera-api",
  "error": "Unknown column 'id_provincia' in 'SELECT'",
  "stack": "Error: Unknown column 'id_provincia' in 'SELECT'\n    at PromisePool.execute (C:\\Users\\Oscar\\OneDrive\\Documentos\\MyGasolineraBBDD\\MyGasolineraBackEnd\\node_modules\\mysql2\\lib\\promise\\pool.js:54:22)\n    at exports.getGasolineras (C:\\Users\\Oscar\\OneDrive\\Documentos\\MyGasolineraBBDD\\MyGasolineraBackEnd\\controllers\\gasolinerasController.js:64:35)\n    at Layer.handle [as handle_request] (C:\\Users\\Oscar\\OneDrive\\Documentos\\MyGasolineraBBDD\\MyGasolineraBackEnd\\node_modules\\express\\lib\\router\\layer.js:95:5)\n    at next (C:\\Users\\Oscar\\OneDrive\\Documentos\\MyGasolineraBBDD\\MyGasolineraBackEnd\\node_modules\\express\\lib\\router\\route.js:149:13)\n    at Route.dispatch (C:\\Users\\Oscar\\OneDrive\\Documentos\\MyGasolineraBBDD\\MyGasolineraBackEnd\\node_modules\\express\\lib\\router\\route.js:119:3)\n    at Layer.handle [as handle_request] (C:\\Users\\Oscar\\OneDrive\\Documentos\\MyGasolineraBBDD\\MyGasolineraBackEnd\\node_modules\\express\\lib\\router\\layer.js:95:5)\n    at C:\\Users\\Oscar\\OneDrive\\Documentos\\MyGasolineraBBDD\\MyGasolineraBackEnd\\node_modules\\express\\lib\\router\\index.js:284:15\n    at router.process_params (C:\\Users\\Oscar\\OneDrive\\Documentos\\MyGasolineraBBDD\\MyGasolineraBackEnd\\node_modules\\express\\lib\\router\\index.js:346:12)\n    at next (C:\\Users\\Oscar\\OneDrive\\Documentos\\MyGasolineraBBDD\\MyGasolineraBackEnd\\node_modules\\express\\lib\\router\\index.js:280:10)\n    at router.handle (C:\\Users\\Oscar\\OneDrive\\Documentos\\MyGasolineraBBDD\\MyGasolineraBackEnd\\node_modules\\express\\lib\\router\\index.js:175:3)"
}
[2026-02-14 14:17:29] [ERROR] Error del servidor {
  "service": "my-gasolinera-api",
  "metodo": "GET",
  "url": "/api/gasolineras?id_provincia=16",
  "status": 500,
  "duracion_ms": 2,
  "usuario_id": "anónimo",
  "ip": "127.0.0.1",
  "respuesta": {
    "success": false,
    "message": "Error interno del servidor"
  }
}
[2026-02-14 14:17:29] [ERROR] Error del servidor {
  "service": "my-gasolinera-api",
  "metodo": "GET",
  "url": "/api/gasolineras?id_provincia=16",
  "status": 500,
  "duracion_ms": 2,
  "usuario_id": "anónimo",
  "ip": "127.0.0.1",
  "respuesta": "{\"success\":false,\"message\":\"Error interno del servidor\"}"
}
[2026-02-14 14:17:29] [INFO] Petición entrante {
  "service": "my-gasolinera-api",
  "metodo": "GET",
  "url": "/api/gasolineras?id_provincia=03",
  "ip": "127.0.0.1",
  "userAgent": "Mozilla/5.0 (Windows NT 10.0; Win64; x64) AppleWebKit/537.36 (KHTML, like Gecko) Chrome/144.0.0.0 Safari/537.36",
  "body": {}
}
[2026-02-14 14:17:29] [ERROR] Error obteniendo gasolineras: {
  "service": "my-gasolinera-api",
  "error": "Unknown column 'id_provincia' in 'SELECT'",
  "stack": "Error: Unknown column 'id_provincia' in 'SELECT'\n    at PromisePool.execute (C:\\Users\\Oscar\\OneDrive\\Documentos\\MyGasolineraBBDD\\MyGasolineraBackEnd\\node_modules\\mysql2\\lib\\promise\\pool.js:54:22)\n    at exports.getGasolineras (C:\\Users\\Oscar\\OneDrive\\Documentos\\MyGasolineraBBDD\\MyGasolineraBackEnd\\controllers\\gasolinerasController.js:64:35)\n    at Layer.handle [as handle_request] (C:\\Users\\Oscar\\OneDrive\\Documentos\\MyGasolineraBBDD\\MyGasolineraBackEnd\\node_modules\\express\\lib\\router\\layer.js:95:5)\n    at next (C:\\Users\\Oscar\\OneDrive\\Documentos\\MyGasolineraBBDD\\MyGasolineraBackEnd\\node_modules\\express\\lib\\router\\route.js:149:13)\n    at Route.dispatch (C:\\Users\\Oscar\\OneDrive\\Documentos\\MyGasolineraBBDD\\MyGasolineraBackEnd\\node_modules\\express\\lib\\router\\route.js:119:3)\n    at Layer.handle [as handle_request] (C:\\Users\\Oscar\\OneDrive\\Documentos\\MyGasolineraBBDD\\MyGasolineraBackEnd\\node_modules\\express\\lib\\router\\layer.js:95:5)\n    at C:\\Users\\Oscar\\OneDrive\\Documentos\\MyGasolineraBBDD\\MyGasolineraBackEnd\\node_modules\\express\\lib\\router\\index.js:284:15\n    at router.process_params (C:\\Users\\Oscar\\OneDrive\\Documentos\\MyGasolineraBBDD\\MyGasolineraBackEnd\\node_modules\\express\\lib\\router\\index.js:346:12)\n    at next (C:\\Users\\Oscar\\OneDrive\\Documentos\\MyGasolineraBBDD\\MyGasolineraBackEnd\\node_modules\\express\\lib\\router\\index.js:280:10)\n    at router.handle (C:\\Users\\Oscar\\OneDrive\\Documentos\\MyGasolineraBBDD\\MyGasolineraBackEnd\\node_modules\\express\\lib\\router\\index.js:175:3)"
}
[2026-02-14 14:17:29] [ERROR] Error del servidor {
  "service": "my-gasolinera-api",
  "metodo": "GET",
  "url": "/api/gasolineras?id_provincia=03",
  "status": 500,
  "duracion_ms": 2,
  "usuario_id": "anónimo",
  "ip": "127.0.0.1",
  "respuesta": {
    "success": false,
    "message": "Error interno del servidor"
  }
}
[2026-02-14 14:17:29] [ERROR] Error del servidor {
  "service": "my-gasolinera-api",
  "metodo": "GET",
  "url": "/api/gasolineras?id_provincia=03",
  "status": 500,
  "duracion_ms": 2,
  "usuario_id": "anónimo",
  "ip": "127.0.0.1",
  "respuesta": "{\"success\":false,\"message\":\"Error interno del servidor\"}"
}
[2026-02-14 14:17:29] [INFO] Petición entrante {
  "service": "my-gasolinera-api",
  "metodo": "GET",
  "url": "/api/gasolineras?id_provincia=46",
  "ip": "127.0.0.1",
  "userAgent": "Mozilla/5.0 (Windows NT 10.0; Win64; x64) AppleWebKit/537.36 (KHTML, like Gecko) Chrome/144.0.0.0 Safari/537.36",
  "body": {}
}
[2026-02-14 14:17:29] [ERROR] Error obteniendo gasolineras: {
  "service": "my-gasolinera-api",
  "error": "Unknown column 'id_provincia' in 'SELECT'",
  "stack": "Error: Unknown column 'id_provincia' in 'SELECT'\n    at PromisePool.execute (C:\\Users\\Oscar\\OneDrive\\Documentos\\MyGasolineraBBDD\\MyGasolineraBackEnd\\node_modules\\mysql2\\lib\\promise\\pool.js:54:22)\n    at exports.getGasolineras (C:\\Users\\Oscar\\OneDrive\\Documentos\\MyGasolineraBBDD\\MyGasolineraBackEnd\\controllers\\gasolinerasController.js:64:35)\n    at Layer.handle [as handle_request] (C:\\Users\\Oscar\\OneDrive\\Documentos\\MyGasolineraBBDD\\MyGasolineraBackEnd\\node_modules\\express\\lib\\router\\layer.js:95:5)\n    at next (C:\\Users\\Oscar\\OneDrive\\Documentos\\MyGasolineraBBDD\\MyGasolineraBackEnd\\node_modules\\express\\lib\\router\\route.js:149:13)\n    at Route.dispatch (C:\\Users\\Oscar\\OneDrive\\Documentos\\MyGasolineraBBDD\\MyGasolineraBackEnd\\node_modules\\express\\lib\\router\\route.js:119:3)\n    at Layer.handle [as handle_request] (C:\\Users\\Oscar\\OneDrive\\Documentos\\MyGasolineraBBDD\\MyGasolineraBackEnd\\node_modules\\express\\lib\\router\\layer.js:95:5)\n    at C:\\Users\\Oscar\\OneDrive\\Documentos\\MyGasolineraBBDD\\MyGasolineraBackEnd\\node_modules\\express\\lib\\router\\index.js:284:15\n    at router.process_params (C:\\Users\\Oscar\\OneDrive\\Documentos\\MyGasolineraBBDD\\MyGasolineraBackEnd\\node_modules\\express\\lib\\router\\index.js:346:12)\n    at next (C:\\Users\\Oscar\\OneDrive\\Documentos\\MyGasolineraBBDD\\MyGasolineraBackEnd\\node_modules\\express\\lib\\router\\index.js:280:10)\n    at router.handle (C:\\Users\\Oscar\\OneDrive\\Documentos\\MyGasolineraBBDD\\MyGasolineraBackEnd\\node_modules\\express\\lib\\router\\index.js:175:3)"
}
[2026-02-14 14:17:29] [ERROR] Error del servidor {
  "service": "my-gasolinera-api",
  "metodo": "GET",
  "url": "/api/gasolineras?id_provincia=46",
  "status": 500,
  "duracion_ms": 1,
  "usuario_id": "anónimo",
  "ip": "127.0.0.1",
  "respuesta": {
    "success": false,
    "message": "Error interno del servidor"
  }
}
[2026-02-14 14:17:29] [ERROR] Error del servidor {
  "service": "my-gasolinera-api",
  "metodo": "GET",
  "url": "/api/gasolineras?id_provincia=46",
  "status": 500,
  "duracion_ms": 1,
  "usuario_id": "anónimo",
  "ip": "127.0.0.1",
  "respuesta": "{\"success\":false,\"message\":\"Error interno del servidor\"}"
}
[2026-02-14 14:17:29] [INFO] Petición entrante {
  "service": "my-gasolinera-api",
  "metodo": "GET",
  "url": "/api/gasolineras?id_provincia=12",
  "ip": "127.0.0.1",
  "userAgent": "Mozilla/5.0 (Windows NT 10.0; Win64; x64) AppleWebKit/537.36 (KHTML, like Gecko) Chrome/144.0.0.0 Safari/537.36",
  "body": {}
}
[2026-02-14 14:17:29] [ERROR] Error obteniendo gasolineras: {
  "service": "my-gasolinera-api",
  "error": "Unknown column 'id_provincia' in 'SELECT'",
  "stack": "Error: Unknown column 'id_provincia' in 'SELECT'\n    at PromisePool.execute (C:\\Users\\Oscar\\OneDrive\\Documentos\\MyGasolineraBBDD\\MyGasolineraBackEnd\\node_modules\\mysql2\\lib\\promise\\pool.js:54:22)\n    at exports.getGasolineras (C:\\Users\\Oscar\\OneDrive\\Documentos\\MyGasolineraBBDD\\MyGasolineraBackEnd\\controllers\\gasolinerasController.js:64:35)\n    at Layer.handle [as handle_request] (C:\\Users\\Oscar\\OneDrive\\Documentos\\MyGasolineraBBDD\\MyGasolineraBackEnd\\node_modules\\express\\lib\\router\\layer.js:95:5)\n    at next (C:\\Users\\Oscar\\OneDrive\\Documentos\\MyGasolineraBBDD\\MyGasolineraBackEnd\\node_modules\\express\\lib\\router\\route.js:149:13)\n    at Route.dispatch (C:\\Users\\Oscar\\OneDrive\\Documentos\\MyGasolineraBBDD\\MyGasolineraBackEnd\\node_modules\\express\\lib\\router\\route.js:119:3)\n    at Layer.handle [as handle_request] (C:\\Users\\Oscar\\OneDrive\\Documentos\\MyGasolineraBBDD\\MyGasolineraBackEnd\\node_modules\\express\\lib\\router\\layer.js:95:5)\n    at C:\\Users\\Oscar\\OneDrive\\Documentos\\MyGasolineraBBDD\\MyGasolineraBackEnd\\node_modules\\express\\lib\\router\\index.js:284:15\n    at router.process_params (C:\\Users\\Oscar\\OneDrive\\Documentos\\MyGasolineraBBDD\\MyGasolineraBackEnd\\node_modules\\express\\lib\\router\\index.js:346:12)\n    at next (C:\\Users\\Oscar\\OneDrive\\Documentos\\MyGasolineraBBDD\\MyGasolineraBackEnd\\node_modules\\express\\lib\\router\\index.js:280:10)\n    at router.handle (C:\\Users\\Oscar\\OneDrive\\Documentos\\MyGasolineraBBDD\\MyGasolineraBackEnd\\node_modules\\express\\lib\\router\\index.js:175:3)"
}
[2026-02-14 14:17:29] [ERROR] Error del servidor {
  "service": "my-gasolinera-api",
  "metodo": "GET",
  "url": "/api/gasolineras?id_provincia=12",
  "status": 500,
  "duracion_ms": 1,
  "usuario_id": "anónimo",
  "ip": "127.0.0.1",
  "respuesta": {
    "success": false,
    "message": "Error interno del servidor"
  }
}
[2026-02-14 14:17:29] [ERROR] Error del servidor {
  "service": "my-gasolinera-api",
  "metodo": "GET",
  "url": "/api/gasolineras?id_provincia=12",
  "status": 500,
  "duracion_ms": 2,
  "usuario_id": "anónimo",
  "ip": "127.0.0.1",
  "respuesta": "{\"success\":false,\"message\":\"Error interno del servidor\"}"
}
[2026-02-14 14:17:29] [INFO] Petición entrante {
  "service": "my-gasolinera-api",
  "metodo": "GET",
  "url": "/api/gasolineras?id_provincia=44",
  "ip": "127.0.0.1",
  "userAgent": "Mozilla/5.0 (Windows NT 10.0; Win64; x64) AppleWebKit/537.36 (KHTML, like Gecko) Chrome/144.0.0.0 Safari/537.36",
  "body": {}
}
[2026-02-14 14:17:29] [ERROR] Error obteniendo gasolineras: {
  "service": "my-gasolinera-api",
  "error": "Unknown column 'id_provincia' in 'SELECT'",
  "stack": "Error: Unknown column 'id_provincia' in 'SELECT'\n    at PromisePool.execute (C:\\Users\\Oscar\\OneDrive\\Documentos\\MyGasolineraBBDD\\MyGasolineraBackEnd\\node_modules\\mysql2\\lib\\promise\\pool.js:54:22)\n    at exports.getGasolineras (C:\\Users\\Oscar\\OneDrive\\Documentos\\MyGasolineraBBDD\\MyGasolineraBackEnd\\controllers\\gasolinerasController.js:64:35)\n    at Layer.handle [as handle_request] (C:\\Users\\Oscar\\OneDrive\\Documentos\\MyGasolineraBBDD\\MyGasolineraBackEnd\\node_modules\\express\\lib\\router\\layer.js:95:5)\n    at next (C:\\Users\\Oscar\\OneDrive\\Documentos\\MyGasolineraBBDD\\MyGasolineraBackEnd\\node_modules\\express\\lib\\router\\route.js:149:13)\n    at Route.dispatch (C:\\Users\\Oscar\\OneDrive\\Documentos\\MyGasolineraBBDD\\MyGasolineraBackEnd\\node_modules\\express\\lib\\router\\route.js:119:3)\n    at Layer.handle [as handle_request] (C:\\Users\\Oscar\\OneDrive\\Documentos\\MyGasolineraBBDD\\MyGasolineraBackEnd\\node_modules\\express\\lib\\router\\layer.js:95:5)\n    at C:\\Users\\Oscar\\OneDrive\\Documentos\\MyGasolineraBBDD\\MyGasolineraBackEnd\\node_modules\\express\\lib\\router\\index.js:284:15\n    at router.process_params (C:\\Users\\Oscar\\OneDrive\\Documentos\\MyGasolineraBBDD\\MyGasolineraBackEnd\\node_modules\\express\\lib\\router\\index.js:346:12)\n    at next (C:\\Users\\Oscar\\OneDrive\\Documentos\\MyGasolineraBBDD\\MyGasolineraBackEnd\\node_modules\\express\\lib\\router\\index.js:280:10)\n    at router.handle (C:\\Users\\Oscar\\OneDrive\\Documentos\\MyGasolineraBBDD\\MyGasolineraBackEnd\\node_modules\\express\\lib\\router\\index.js:175:3)"
}
[2026-02-14 14:17:29] [ERROR] Error del servidor {
  "service": "my-gasolinera-api",
  "metodo": "GET",
  "url": "/api/gasolineras?id_provincia=44",
  "status": 500,
  "duracion_ms": 1,
  "usuario_id": "anónimo",
  "ip": "127.0.0.1",
  "respuesta": {
    "success": false,
    "message": "Error interno del servidor"
  }
}
[2026-02-14 14:17:29] [ERROR] Error del servidor {
  "service": "my-gasolinera-api",
  "metodo": "GET",
  "url": "/api/gasolineras?id_provincia=44",
  "status": 500,
  "duracion_ms": 1,
  "usuario_id": "anónimo",
  "ip": "127.0.0.1",
  "respuesta": "{\"success\":false,\"message\":\"Error interno del servidor\"}"
}
[2026-02-14 14:17:29] [INFO] Petición entrante {
  "service": "my-gasolinera-api",
  "metodo": "GET",
  "url": "/api/gasolineras?id_provincia=16",
  "ip": "127.0.0.1",
  "userAgent": "Mozilla/5.0 (Windows NT 10.0; Win64; x64) AppleWebKit/537.36 (KHTML, like Gecko) Chrome/144.0.0.0 Safari/537.36",
  "body": {}
}
[2026-02-14 14:17:29] [ERROR] Error obteniendo gasolineras: {
  "service": "my-gasolinera-api",
  "error": "Unknown column 'id_provincia' in 'SELECT'",
  "stack": "Error: Unknown column 'id_provincia' in 'SELECT'\n    at PromisePool.execute (C:\\Users\\Oscar\\OneDrive\\Documentos\\MyGasolineraBBDD\\MyGasolineraBackEnd\\node_modules\\mysql2\\lib\\promise\\pool.js:54:22)\n    at exports.getGasolineras (C:\\Users\\Oscar\\OneDrive\\Documentos\\MyGasolineraBBDD\\MyGasolineraBackEnd\\controllers\\gasolinerasController.js:64:35)\n    at Layer.handle [as handle_request] (C:\\Users\\Oscar\\OneDrive\\Documentos\\MyGasolineraBBDD\\MyGasolineraBackEnd\\node_modules\\express\\lib\\router\\layer.js:95:5)\n    at next (C:\\Users\\Oscar\\OneDrive\\Documentos\\MyGasolineraBBDD\\MyGasolineraBackEnd\\node_modules\\express\\lib\\router\\route.js:149:13)\n    at Route.dispatch (C:\\Users\\Oscar\\OneDrive\\Documentos\\MyGasolineraBBDD\\MyGasolineraBackEnd\\node_modules\\express\\lib\\router\\route.js:119:3)\n    at Layer.handle [as handle_request] (C:\\Users\\Oscar\\OneDrive\\Documentos\\MyGasolineraBBDD\\MyGasolineraBackEnd\\node_modules\\express\\lib\\router\\layer.js:95:5)\n    at C:\\Users\\Oscar\\OneDrive\\Documentos\\MyGasolineraBBDD\\MyGasolineraBackEnd\\node_modules\\express\\lib\\router\\index.js:284:15\n    at router.process_params (C:\\Users\\Oscar\\OneDrive\\Documentos\\MyGasolineraBBDD\\MyGasolineraBackEnd\\node_modules\\express\\lib\\router\\index.js:346:12)\n    at next (C:\\Users\\Oscar\\OneDrive\\Documentos\\MyGasolineraBBDD\\MyGasolineraBackEnd\\node_modules\\express\\lib\\router\\index.js:280:10)\n    at router.handle (C:\\Users\\Oscar\\OneDrive\\Documentos\\MyGasolineraBBDD\\MyGasolineraBackEnd\\node_modules\\express\\lib\\router\\index.js:175:3)"
}
[2026-02-14 14:17:29] [ERROR] Error del servidor {
  "service": "my-gasolinera-api",
  "metodo": "GET",
  "url": "/api/gasolineras?id_provincia=16",
  "status": 500,
  "duracion_ms": 2,
  "usuario_id": "anónimo",
  "ip": "127.0.0.1",
  "respuesta": {
    "success": false,
    "message": "Error interno del servidor"
  }
}
[2026-02-14 14:17:29] [ERROR] Error del servidor {
  "service": "my-gasolinera-api",
  "metodo": "GET",
  "url": "/api/gasolineras?id_provincia=16",
  "status": 500,
  "duracion_ms": 2,
  "usuario_id": "anónimo",
  "ip": "127.0.0.1",
  "respuesta": "{\"success\":false,\"message\":\"Error interno del servidor\"}"
}
[2026-02-14 14:17:29] [INFO] Petición entrante {
  "service": "my-gasolinera-api",
  "metodo": "GET",
  "url": "/api/gasolineras?id_provincia=03",
  "ip": "127.0.0.1",
  "userAgent": "Mozilla/5.0 (Windows NT 10.0; Win64; x64) AppleWebKit/537.36 (KHTML, like Gecko) Chrome/144.0.0.0 Safari/537.36",
  "body": {}
}
[2026-02-14 14:17:29] [ERROR] Error obteniendo gasolineras: {
  "service": "my-gasolinera-api",
  "error": "Unknown column 'id_provincia' in 'SELECT'",
  "stack": "Error: Unknown column 'id_provincia' in 'SELECT'\n    at PromisePool.execute (C:\\Users\\Oscar\\OneDrive\\Documentos\\MyGasolineraBBDD\\MyGasolineraBackEnd\\node_modules\\mysql2\\lib\\promise\\pool.js:54:22)\n    at exports.getGasolineras (C:\\Users\\Oscar\\OneDrive\\Documentos\\MyGasolineraBBDD\\MyGasolineraBackEnd\\controllers\\gasolinerasController.js:64:35)\n    at Layer.handle [as handle_request] (C:\\Users\\Oscar\\OneDrive\\Documentos\\MyGasolineraBBDD\\MyGasolineraBackEnd\\node_modules\\express\\lib\\router\\layer.js:95:5)\n    at next (C:\\Users\\Oscar\\OneDrive\\Documentos\\MyGasolineraBBDD\\MyGasolineraBackEnd\\node_modules\\express\\lib\\router\\route.js:149:13)\n    at Route.dispatch (C:\\Users\\Oscar\\OneDrive\\Documentos\\MyGasolineraBBDD\\MyGasolineraBackEnd\\node_modules\\express\\lib\\router\\route.js:119:3)\n    at Layer.handle [as handle_request] (C:\\Users\\Oscar\\OneDrive\\Documentos\\MyGasolineraBBDD\\MyGasolineraBackEnd\\node_modules\\express\\lib\\router\\layer.js:95:5)\n    at C:\\Users\\Oscar\\OneDrive\\Documentos\\MyGasolineraBBDD\\MyGasolineraBackEnd\\node_modules\\express\\lib\\router\\index.js:284:15\n    at router.process_params (C:\\Users\\Oscar\\OneDrive\\Documentos\\MyGasolineraBBDD\\MyGasolineraBackEnd\\node_modules\\express\\lib\\router\\index.js:346:12)\n    at next (C:\\Users\\Oscar\\OneDrive\\Documentos\\MyGasolineraBBDD\\MyGasolineraBackEnd\\node_modules\\express\\lib\\router\\index.js:280:10)\n    at router.handle (C:\\Users\\Oscar\\OneDrive\\Documentos\\MyGasolineraBBDD\\MyGasolineraBackEnd\\node_modules\\express\\lib\\router\\index.js:175:3)"
}
[2026-02-14 14:17:29] [ERROR] Error del servidor {
  "service": "my-gasolinera-api",
  "metodo": "GET",
  "url": "/api/gasolineras?id_provincia=03",
  "status": 500,
  "duracion_ms": 2,
  "usuario_id": "anónimo",
  "ip": "127.0.0.1",
  "respuesta": {
    "success": false,
    "message": "Error interno del servidor"
  }
}
[2026-02-14 14:17:29] [ERROR] Error del servidor {
  "service": "my-gasolinera-api",
  "metodo": "GET",
  "url": "/api/gasolineras?id_provincia=03",
  "status": 500,
  "duracion_ms": 2,
  "usuario_id": "anónimo",
  "ip": "127.0.0.1",
  "respuesta": "{\"success\":false,\"message\":\"Error interno del servidor\"}"
}
[2026-02-14 14:17:30] [INFO] Petición entrante {
  "service": "my-gasolinera-api",
  "metodo": "GET",
  "url": "/api/gasolineras?id_provincia=46",
  "ip": "127.0.0.1",
  "userAgent": "Mozilla/5.0 (Windows NT 10.0; Win64; x64) AppleWebKit/537.36 (KHTML, like Gecko) Chrome/144.0.0.0 Safari/537.36",
  "body": {}
}
[2026-02-14 14:17:30] [ERROR] Error obteniendo gasolineras: {
  "service": "my-gasolinera-api",
  "error": "Unknown column 'id_provincia' in 'SELECT'",
  "stack": "Error: Unknown column 'id_provincia' in 'SELECT'\n    at PromisePool.execute (C:\\Users\\Oscar\\OneDrive\\Documentos\\MyGasolineraBBDD\\MyGasolineraBackEnd\\node_modules\\mysql2\\lib\\promise\\pool.js:54:22)\n    at exports.getGasolineras (C:\\Users\\Oscar\\OneDrive\\Documentos\\MyGasolineraBBDD\\MyGasolineraBackEnd\\controllers\\gasolinerasController.js:64:35)\n    at Layer.handle [as handle_request] (C:\\Users\\Oscar\\OneDrive\\Documentos\\MyGasolineraBBDD\\MyGasolineraBackEnd\\node_modules\\express\\lib\\router\\layer.js:95:5)\n    at next (C:\\Users\\Oscar\\OneDrive\\Documentos\\MyGasolineraBBDD\\MyGasolineraBackEnd\\node_modules\\express\\lib\\router\\route.js:149:13)\n    at Route.dispatch (C:\\Users\\Oscar\\OneDrive\\Documentos\\MyGasolineraBBDD\\MyGasolineraBackEnd\\node_modules\\express\\lib\\router\\route.js:119:3)\n    at Layer.handle [as handle_request] (C:\\Users\\Oscar\\OneDrive\\Documentos\\MyGasolineraBBDD\\MyGasolineraBackEnd\\node_modules\\express\\lib\\router\\layer.js:95:5)\n    at C:\\Users\\Oscar\\OneDrive\\Documentos\\MyGasolineraBBDD\\MyGasolineraBackEnd\\node_modules\\express\\lib\\router\\index.js:284:15\n    at router.process_params (C:\\Users\\Oscar\\OneDrive\\Documentos\\MyGasolineraBBDD\\MyGasolineraBackEnd\\node_modules\\express\\lib\\router\\index.js:346:12)\n    at next (C:\\Users\\Oscar\\OneDrive\\Documentos\\MyGasolineraBBDD\\MyGasolineraBackEnd\\node_modules\\express\\lib\\router\\index.js:280:10)\n    at router.handle (C:\\Users\\Oscar\\OneDrive\\Documentos\\MyGasolineraBBDD\\MyGasolineraBackEnd\\node_modules\\express\\lib\\router\\index.js:175:3)"
}
[2026-02-14 14:17:30] [ERROR] Error del servidor {
  "service": "my-gasolinera-api",
  "metodo": "GET",
  "url": "/api/gasolineras?id_provincia=46",
  "status": 500,
  "duracion_ms": 2,
  "usuario_id": "anónimo",
  "ip": "127.0.0.1",
  "respuesta": {
    "success": false,
    "message": "Error interno del servidor"
  }
}
[2026-02-14 14:17:30] [ERROR] Error del servidor {
  "service": "my-gasolinera-api",
  "metodo": "GET",
  "url": "/api/gasolineras?id_provincia=46",
  "status": 500,
  "duracion_ms": 2,
  "usuario_id": "anónimo",
  "ip": "127.0.0.1",
  "respuesta": "{\"success\":false,\"message\":\"Error interno del servidor\"}"
}
[2026-02-14 14:17:30] [INFO] Petición entrante {
  "service": "my-gasolinera-api",
  "metodo": "GET",
  "url": "/api/gasolineras?id_provincia=12",
  "ip": "127.0.0.1",
  "userAgent": "Mozilla/5.0 (Windows NT 10.0; Win64; x64) AppleWebKit/537.36 (KHTML, like Gecko) Chrome/144.0.0.0 Safari/537.36",
  "body": {}
}
[2026-02-14 14:17:30] [ERROR] Error obteniendo gasolineras: {
  "service": "my-gasolinera-api",
  "error": "Unknown column 'id_provincia' in 'SELECT'",
  "stack": "Error: Unknown column 'id_provincia' in 'SELECT'\n    at PromisePool.execute (C:\\Users\\Oscar\\OneDrive\\Documentos\\MyGasolineraBBDD\\MyGasolineraBackEnd\\node_modules\\mysql2\\lib\\promise\\pool.js:54:22)\n    at exports.getGasolineras (C:\\Users\\Oscar\\OneDrive\\Documentos\\MyGasolineraBBDD\\MyGasolineraBackEnd\\controllers\\gasolinerasController.js:64:35)\n    at Layer.handle [as handle_request] (C:\\Users\\Oscar\\OneDrive\\Documentos\\MyGasolineraBBDD\\MyGasolineraBackEnd\\node_modules\\express\\lib\\router\\layer.js:95:5)\n    at next (C:\\Users\\Oscar\\OneDrive\\Documentos\\MyGasolineraBBDD\\MyGasolineraBackEnd\\node_modules\\express\\lib\\router\\route.js:149:13)\n    at Route.dispatch (C:\\Users\\Oscar\\OneDrive\\Documentos\\MyGasolineraBBDD\\MyGasolineraBackEnd\\node_modules\\express\\lib\\router\\route.js:119:3)\n    at Layer.handle [as handle_request] (C:\\Users\\Oscar\\OneDrive\\Documentos\\MyGasolineraBBDD\\MyGasolineraBackEnd\\node_modules\\express\\lib\\router\\layer.js:95:5)\n    at C:\\Users\\Oscar\\OneDrive\\Documentos\\MyGasolineraBBDD\\MyGasolineraBackEnd\\node_modules\\express\\lib\\router\\index.js:284:15\n    at router.process_params (C:\\Users\\Oscar\\OneDrive\\Documentos\\MyGasolineraBBDD\\MyGasolineraBackEnd\\node_modules\\express\\lib\\router\\index.js:346:12)\n    at next (C:\\Users\\Oscar\\OneDrive\\Documentos\\MyGasolineraBBDD\\MyGasolineraBackEnd\\node_modules\\express\\lib\\router\\index.js:280:10)\n    at router.handle (C:\\Users\\Oscar\\OneDrive\\Documentos\\MyGasolineraBBDD\\MyGasolineraBackEnd\\node_modules\\express\\lib\\router\\index.js:175:3)"
}
[2026-02-14 14:17:30] [ERROR] Error del servidor {
  "service": "my-gasolinera-api",
  "metodo": "GET",
  "url": "/api/gasolineras?id_provincia=12",
  "status": 500,
  "duracion_ms": 2,
  "usuario_id": "anónimo",
  "ip": "127.0.0.1",
  "respuesta": {
    "success": false,
    "message": "Error interno del servidor"
  }
}
[2026-02-14 14:17:30] [ERROR] Error del servidor {
  "service": "my-gasolinera-api",
  "metodo": "GET",
  "url": "/api/gasolineras?id_provincia=12",
  "status": 500,
  "duracion_ms": 2,
  "usuario_id": "anónimo",
  "ip": "127.0.0.1",
  "respuesta": "{\"success\":false,\"message\":\"Error interno del servidor\"}"
}
[2026-02-14 14:17:30] [INFO] Petición entrante {
  "service": "my-gasolinera-api",
  "metodo": "GET",
  "url": "/api/gasolineras?id_provincia=44",
  "ip": "127.0.0.1",
  "userAgent": "Mozilla/5.0 (Windows NT 10.0; Win64; x64) AppleWebKit/537.36 (KHTML, like Gecko) Chrome/144.0.0.0 Safari/537.36",
  "body": {}
}
[2026-02-14 14:17:30] [ERROR] Error obteniendo gasolineras: {
  "service": "my-gasolinera-api",
  "error": "Unknown column 'id_provincia' in 'SELECT'",
  "stack": "Error: Unknown column 'id_provincia' in 'SELECT'\n    at PromisePool.execute (C:\\Users\\Oscar\\OneDrive\\Documentos\\MyGasolineraBBDD\\MyGasolineraBackEnd\\node_modules\\mysql2\\lib\\promise\\pool.js:54:22)\n    at exports.getGasolineras (C:\\Users\\Oscar\\OneDrive\\Documentos\\MyGasolineraBBDD\\MyGasolineraBackEnd\\controllers\\gasolinerasController.js:64:35)\n    at Layer.handle [as handle_request] (C:\\Users\\Oscar\\OneDrive\\Documentos\\MyGasolineraBBDD\\MyGasolineraBackEnd\\node_modules\\express\\lib\\router\\layer.js:95:5)\n    at next (C:\\Users\\Oscar\\OneDrive\\Documentos\\MyGasolineraBBDD\\MyGasolineraBackEnd\\node_modules\\express\\lib\\router\\route.js:149:13)\n    at Route.dispatch (C:\\Users\\Oscar\\OneDrive\\Documentos\\MyGasolineraBBDD\\MyGasolineraBackEnd\\node_modules\\express\\lib\\router\\route.js:119:3)\n    at Layer.handle [as handle_request] (C:\\Users\\Oscar\\OneDrive\\Documentos\\MyGasolineraBBDD\\MyGasolineraBackEnd\\node_modules\\express\\lib\\router\\layer.js:95:5)\n    at C:\\Users\\Oscar\\OneDrive\\Documentos\\MyGasolineraBBDD\\MyGasolineraBackEnd\\node_modules\\express\\lib\\router\\index.js:284:15\n    at router.process_params (C:\\Users\\Oscar\\OneDrive\\Documentos\\MyGasolineraBBDD\\MyGasolineraBackEnd\\node_modules\\express\\lib\\router\\index.js:346:12)\n    at next (C:\\Users\\Oscar\\OneDrive\\Documentos\\MyGasolineraBBDD\\MyGasolineraBackEnd\\node_modules\\express\\lib\\router\\index.js:280:10)\n    at router.handle (C:\\Users\\Oscar\\OneDrive\\Documentos\\MyGasolineraBBDD\\MyGasolineraBackEnd\\node_modules\\express\\lib\\router\\index.js:175:3)"
}
[2026-02-14 14:17:30] [ERROR] Error del servidor {
  "service": "my-gasolinera-api",
  "metodo": "GET",
  "url": "/api/gasolineras?id_provincia=44",
  "status": 500,
  "duracion_ms": 1,
  "usuario_id": "anónimo",
  "ip": "127.0.0.1",
  "respuesta": {
    "success": false,
    "message": "Error interno del servidor"
  }
}
[2026-02-14 14:17:30] [ERROR] Error del servidor {
  "service": "my-gasolinera-api",
  "metodo": "GET",
  "url": "/api/gasolineras?id_provincia=44",
  "status": 500,
  "duracion_ms": 2,
  "usuario_id": "anónimo",
  "ip": "127.0.0.1",
  "respuesta": "{\"success\":false,\"message\":\"Error interno del servidor\"}"
}
[2026-02-14 14:17:30] [INFO] Petición entrante {
  "service": "my-gasolinera-api",
  "metodo": "GET",
  "url": "/api/gasolineras?id_provincia=16",
  "ip": "127.0.0.1",
  "userAgent": "Mozilla/5.0 (Windows NT 10.0; Win64; x64) AppleWebKit/537.36 (KHTML, like Gecko) Chrome/144.0.0.0 Safari/537.36",
  "body": {}
}
[2026-02-14 14:17:30] [ERROR] Error obteniendo gasolineras: {
  "service": "my-gasolinera-api",
  "error": "Unknown column 'id_provincia' in 'SELECT'",
  "stack": "Error: Unknown column 'id_provincia' in 'SELECT'\n    at PromisePool.execute (C:\\Users\\Oscar\\OneDrive\\Documentos\\MyGasolineraBBDD\\MyGasolineraBackEnd\\node_modules\\mysql2\\lib\\promise\\pool.js:54:22)\n    at exports.getGasolineras (C:\\Users\\Oscar\\OneDrive\\Documentos\\MyGasolineraBBDD\\MyGasolineraBackEnd\\controllers\\gasolinerasController.js:64:35)\n    at Layer.handle [as handle_request] (C:\\Users\\Oscar\\OneDrive\\Documentos\\MyGasolineraBBDD\\MyGasolineraBackEnd\\node_modules\\express\\lib\\router\\layer.js:95:5)\n    at next (C:\\Users\\Oscar\\OneDrive\\Documentos\\MyGasolineraBBDD\\MyGasolineraBackEnd\\node_modules\\express\\lib\\router\\route.js:149:13)\n    at Route.dispatch (C:\\Users\\Oscar\\OneDrive\\Documentos\\MyGasolineraBBDD\\MyGasolineraBackEnd\\node_modules\\express\\lib\\router\\route.js:119:3)\n    at Layer.handle [as handle_request] (C:\\Users\\Oscar\\OneDrive\\Documentos\\MyGasolineraBBDD\\MyGasolineraBackEnd\\node_modules\\express\\lib\\router\\layer.js:95:5)\n    at C:\\Users\\Oscar\\OneDrive\\Documentos\\MyGasolineraBBDD\\MyGasolineraBackEnd\\node_modules\\express\\lib\\router\\index.js:284:15\n    at router.process_params (C:\\Users\\Oscar\\OneDrive\\Documentos\\MyGasolineraBBDD\\MyGasolineraBackEnd\\node_modules\\express\\lib\\router\\index.js:346:12)\n    at next (C:\\Users\\Oscar\\OneDrive\\Documentos\\MyGasolineraBBDD\\MyGasolineraBackEnd\\node_modules\\express\\lib\\router\\index.js:280:10)\n    at router.handle (C:\\Users\\Oscar\\OneDrive\\Documentos\\MyGasolineraBBDD\\MyGasolineraBackEnd\\node_modules\\express\\lib\\router\\index.js:175:3)"
}
[2026-02-14 14:17:30] [ERROR] Error del servidor {
  "service": "my-gasolinera-api",
  "metodo": "GET",
  "url": "/api/gasolineras?id_provincia=16",
  "status": 500,
  "duracion_ms": 2,
  "usuario_id": "anónimo",
  "ip": "127.0.0.1",
  "respuesta": {
    "success": false,
    "message": "Error interno del servidor"
  }
}
[2026-02-14 14:17:30] [ERROR] Error del servidor {
  "service": "my-gasolinera-api",
  "metodo": "GET",
  "url": "/api/gasolineras?id_provincia=16",
  "status": 500,
  "duracion_ms": 3,
  "usuario_id": "anónimo",
  "ip": "127.0.0.1",
  "respuesta": "{\"success\":false,\"message\":\"Error interno del servidor\"}"
}
[2026-02-14 14:17:30] [INFO] Petición entrante {
  "service": "my-gasolinera-api",
  "metodo": "GET",
  "url": "/api/gasolineras?id_provincia=03",
  "ip": "127.0.0.1",
  "userAgent": "Mozilla/5.0 (Windows NT 10.0; Win64; x64) AppleWebKit/537.36 (KHTML, like Gecko) Chrome/144.0.0.0 Safari/537.36",
  "body": {}
}
[2026-02-14 14:17:30] [ERROR] Error obteniendo gasolineras: {
  "service": "my-gasolinera-api",
  "error": "Unknown column 'id_provincia' in 'SELECT'",
  "stack": "Error: Unknown column 'id_provincia' in 'SELECT'\n    at PromisePool.execute (C:\\Users\\Oscar\\OneDrive\\Documentos\\MyGasolineraBBDD\\MyGasolineraBackEnd\\node_modules\\mysql2\\lib\\promise\\pool.js:54:22)\n    at exports.getGasolineras (C:\\Users\\Oscar\\OneDrive\\Documentos\\MyGasolineraBBDD\\MyGasolineraBackEnd\\controllers\\gasolinerasController.js:64:35)\n    at Layer.handle [as handle_request] (C:\\Users\\Oscar\\OneDrive\\Documentos\\MyGasolineraBBDD\\MyGasolineraBackEnd\\node_modules\\express\\lib\\router\\layer.js:95:5)\n    at next (C:\\Users\\Oscar\\OneDrive\\Documentos\\MyGasolineraBBDD\\MyGasolineraBackEnd\\node_modules\\express\\lib\\router\\route.js:149:13)\n    at Route.dispatch (C:\\Users\\Oscar\\OneDrive\\Documentos\\MyGasolineraBBDD\\MyGasolineraBackEnd\\node_modules\\express\\lib\\router\\route.js:119:3)\n    at Layer.handle [as handle_request] (C:\\Users\\Oscar\\OneDrive\\Documentos\\MyGasolineraBBDD\\MyGasolineraBackEnd\\node_modules\\express\\lib\\router\\layer.js:95:5)\n    at C:\\Users\\Oscar\\OneDrive\\Documentos\\MyGasolineraBBDD\\MyGasolineraBackEnd\\node_modules\\express\\lib\\router\\index.js:284:15\n    at router.process_params (C:\\Users\\Oscar\\OneDrive\\Documentos\\MyGasolineraBBDD\\MyGasolineraBackEnd\\node_modules\\express\\lib\\router\\index.js:346:12)\n    at next (C:\\Users\\Oscar\\OneDrive\\Documentos\\MyGasolineraBBDD\\MyGasolineraBackEnd\\node_modules\\express\\lib\\router\\index.js:280:10)\n    at router.handle (C:\\Users\\Oscar\\OneDrive\\Documentos\\MyGasolineraBBDD\\MyGasolineraBackEnd\\node_modules\\express\\lib\\router\\index.js:175:3)"
}
[2026-02-14 14:17:30] [ERROR] Error del servidor {
  "service": "my-gasolinera-api",
  "metodo": "GET",
  "url": "/api/gasolineras?id_provincia=03",
  "status": 500,
  "duracion_ms": 1,
  "usuario_id": "anónimo",
  "ip": "127.0.0.1",
  "respuesta": {
    "success": false,
    "message": "Error interno del servidor"
  }
}
[2026-02-14 14:17:30] [ERROR] Error del servidor {
  "service": "my-gasolinera-api",
  "metodo": "GET",
  "url": "/api/gasolineras?id_provincia=03",
  "status": 500,
  "duracion_ms": 1,
  "usuario_id": "anónimo",
  "ip": "127.0.0.1",
  "respuesta": "{\"success\":false,\"message\":\"Error interno del servidor\"}"
}
[2026-02-14 14:17:31] [INFO] Petición entrante {
  "service": "my-gasolinera-api",
  "metodo": "GET",
  "url": "/api/gasolineras?id_provincia=46",
  "ip": "127.0.0.1",
  "userAgent": "Mozilla/5.0 (Windows NT 10.0; Win64; x64) AppleWebKit/537.36 (KHTML, like Gecko) Chrome/144.0.0.0 Safari/537.36",
  "body": {}
}
[2026-02-14 14:17:31] [ERROR] Error obteniendo gasolineras: {
  "service": "my-gasolinera-api",
  "error": "Unknown column 'id_provincia' in 'SELECT'",
  "stack": "Error: Unknown column 'id_provincia' in 'SELECT'\n    at PromisePool.execute (C:\\Users\\Oscar\\OneDrive\\Documentos\\MyGasolineraBBDD\\MyGasolineraBackEnd\\node_modules\\mysql2\\lib\\promise\\pool.js:54:22)\n    at exports.getGasolineras (C:\\Users\\Oscar\\OneDrive\\Documentos\\MyGasolineraBBDD\\MyGasolineraBackEnd\\controllers\\gasolinerasController.js:64:35)\n    at Layer.handle [as handle_request] (C:\\Users\\Oscar\\OneDrive\\Documentos\\MyGasolineraBBDD\\MyGasolineraBackEnd\\node_modules\\express\\lib\\router\\layer.js:95:5)\n    at next (C:\\Users\\Oscar\\OneDrive\\Documentos\\MyGasolineraBBDD\\MyGasolineraBackEnd\\node_modules\\express\\lib\\router\\route.js:149:13)\n    at Route.dispatch (C:\\Users\\Oscar\\OneDrive\\Documentos\\MyGasolineraBBDD\\MyGasolineraBackEnd\\node_modules\\express\\lib\\router\\route.js:119:3)\n    at Layer.handle [as handle_request] (C:\\Users\\Oscar\\OneDrive\\Documentos\\MyGasolineraBBDD\\MyGasolineraBackEnd\\node_modules\\express\\lib\\router\\layer.js:95:5)\n    at C:\\Users\\Oscar\\OneDrive\\Documentos\\MyGasolineraBBDD\\MyGasolineraBackEnd\\node_modules\\express\\lib\\router\\index.js:284:15\n    at router.process_params (C:\\Users\\Oscar\\OneDrive\\Documentos\\MyGasolineraBBDD\\MyGasolineraBackEnd\\node_modules\\express\\lib\\router\\index.js:346:12)\n    at next (C:\\Users\\Oscar\\OneDrive\\Documentos\\MyGasolineraBBDD\\MyGasolineraBackEnd\\node_modules\\express\\lib\\router\\index.js:280:10)\n    at router.handle (C:\\Users\\Oscar\\OneDrive\\Documentos\\MyGasolineraBBDD\\MyGasolineraBackEnd\\node_modules\\express\\lib\\router\\index.js:175:3)"
}
[2026-02-14 14:17:31] [ERROR] Error del servidor {
  "service": "my-gasolinera-api",
  "metodo": "GET",
  "url": "/api/gasolineras?id_provincia=46",
  "status": 500,
  "duracion_ms": 1,
  "usuario_id": "anónimo",
  "ip": "127.0.0.1",
  "respuesta": {
    "success": false,
    "message": "Error interno del servidor"
  }
}
[2026-02-14 14:17:31] [ERROR] Error del servidor {
  "service": "my-gasolinera-api",
  "metodo": "GET",
  "url": "/api/gasolineras?id_provincia=46",
  "status": 500,
  "duracion_ms": 2,
  "usuario_id": "anónimo",
  "ip": "127.0.0.1",
  "respuesta": "{\"success\":false,\"message\":\"Error interno del servidor\"}"
}
[2026-02-14 14:17:31] [INFO] Petición entrante {
  "service": "my-gasolinera-api",
  "metodo": "GET",
  "url": "/api/gasolineras?id_provincia=12",
  "ip": "127.0.0.1",
  "userAgent": "Mozilla/5.0 (Windows NT 10.0; Win64; x64) AppleWebKit/537.36 (KHTML, like Gecko) Chrome/144.0.0.0 Safari/537.36",
  "body": {}
}
[2026-02-14 14:17:31] [ERROR] Error obteniendo gasolineras: {
  "service": "my-gasolinera-api",
  "error": "Unknown column 'id_provincia' in 'SELECT'",
  "stack": "Error: Unknown column 'id_provincia' in 'SELECT'\n    at PromisePool.execute (C:\\Users\\Oscar\\OneDrive\\Documentos\\MyGasolineraBBDD\\MyGasolineraBackEnd\\node_modules\\mysql2\\lib\\promise\\pool.js:54:22)\n    at exports.getGasolineras (C:\\Users\\Oscar\\OneDrive\\Documentos\\MyGasolineraBBDD\\MyGasolineraBackEnd\\controllers\\gasolinerasController.js:64:35)\n    at Layer.handle [as handle_request] (C:\\Users\\Oscar\\OneDrive\\Documentos\\MyGasolineraBBDD\\MyGasolineraBackEnd\\node_modules\\express\\lib\\router\\layer.js:95:5)\n    at next (C:\\Users\\Oscar\\OneDrive\\Documentos\\MyGasolineraBBDD\\MyGasolineraBackEnd\\node_modules\\express\\lib\\router\\route.js:149:13)\n    at Route.dispatch (C:\\Users\\Oscar\\OneDrive\\Documentos\\MyGasolineraBBDD\\MyGasolineraBackEnd\\node_modules\\express\\lib\\router\\route.js:119:3)\n    at Layer.handle [as handle_request] (C:\\Users\\Oscar\\OneDrive\\Documentos\\MyGasolineraBBDD\\MyGasolineraBackEnd\\node_modules\\express\\lib\\router\\layer.js:95:5)\n    at C:\\Users\\Oscar\\OneDrive\\Documentos\\MyGasolineraBBDD\\MyGasolineraBackEnd\\node_modules\\express\\lib\\router\\index.js:284:15\n    at router.process_params (C:\\Users\\Oscar\\OneDrive\\Documentos\\MyGasolineraBBDD\\MyGasolineraBackEnd\\node_modules\\express\\lib\\router\\index.js:346:12)\n    at next (C:\\Users\\Oscar\\OneDrive\\Documentos\\MyGasolineraBBDD\\MyGasolineraBackEnd\\node_modules\\express\\lib\\router\\index.js:280:10)\n    at router.handle (C:\\Users\\Oscar\\OneDrive\\Documentos\\MyGasolineraBBDD\\MyGasolineraBackEnd\\node_modules\\express\\lib\\router\\index.js:175:3)"
}
[2026-02-14 14:17:31] [ERROR] Error del servidor {
  "service": "my-gasolinera-api",
  "metodo": "GET",
  "url": "/api/gasolineras?id_provincia=12",
  "status": 500,
  "duracion_ms": 1,
  "usuario_id": "anónimo",
  "ip": "127.0.0.1",
  "respuesta": {
    "success": false,
    "message": "Error interno del servidor"
  }
}
[2026-02-14 14:17:31] [ERROR] Error del servidor {
  "service": "my-gasolinera-api",
  "metodo": "GET",
  "url": "/api/gasolineras?id_provincia=12",
  "status": 500,
  "duracion_ms": 2,
  "usuario_id": "anónimo",
  "ip": "127.0.0.1",
  "respuesta": "{\"success\":false,\"message\":\"Error interno del servidor\"}"
}
[2026-02-14 14:17:31] [INFO] Petición entrante {
  "service": "my-gasolinera-api",
  "metodo": "GET",
  "url": "/api/gasolineras?id_provincia=44",
  "ip": "127.0.0.1",
  "userAgent": "Mozilla/5.0 (Windows NT 10.0; Win64; x64) AppleWebKit/537.36 (KHTML, like Gecko) Chrome/144.0.0.0 Safari/537.36",
  "body": {}
}
[2026-02-14 14:17:31] [ERROR] Error obteniendo gasolineras: {
  "service": "my-gasolinera-api",
  "error": "Unknown column 'id_provincia' in 'SELECT'",
  "stack": "Error: Unknown column 'id_provincia' in 'SELECT'\n    at PromisePool.execute (C:\\Users\\Oscar\\OneDrive\\Documentos\\MyGasolineraBBDD\\MyGasolineraBackEnd\\node_modules\\mysql2\\lib\\promise\\pool.js:54:22)\n    at exports.getGasolineras (C:\\Users\\Oscar\\OneDrive\\Documentos\\MyGasolineraBBDD\\MyGasolineraBackEnd\\controllers\\gasolinerasController.js:64:35)\n    at Layer.handle [as handle_request] (C:\\Users\\Oscar\\OneDrive\\Documentos\\MyGasolineraBBDD\\MyGasolineraBackEnd\\node_modules\\express\\lib\\router\\layer.js:95:5)\n    at next (C:\\Users\\Oscar\\OneDrive\\Documentos\\MyGasolineraBBDD\\MyGasolineraBackEnd\\node_modules\\express\\lib\\router\\route.js:149:13)\n    at Route.dispatch (C:\\Users\\Oscar\\OneDrive\\Documentos\\MyGasolineraBBDD\\MyGasolineraBackEnd\\node_modules\\express\\lib\\router\\route.js:119:3)\n    at Layer.handle [as handle_request] (C:\\Users\\Oscar\\OneDrive\\Documentos\\MyGasolineraBBDD\\MyGasolineraBackEnd\\node_modules\\express\\lib\\router\\layer.js:95:5)\n    at C:\\Users\\Oscar\\OneDrive\\Documentos\\MyGasolineraBBDD\\MyGasolineraBackEnd\\node_modules\\express\\lib\\router\\index.js:284:15\n    at router.process_params (C:\\Users\\Oscar\\OneDrive\\Documentos\\MyGasolineraBBDD\\MyGasolineraBackEnd\\node_modules\\express\\lib\\router\\index.js:346:12)\n    at next (C:\\Users\\Oscar\\OneDrive\\Documentos\\MyGasolineraBBDD\\MyGasolineraBackEnd\\node_modules\\express\\lib\\router\\index.js:280:10)\n    at router.handle (C:\\Users\\Oscar\\OneDrive\\Documentos\\MyGasolineraBBDD\\MyGasolineraBackEnd\\node_modules\\express\\lib\\router\\index.js:175:3)"
}
[2026-02-14 14:17:31] [ERROR] Error del servidor {
  "service": "my-gasolinera-api",
  "metodo": "GET",
  "url": "/api/gasolineras?id_provincia=44",
  "status": 500,
  "duracion_ms": 2,
  "usuario_id": "anónimo",
  "ip": "127.0.0.1",
  "respuesta": {
    "success": false,
    "message": "Error interno del servidor"
  }
}
[2026-02-14 14:17:31] [ERROR] Error del servidor {
  "service": "my-gasolinera-api",
  "metodo": "GET",
  "url": "/api/gasolineras?id_provincia=44",
  "status": 500,
  "duracion_ms": 2,
  "usuario_id": "anónimo",
  "ip": "127.0.0.1",
  "respuesta": "{\"success\":false,\"message\":\"Error interno del servidor\"}"
}
[2026-02-14 14:17:31] [INFO] Petición entrante {
  "service": "my-gasolinera-api",
  "metodo": "GET",
  "url": "/api/gasolineras?id_provincia=16",
  "ip": "127.0.0.1",
  "userAgent": "Mozilla/5.0 (Windows NT 10.0; Win64; x64) AppleWebKit/537.36 (KHTML, like Gecko) Chrome/144.0.0.0 Safari/537.36",
  "body": {}
}
[2026-02-14 14:17:31] [ERROR] Error obteniendo gasolineras: {
  "service": "my-gasolinera-api",
  "error": "Unknown column 'id_provincia' in 'SELECT'",
  "stack": "Error: Unknown column 'id_provincia' in 'SELECT'\n    at PromisePool.execute (C:\\Users\\Oscar\\OneDrive\\Documentos\\MyGasolineraBBDD\\MyGasolineraBackEnd\\node_modules\\mysql2\\lib\\promise\\pool.js:54:22)\n    at exports.getGasolineras (C:\\Users\\Oscar\\OneDrive\\Documentos\\MyGasolineraBBDD\\MyGasolineraBackEnd\\controllers\\gasolinerasController.js:64:35)\n    at Layer.handle [as handle_request] (C:\\Users\\Oscar\\OneDrive\\Documentos\\MyGasolineraBBDD\\MyGasolineraBackEnd\\node_modules\\express\\lib\\router\\layer.js:95:5)\n    at next (C:\\Users\\Oscar\\OneDrive\\Documentos\\MyGasolineraBBDD\\MyGasolineraBackEnd\\node_modules\\express\\lib\\router\\route.js:149:13)\n    at Route.dispatch (C:\\Users\\Oscar\\OneDrive\\Documentos\\MyGasolineraBBDD\\MyGasolineraBackEnd\\node_modules\\express\\lib\\router\\route.js:119:3)\n    at Layer.handle [as handle_request] (C:\\Users\\Oscar\\OneDrive\\Documentos\\MyGasolineraBBDD\\MyGasolineraBackEnd\\node_modules\\express\\lib\\router\\layer.js:95:5)\n    at C:\\Users\\Oscar\\OneDrive\\Documentos\\MyGasolineraBBDD\\MyGasolineraBackEnd\\node_modules\\express\\lib\\router\\index.js:284:15\n    at router.process_params (C:\\Users\\Oscar\\OneDrive\\Documentos\\MyGasolineraBBDD\\MyGasolineraBackEnd\\node_modules\\express\\lib\\router\\index.js:346:12)\n    at next (C:\\Users\\Oscar\\OneDrive\\Documentos\\MyGasolineraBBDD\\MyGasolineraBackEnd\\node_modules\\express\\lib\\router\\index.js:280:10)\n    at router.handle (C:\\Users\\Oscar\\OneDrive\\Documentos\\MyGasolineraBBDD\\MyGasolineraBackEnd\\node_modules\\express\\lib\\router\\index.js:175:3)"
}
[2026-02-14 14:17:31] [ERROR] Error del servidor {
  "service": "my-gasolinera-api",
  "metodo": "GET",
  "url": "/api/gasolineras?id_provincia=16",
  "status": 500,
  "duracion_ms": 1,
  "usuario_id": "anónimo",
  "ip": "127.0.0.1",
  "respuesta": {
    "success": false,
    "message": "Error interno del servidor"
  }
}
[2026-02-14 14:17:31] [ERROR] Error del servidor {
  "service": "my-gasolinera-api",
  "metodo": "GET",
  "url": "/api/gasolineras?id_provincia=16",
  "status": 500,
  "duracion_ms": 1,
  "usuario_id": "anónimo",
  "ip": "127.0.0.1",
  "respuesta": "{\"success\":false,\"message\":\"Error interno del servidor\"}"
}
[2026-02-14 14:17:31] [INFO] Petición entrante {
  "service": "my-gasolinera-api",
  "metodo": "GET",
  "url": "/api/gasolineras?id_provincia=03",
  "ip": "127.0.0.1",
  "userAgent": "Mozilla/5.0 (Windows NT 10.0; Win64; x64) AppleWebKit/537.36 (KHTML, like Gecko) Chrome/144.0.0.0 Safari/537.36",
  "body": {}
}
[2026-02-14 14:17:31] [ERROR] Error obteniendo gasolineras: {
  "service": "my-gasolinera-api",
  "error": "Unknown column 'id_provincia' in 'SELECT'",
  "stack": "Error: Unknown column 'id_provincia' in 'SELECT'\n    at PromisePool.execute (C:\\Users\\Oscar\\OneDrive\\Documentos\\MyGasolineraBBDD\\MyGasolineraBackEnd\\node_modules\\mysql2\\lib\\promise\\pool.js:54:22)\n    at exports.getGasolineras (C:\\Users\\Oscar\\OneDrive\\Documentos\\MyGasolineraBBDD\\MyGasolineraBackEnd\\controllers\\gasolinerasController.js:64:35)\n    at Layer.handle [as handle_request] (C:\\Users\\Oscar\\OneDrive\\Documentos\\MyGasolineraBBDD\\MyGasolineraBackEnd\\node_modules\\express\\lib\\router\\layer.js:95:5)\n    at next (C:\\Users\\Oscar\\OneDrive\\Documentos\\MyGasolineraBBDD\\MyGasolineraBackEnd\\node_modules\\express\\lib\\router\\route.js:149:13)\n    at Route.dispatch (C:\\Users\\Oscar\\OneDrive\\Documentos\\MyGasolineraBBDD\\MyGasolineraBackEnd\\node_modules\\express\\lib\\router\\route.js:119:3)\n    at Layer.handle [as handle_request] (C:\\Users\\Oscar\\OneDrive\\Documentos\\MyGasolineraBBDD\\MyGasolineraBackEnd\\node_modules\\express\\lib\\router\\layer.js:95:5)\n    at C:\\Users\\Oscar\\OneDrive\\Documentos\\MyGasolineraBBDD\\MyGasolineraBackEnd\\node_modules\\express\\lib\\router\\index.js:284:15\n    at router.process_params (C:\\Users\\Oscar\\OneDrive\\Documentos\\MyGasolineraBBDD\\MyGasolineraBackEnd\\node_modules\\express\\lib\\router\\index.js:346:12)\n    at next (C:\\Users\\Oscar\\OneDrive\\Documentos\\MyGasolineraBBDD\\MyGasolineraBackEnd\\node_modules\\express\\lib\\router\\index.js:280:10)\n    at router.handle (C:\\Users\\Oscar\\OneDrive\\Documentos\\MyGasolineraBBDD\\MyGasolineraBackEnd\\node_modules\\express\\lib\\router\\index.js:175:3)"
}
[2026-02-14 14:17:31] [ERROR] Error del servidor {
  "service": "my-gasolinera-api",
  "metodo": "GET",
  "url": "/api/gasolineras?id_provincia=03",
  "status": 500,
  "duracion_ms": 1,
  "usuario_id": "anónimo",
  "ip": "127.0.0.1",
  "respuesta": {
    "success": false,
    "message": "Error interno del servidor"
  }
}
[2026-02-14 14:17:31] [ERROR] Error del servidor {
  "service": "my-gasolinera-api",
  "metodo": "GET",
  "url": "/api/gasolineras?id_provincia=03",
  "status": 500,
  "duracion_ms": 2,
  "usuario_id": "anónimo",
  "ip": "127.0.0.1",
  "respuesta": "{\"success\":false,\"message\":\"Error interno del servidor\"}"
}
[2026-02-14 14:17:33] [INFO] Petición entrante {
  "service": "my-gasolinera-api",
  "metodo": "GET",
  "url": "/api/gasolineras?id_provincia=46",
  "ip": "127.0.0.1",
  "userAgent": "Mozilla/5.0 (Windows NT 10.0; Win64; x64) AppleWebKit/537.36 (KHTML, like Gecko) Chrome/144.0.0.0 Safari/537.36",
  "body": {}
}
[2026-02-14 14:17:33] [ERROR] Error obteniendo gasolineras: {
  "service": "my-gasolinera-api",
  "error": "Unknown column 'id_provincia' in 'SELECT'",
  "stack": "Error: Unknown column 'id_provincia' in 'SELECT'\n    at PromisePool.execute (C:\\Users\\Oscar\\OneDrive\\Documentos\\MyGasolineraBBDD\\MyGasolineraBackEnd\\node_modules\\mysql2\\lib\\promise\\pool.js:54:22)\n    at exports.getGasolineras (C:\\Users\\Oscar\\OneDrive\\Documentos\\MyGasolineraBBDD\\MyGasolineraBackEnd\\controllers\\gasolinerasController.js:64:35)\n    at Layer.handle [as handle_request] (C:\\Users\\Oscar\\OneDrive\\Documentos\\MyGasolineraBBDD\\MyGasolineraBackEnd\\node_modules\\express\\lib\\router\\layer.js:95:5)\n    at next (C:\\Users\\Oscar\\OneDrive\\Documentos\\MyGasolineraBBDD\\MyGasolineraBackEnd\\node_modules\\express\\lib\\router\\route.js:149:13)\n    at Route.dispatch (C:\\Users\\Oscar\\OneDrive\\Documentos\\MyGasolineraBBDD\\MyGasolineraBackEnd\\node_modules\\express\\lib\\router\\route.js:119:3)\n    at Layer.handle [as handle_request] (C:\\Users\\Oscar\\OneDrive\\Documentos\\MyGasolineraBBDD\\MyGasolineraBackEnd\\node_modules\\express\\lib\\router\\layer.js:95:5)\n    at C:\\Users\\Oscar\\OneDrive\\Documentos\\MyGasolineraBBDD\\MyGasolineraBackEnd\\node_modules\\express\\lib\\router\\index.js:284:15\n    at router.process_params (C:\\Users\\Oscar\\OneDrive\\Documentos\\MyGasolineraBBDD\\MyGasolineraBackEnd\\node_modules\\express\\lib\\router\\index.js:346:12)\n    at next (C:\\Users\\Oscar\\OneDrive\\Documentos\\MyGasolineraBBDD\\MyGasolineraBackEnd\\node_modules\\express\\lib\\router\\index.js:280:10)\n    at router.handle (C:\\Users\\Oscar\\OneDrive\\Documentos\\MyGasolineraBBDD\\MyGasolineraBackEnd\\node_modules\\express\\lib\\router\\index.js:175:3)"
}
[2026-02-14 14:17:33] [ERROR] Error del servidor {
  "service": "my-gasolinera-api",
  "metodo": "GET",
  "url": "/api/gasolineras?id_provincia=46",
  "status": 500,
  "duracion_ms": 2,
  "usuario_id": "anónimo",
  "ip": "127.0.0.1",
  "respuesta": {
    "success": false,
    "message": "Error interno del servidor"
  }
}
[2026-02-14 14:17:33] [ERROR] Error del servidor {
  "service": "my-gasolinera-api",
  "metodo": "GET",
  "url": "/api/gasolineras?id_provincia=46",
  "status": 500,
  "duracion_ms": 2,
  "usuario_id": "anónimo",
  "ip": "127.0.0.1",
  "respuesta": "{\"success\":false,\"message\":\"Error interno del servidor\"}"
}
[2026-02-14 14:17:33] [INFO] Petición entrante {
  "service": "my-gasolinera-api",
  "metodo": "GET",
  "url": "/api/gasolineras?id_provincia=12",
  "ip": "127.0.0.1",
  "userAgent": "Mozilla/5.0 (Windows NT 10.0; Win64; x64) AppleWebKit/537.36 (KHTML, like Gecko) Chrome/144.0.0.0 Safari/537.36",
  "body": {}
}
[2026-02-14 14:17:33] [ERROR] Error obteniendo gasolineras: {
  "service": "my-gasolinera-api",
  "error": "Unknown column 'id_provincia' in 'SELECT'",
  "stack": "Error: Unknown column 'id_provincia' in 'SELECT'\n    at PromisePool.execute (C:\\Users\\Oscar\\OneDrive\\Documentos\\MyGasolineraBBDD\\MyGasolineraBackEnd\\node_modules\\mysql2\\lib\\promise\\pool.js:54:22)\n    at exports.getGasolineras (C:\\Users\\Oscar\\OneDrive\\Documentos\\MyGasolineraBBDD\\MyGasolineraBackEnd\\controllers\\gasolinerasController.js:64:35)\n    at Layer.handle [as handle_request] (C:\\Users\\Oscar\\OneDrive\\Documentos\\MyGasolineraBBDD\\MyGasolineraBackEnd\\node_modules\\express\\lib\\router\\layer.js:95:5)\n    at next (C:\\Users\\Oscar\\OneDrive\\Documentos\\MyGasolineraBBDD\\MyGasolineraBackEnd\\node_modules\\express\\lib\\router\\route.js:149:13)\n    at Route.dispatch (C:\\Users\\Oscar\\OneDrive\\Documentos\\MyGasolineraBBDD\\MyGasolineraBackEnd\\node_modules\\express\\lib\\router\\route.js:119:3)\n    at Layer.handle [as handle_request] (C:\\Users\\Oscar\\OneDrive\\Documentos\\MyGasolineraBBDD\\MyGasolineraBackEnd\\node_modules\\express\\lib\\router\\layer.js:95:5)\n    at C:\\Users\\Oscar\\OneDrive\\Documentos\\MyGasolineraBBDD\\MyGasolineraBackEnd\\node_modules\\express\\lib\\router\\index.js:284:15\n    at router.process_params (C:\\Users\\Oscar\\OneDrive\\Documentos\\MyGasolineraBBDD\\MyGasolineraBackEnd\\node_modules\\express\\lib\\router\\index.js:346:12)\n    at next (C:\\Users\\Oscar\\OneDrive\\Documentos\\MyGasolineraBBDD\\MyGasolineraBackEnd\\node_modules\\express\\lib\\router\\index.js:280:10)\n    at router.handle (C:\\Users\\Oscar\\OneDrive\\Documentos\\MyGasolineraBBDD\\MyGasolineraBackEnd\\node_modules\\express\\lib\\router\\index.js:175:3)"
}
[2026-02-14 14:17:33] [ERROR] Error del servidor {
  "service": "my-gasolinera-api",
  "metodo": "GET",
  "url": "/api/gasolineras?id_provincia=12",
  "status": 500,
  "duracion_ms": 2,
  "usuario_id": "anónimo",
  "ip": "127.0.0.1",
  "respuesta": {
    "success": false,
    "message": "Error interno del servidor"
  }
}
[2026-02-14 14:17:33] [ERROR] Error del servidor {
  "service": "my-gasolinera-api",
  "metodo": "GET",
  "url": "/api/gasolineras?id_provincia=12",
  "status": 500,
  "duracion_ms": 2,
  "usuario_id": "anónimo",
  "ip": "127.0.0.1",
  "respuesta": "{\"success\":false,\"message\":\"Error interno del servidor\"}"
}
[2026-02-14 14:17:33] [INFO] Petición entrante {
  "service": "my-gasolinera-api",
  "metodo": "GET",
  "url": "/api/gasolineras?id_provincia=44",
  "ip": "127.0.0.1",
  "userAgent": "Mozilla/5.0 (Windows NT 10.0; Win64; x64) AppleWebKit/537.36 (KHTML, like Gecko) Chrome/144.0.0.0 Safari/537.36",
  "body": {}
}
[2026-02-14 14:17:33] [ERROR] Error obteniendo gasolineras: {
  "service": "my-gasolinera-api",
  "error": "Unknown column 'id_provincia' in 'SELECT'",
  "stack": "Error: Unknown column 'id_provincia' in 'SELECT'\n    at PromisePool.execute (C:\\Users\\Oscar\\OneDrive\\Documentos\\MyGasolineraBBDD\\MyGasolineraBackEnd\\node_modules\\mysql2\\lib\\promise\\pool.js:54:22)\n    at exports.getGasolineras (C:\\Users\\Oscar\\OneDrive\\Documentos\\MyGasolineraBBDD\\MyGasolineraBackEnd\\controllers\\gasolinerasController.js:64:35)\n    at Layer.handle [as handle_request] (C:\\Users\\Oscar\\OneDrive\\Documentos\\MyGasolineraBBDD\\MyGasolineraBackEnd\\node_modules\\express\\lib\\router\\layer.js:95:5)\n    at next (C:\\Users\\Oscar\\OneDrive\\Documentos\\MyGasolineraBBDD\\MyGasolineraBackEnd\\node_modules\\express\\lib\\router\\route.js:149:13)\n    at Route.dispatch (C:\\Users\\Oscar\\OneDrive\\Documentos\\MyGasolineraBBDD\\MyGasolineraBackEnd\\node_modules\\express\\lib\\router\\route.js:119:3)\n    at Layer.handle [as handle_request] (C:\\Users\\Oscar\\OneDrive\\Documentos\\MyGasolineraBBDD\\MyGasolineraBackEnd\\node_modules\\express\\lib\\router\\layer.js:95:5)\n    at C:\\Users\\Oscar\\OneDrive\\Documentos\\MyGasolineraBBDD\\MyGasolineraBackEnd\\node_modules\\express\\lib\\router\\index.js:284:15\n    at router.process_params (C:\\Users\\Oscar\\OneDrive\\Documentos\\MyGasolineraBBDD\\MyGasolineraBackEnd\\node_modules\\express\\lib\\router\\index.js:346:12)\n    at next (C:\\Users\\Oscar\\OneDrive\\Documentos\\MyGasolineraBBDD\\MyGasolineraBackEnd\\node_modules\\express\\lib\\router\\index.js:280:10)\n    at router.handle (C:\\Users\\Oscar\\OneDrive\\Documentos\\MyGasolineraBBDD\\MyGasolineraBackEnd\\node_modules\\express\\lib\\router\\index.js:175:3)"
}
[2026-02-14 14:17:33] [ERROR] Error del servidor {
  "service": "my-gasolinera-api",
  "metodo": "GET",
  "url": "/api/gasolineras?id_provincia=44",
  "status": 500,
  "duracion_ms": 1,
  "usuario_id": "anónimo",
  "ip": "127.0.0.1",
  "respuesta": {
    "success": false,
    "message": "Error interno del servidor"
  }
}
[2026-02-14 14:17:33] [ERROR] Error del servidor {
  "service": "my-gasolinera-api",
  "metodo": "GET",
  "url": "/api/gasolineras?id_provincia=44",
  "status": 500,
  "duracion_ms": 1,
  "usuario_id": "anónimo",
  "ip": "127.0.0.1",
  "respuesta": "{\"success\":false,\"message\":\"Error interno del servidor\"}"
}
[2026-02-14 14:17:33] [INFO] Petición entrante {
  "service": "my-gasolinera-api",
  "metodo": "GET",
  "url": "/api/gasolineras?id_provincia=16",
  "ip": "127.0.0.1",
  "userAgent": "Mozilla/5.0 (Windows NT 10.0; Win64; x64) AppleWebKit/537.36 (KHTML, like Gecko) Chrome/144.0.0.0 Safari/537.36",
  "body": {}
}
[2026-02-14 14:17:33] [ERROR] Error obteniendo gasolineras: {
  "service": "my-gasolinera-api",
  "error": "Unknown column 'id_provincia' in 'SELECT'",
  "stack": "Error: Unknown column 'id_provincia' in 'SELECT'\n    at PromisePool.execute (C:\\Users\\Oscar\\OneDrive\\Documentos\\MyGasolineraBBDD\\MyGasolineraBackEnd\\node_modules\\mysql2\\lib\\promise\\pool.js:54:22)\n    at exports.getGasolineras (C:\\Users\\Oscar\\OneDrive\\Documentos\\MyGasolineraBBDD\\MyGasolineraBackEnd\\controllers\\gasolinerasController.js:64:35)\n    at Layer.handle [as handle_request] (C:\\Users\\Oscar\\OneDrive\\Documentos\\MyGasolineraBBDD\\MyGasolineraBackEnd\\node_modules\\express\\lib\\router\\layer.js:95:5)\n    at next (C:\\Users\\Oscar\\OneDrive\\Documentos\\MyGasolineraBBDD\\MyGasolineraBackEnd\\node_modules\\express\\lib\\router\\route.js:149:13)\n    at Route.dispatch (C:\\Users\\Oscar\\OneDrive\\Documentos\\MyGasolineraBBDD\\MyGasolineraBackEnd\\node_modules\\express\\lib\\router\\route.js:119:3)\n    at Layer.handle [as handle_request] (C:\\Users\\Oscar\\OneDrive\\Documentos\\MyGasolineraBBDD\\MyGasolineraBackEnd\\node_modules\\express\\lib\\router\\layer.js:95:5)\n    at C:\\Users\\Oscar\\OneDrive\\Documentos\\MyGasolineraBBDD\\MyGasolineraBackEnd\\node_modules\\express\\lib\\router\\index.js:284:15\n    at router.process_params (C:\\Users\\Oscar\\OneDrive\\Documentos\\MyGasolineraBBDD\\MyGasolineraBackEnd\\node_modules\\express\\lib\\router\\index.js:346:12)\n    at next (C:\\Users\\Oscar\\OneDrive\\Documentos\\MyGasolineraBBDD\\MyGasolineraBackEnd\\node_modules\\express\\lib\\router\\index.js:280:10)\n    at router.handle (C:\\Users\\Oscar\\OneDrive\\Documentos\\MyGasolineraBBDD\\MyGasolineraBackEnd\\node_modules\\express\\lib\\router\\index.js:175:3)"
}
[2026-02-14 14:17:33] [ERROR] Error del servidor {
  "service": "my-gasolinera-api",
  "metodo": "GET",
  "url": "/api/gasolineras?id_provincia=16",
  "status": 500,
  "duracion_ms": 2,
  "usuario_id": "anónimo",
  "ip": "127.0.0.1",
  "respuesta": {
    "success": false,
    "message": "Error interno del servidor"
  }
}
[2026-02-14 14:17:33] [ERROR] Error del servidor {
  "service": "my-gasolinera-api",
  "metodo": "GET",
  "url": "/api/gasolineras?id_provincia=16",
  "status": 500,
  "duracion_ms": 2,
  "usuario_id": "anónimo",
  "ip": "127.0.0.1",
  "respuesta": "{\"success\":false,\"message\":\"Error interno del servidor\"}"
}
[2026-02-14 14:17:33] [INFO] Petición entrante {
  "service": "my-gasolinera-api",
  "metodo": "GET",
  "url": "/api/gasolineras?id_provincia=03",
  "ip": "127.0.0.1",
  "userAgent": "Mozilla/5.0 (Windows NT 10.0; Win64; x64) AppleWebKit/537.36 (KHTML, like Gecko) Chrome/144.0.0.0 Safari/537.36",
  "body": {}
}
[2026-02-14 14:17:33] [ERROR] Error obteniendo gasolineras: {
  "service": "my-gasolinera-api",
  "error": "Unknown column 'id_provincia' in 'SELECT'",
  "stack": "Error: Unknown column 'id_provincia' in 'SELECT'\n    at PromisePool.execute (C:\\Users\\Oscar\\OneDrive\\Documentos\\MyGasolineraBBDD\\MyGasolineraBackEnd\\node_modules\\mysql2\\lib\\promise\\pool.js:54:22)\n    at exports.getGasolineras (C:\\Users\\Oscar\\OneDrive\\Documentos\\MyGasolineraBBDD\\MyGasolineraBackEnd\\controllers\\gasolinerasController.js:64:35)\n    at Layer.handle [as handle_request] (C:\\Users\\Oscar\\OneDrive\\Documentos\\MyGasolineraBBDD\\MyGasolineraBackEnd\\node_modules\\express\\lib\\router\\layer.js:95:5)\n    at next (C:\\Users\\Oscar\\OneDrive\\Documentos\\MyGasolineraBBDD\\MyGasolineraBackEnd\\node_modules\\express\\lib\\router\\route.js:149:13)\n    at Route.dispatch (C:\\Users\\Oscar\\OneDrive\\Documentos\\MyGasolineraBBDD\\MyGasolineraBackEnd\\node_modules\\express\\lib\\router\\route.js:119:3)\n    at Layer.handle [as handle_request] (C:\\Users\\Oscar\\OneDrive\\Documentos\\MyGasolineraBBDD\\MyGasolineraBackEnd\\node_modules\\express\\lib\\router\\layer.js:95:5)\n    at C:\\Users\\Oscar\\OneDrive\\Documentos\\MyGasolineraBBDD\\MyGasolineraBackEnd\\node_modules\\express\\lib\\router\\index.js:284:15\n    at router.process_params (C:\\Users\\Oscar\\OneDrive\\Documentos\\MyGasolineraBBDD\\MyGasolineraBackEnd\\node_modules\\express\\lib\\router\\index.js:346:12)\n    at next (C:\\Users\\Oscar\\OneDrive\\Documentos\\MyGasolineraBBDD\\MyGasolineraBackEnd\\node_modules\\express\\lib\\router\\index.js:280:10)\n    at router.handle (C:\\Users\\Oscar\\OneDrive\\Documentos\\MyGasolineraBBDD\\MyGasolineraBackEnd\\node_modules\\express\\lib\\router\\index.js:175:3)"
}
[2026-02-14 14:17:33] [ERROR] Error del servidor {
  "service": "my-gasolinera-api",
  "metodo": "GET",
  "url": "/api/gasolineras?id_provincia=03",
  "status": 500,
  "duracion_ms": 1,
  "usuario_id": "anónimo",
  "ip": "127.0.0.1",
  "respuesta": {
    "success": false,
    "message": "Error interno del servidor"
  }
}
[2026-02-14 14:17:33] [ERROR] Error del servidor {
  "service": "my-gasolinera-api",
  "metodo": "GET",
  "url": "/api/gasolineras?id_provincia=03",
  "status": 500,
  "duracion_ms": 1,
  "usuario_id": "anónimo",
  "ip": "127.0.0.1",
  "respuesta": "{\"success\":false,\"message\":\"Error interno del servidor\"}"
}
[2026-02-14 14:17:34] [INFO] Petición entrante {
  "service": "my-gasolinera-api",
  "metodo": "GET",
  "url": "/api/gasolineras?id_provincia=46",
  "ip": "127.0.0.1",
  "userAgent": "Mozilla/5.0 (Windows NT 10.0; Win64; x64) AppleWebKit/537.36 (KHTML, like Gecko) Chrome/144.0.0.0 Safari/537.36",
  "body": {}
}
[2026-02-14 14:17:34] [ERROR] Error obteniendo gasolineras: {
  "service": "my-gasolinera-api",
  "error": "Unknown column 'id_provincia' in 'SELECT'",
  "stack": "Error: Unknown column 'id_provincia' in 'SELECT'\n    at PromisePool.execute (C:\\Users\\Oscar\\OneDrive\\Documentos\\MyGasolineraBBDD\\MyGasolineraBackEnd\\node_modules\\mysql2\\lib\\promise\\pool.js:54:22)\n    at exports.getGasolineras (C:\\Users\\Oscar\\OneDrive\\Documentos\\MyGasolineraBBDD\\MyGasolineraBackEnd\\controllers\\gasolinerasController.js:64:35)\n    at Layer.handle [as handle_request] (C:\\Users\\Oscar\\OneDrive\\Documentos\\MyGasolineraBBDD\\MyGasolineraBackEnd\\node_modules\\express\\lib\\router\\layer.js:95:5)\n    at next (C:\\Users\\Oscar\\OneDrive\\Documentos\\MyGasolineraBBDD\\MyGasolineraBackEnd\\node_modules\\express\\lib\\router\\route.js:149:13)\n    at Route.dispatch (C:\\Users\\Oscar\\OneDrive\\Documentos\\MyGasolineraBBDD\\MyGasolineraBackEnd\\node_modules\\express\\lib\\router\\route.js:119:3)\n    at Layer.handle [as handle_request] (C:\\Users\\Oscar\\OneDrive\\Documentos\\MyGasolineraBBDD\\MyGasolineraBackEnd\\node_modules\\express\\lib\\router\\layer.js:95:5)\n    at C:\\Users\\Oscar\\OneDrive\\Documentos\\MyGasolineraBBDD\\MyGasolineraBackEnd\\node_modules\\express\\lib\\router\\index.js:284:15\n    at router.process_params (C:\\Users\\Oscar\\OneDrive\\Documentos\\MyGasolineraBBDD\\MyGasolineraBackEnd\\node_modules\\express\\lib\\router\\index.js:346:12)\n    at next (C:\\Users\\Oscar\\OneDrive\\Documentos\\MyGasolineraBBDD\\MyGasolineraBackEnd\\node_modules\\express\\lib\\router\\index.js:280:10)\n    at router.handle (C:\\Users\\Oscar\\OneDrive\\Documentos\\MyGasolineraBBDD\\MyGasolineraBackEnd\\node_modules\\express\\lib\\router\\index.js:175:3)"
}
[2026-02-14 14:17:34] [ERROR] Error del servidor {
  "service": "my-gasolinera-api",
  "metodo": "GET",
  "url": "/api/gasolineras?id_provincia=46",
  "status": 500,
  "duracion_ms": 2,
  "usuario_id": "anónimo",
  "ip": "127.0.0.1",
  "respuesta": {
    "success": false,
    "message": "Error interno del servidor"
  }
}
[2026-02-14 14:17:34] [ERROR] Error del servidor {
  "service": "my-gasolinera-api",
  "metodo": "GET",
  "url": "/api/gasolineras?id_provincia=46",
  "status": 500,
  "duracion_ms": 2,
  "usuario_id": "anónimo",
  "ip": "127.0.0.1",
  "respuesta": "{\"success\":false,\"message\":\"Error interno del servidor\"}"
}
[2026-02-14 14:17:34] [INFO] Petición entrante {
  "service": "my-gasolinera-api",
  "metodo": "GET",
  "url": "/api/gasolineras?id_provincia=12",
  "ip": "127.0.0.1",
  "userAgent": "Mozilla/5.0 (Windows NT 10.0; Win64; x64) AppleWebKit/537.36 (KHTML, like Gecko) Chrome/144.0.0.0 Safari/537.36",
  "body": {}
}
[2026-02-14 14:17:34] [ERROR] Error obteniendo gasolineras: {
  "service": "my-gasolinera-api",
  "error": "Unknown column 'id_provincia' in 'SELECT'",
  "stack": "Error: Unknown column 'id_provincia' in 'SELECT'\n    at PromisePool.execute (C:\\Users\\Oscar\\OneDrive\\Documentos\\MyGasolineraBBDD\\MyGasolineraBackEnd\\node_modules\\mysql2\\lib\\promise\\pool.js:54:22)\n    at exports.getGasolineras (C:\\Users\\Oscar\\OneDrive\\Documentos\\MyGasolineraBBDD\\MyGasolineraBackEnd\\controllers\\gasolinerasController.js:64:35)\n    at Layer.handle [as handle_request] (C:\\Users\\Oscar\\OneDrive\\Documentos\\MyGasolineraBBDD\\MyGasolineraBackEnd\\node_modules\\express\\lib\\router\\layer.js:95:5)\n    at next (C:\\Users\\Oscar\\OneDrive\\Documentos\\MyGasolineraBBDD\\MyGasolineraBackEnd\\node_modules\\express\\lib\\router\\route.js:149:13)\n    at Route.dispatch (C:\\Users\\Oscar\\OneDrive\\Documentos\\MyGasolineraBBDD\\MyGasolineraBackEnd\\node_modules\\express\\lib\\router\\route.js:119:3)\n    at Layer.handle [as handle_request] (C:\\Users\\Oscar\\OneDrive\\Documentos\\MyGasolineraBBDD\\MyGasolineraBackEnd\\node_modules\\express\\lib\\router\\layer.js:95:5)\n    at C:\\Users\\Oscar\\OneDrive\\Documentos\\MyGasolineraBBDD\\MyGasolineraBackEnd\\node_modules\\express\\lib\\router\\index.js:284:15\n    at router.process_params (C:\\Users\\Oscar\\OneDrive\\Documentos\\MyGasolineraBBDD\\MyGasolineraBackEnd\\node_modules\\express\\lib\\router\\index.js:346:12)\n    at next (C:\\Users\\Oscar\\OneDrive\\Documentos\\MyGasolineraBBDD\\MyGasolineraBackEnd\\node_modules\\express\\lib\\router\\index.js:280:10)\n    at router.handle (C:\\Users\\Oscar\\OneDrive\\Documentos\\MyGasolineraBBDD\\MyGasolineraBackEnd\\node_modules\\express\\lib\\router\\index.js:175:3)"
}
[2026-02-14 14:17:34] [ERROR] Error del servidor {
  "service": "my-gasolinera-api",
  "metodo": "GET",
  "url": "/api/gasolineras?id_provincia=12",
  "status": 500,
  "duracion_ms": 2,
  "usuario_id": "anónimo",
  "ip": "127.0.0.1",
  "respuesta": {
    "success": false,
    "message": "Error interno del servidor"
  }
}
[2026-02-14 14:17:34] [ERROR] Error del servidor {
  "service": "my-gasolinera-api",
  "metodo": "GET",
  "url": "/api/gasolineras?id_provincia=12",
  "status": 500,
  "duracion_ms": 2,
  "usuario_id": "anónimo",
  "ip": "127.0.0.1",
  "respuesta": "{\"success\":false,\"message\":\"Error interno del servidor\"}"
}
[2026-02-14 14:17:34] [INFO] Petición entrante {
  "service": "my-gasolinera-api",
  "metodo": "GET",
  "url": "/api/gasolineras?id_provincia=44",
  "ip": "127.0.0.1",
  "userAgent": "Mozilla/5.0 (Windows NT 10.0; Win64; x64) AppleWebKit/537.36 (KHTML, like Gecko) Chrome/144.0.0.0 Safari/537.36",
  "body": {}
}
[2026-02-14 14:17:34] [ERROR] Error obteniendo gasolineras: {
  "service": "my-gasolinera-api",
  "error": "Unknown column 'id_provincia' in 'SELECT'",
  "stack": "Error: Unknown column 'id_provincia' in 'SELECT'\n    at PromisePool.execute (C:\\Users\\Oscar\\OneDrive\\Documentos\\MyGasolineraBBDD\\MyGasolineraBackEnd\\node_modules\\mysql2\\lib\\promise\\pool.js:54:22)\n    at exports.getGasolineras (C:\\Users\\Oscar\\OneDrive\\Documentos\\MyGasolineraBBDD\\MyGasolineraBackEnd\\controllers\\gasolinerasController.js:64:35)\n    at Layer.handle [as handle_request] (C:\\Users\\Oscar\\OneDrive\\Documentos\\MyGasolineraBBDD\\MyGasolineraBackEnd\\node_modules\\express\\lib\\router\\layer.js:95:5)\n    at next (C:\\Users\\Oscar\\OneDrive\\Documentos\\MyGasolineraBBDD\\MyGasolineraBackEnd\\node_modules\\express\\lib\\router\\route.js:149:13)\n    at Route.dispatch (C:\\Users\\Oscar\\OneDrive\\Documentos\\MyGasolineraBBDD\\MyGasolineraBackEnd\\node_modules\\express\\lib\\router\\route.js:119:3)\n    at Layer.handle [as handle_request] (C:\\Users\\Oscar\\OneDrive\\Documentos\\MyGasolineraBBDD\\MyGasolineraBackEnd\\node_modules\\express\\lib\\router\\layer.js:95:5)\n    at C:\\Users\\Oscar\\OneDrive\\Documentos\\MyGasolineraBBDD\\MyGasolineraBackEnd\\node_modules\\express\\lib\\router\\index.js:284:15\n    at router.process_params (C:\\Users\\Oscar\\OneDrive\\Documentos\\MyGasolineraBBDD\\MyGasolineraBackEnd\\node_modules\\express\\lib\\router\\index.js:346:12)\n    at next (C:\\Users\\Oscar\\OneDrive\\Documentos\\MyGasolineraBBDD\\MyGasolineraBackEnd\\node_modules\\express\\lib\\router\\index.js:280:10)\n    at router.handle (C:\\Users\\Oscar\\OneDrive\\Documentos\\MyGasolineraBBDD\\MyGasolineraBackEnd\\node_modules\\express\\lib\\router\\index.js:175:3)"
}
[2026-02-14 14:17:34] [ERROR] Error del servidor {
  "service": "my-gasolinera-api",
  "metodo": "GET",
  "url": "/api/gasolineras?id_provincia=44",
  "status": 500,
  "duracion_ms": 1,
  "usuario_id": "anónimo",
  "ip": "127.0.0.1",
  "respuesta": {
    "success": false,
    "message": "Error interno del servidor"
  }
}
[2026-02-14 14:17:34] [ERROR] Error del servidor {
  "service": "my-gasolinera-api",
  "metodo": "GET",
  "url": "/api/gasolineras?id_provincia=44",
  "status": 500,
  "duracion_ms": 2,
  "usuario_id": "anónimo",
  "ip": "127.0.0.1",
  "respuesta": "{\"success\":false,\"message\":\"Error interno del servidor\"}"
}
[2026-02-14 14:17:34] [INFO] Petición entrante {
  "service": "my-gasolinera-api",
  "metodo": "GET",
  "url": "/api/gasolineras?id_provincia=16",
  "ip": "127.0.0.1",
  "userAgent": "Mozilla/5.0 (Windows NT 10.0; Win64; x64) AppleWebKit/537.36 (KHTML, like Gecko) Chrome/144.0.0.0 Safari/537.36",
  "body": {}
}
[2026-02-14 14:17:34] [ERROR] Error obteniendo gasolineras: {
  "service": "my-gasolinera-api",
  "error": "Unknown column 'id_provincia' in 'SELECT'",
  "stack": "Error: Unknown column 'id_provincia' in 'SELECT'\n    at PromisePool.execute (C:\\Users\\Oscar\\OneDrive\\Documentos\\MyGasolineraBBDD\\MyGasolineraBackEnd\\node_modules\\mysql2\\lib\\promise\\pool.js:54:22)\n    at exports.getGasolineras (C:\\Users\\Oscar\\OneDrive\\Documentos\\MyGasolineraBBDD\\MyGasolineraBackEnd\\controllers\\gasolinerasController.js:64:35)\n    at Layer.handle [as handle_request] (C:\\Users\\Oscar\\OneDrive\\Documentos\\MyGasolineraBBDD\\MyGasolineraBackEnd\\node_modules\\express\\lib\\router\\layer.js:95:5)\n    at next (C:\\Users\\Oscar\\OneDrive\\Documentos\\MyGasolineraBBDD\\MyGasolineraBackEnd\\node_modules\\express\\lib\\router\\route.js:149:13)\n    at Route.dispatch (C:\\Users\\Oscar\\OneDrive\\Documentos\\MyGasolineraBBDD\\MyGasolineraBackEnd\\node_modules\\express\\lib\\router\\route.js:119:3)\n    at Layer.handle [as handle_request] (C:\\Users\\Oscar\\OneDrive\\Documentos\\MyGasolineraBBDD\\MyGasolineraBackEnd\\node_modules\\express\\lib\\router\\layer.js:95:5)\n    at C:\\Users\\Oscar\\OneDrive\\Documentos\\MyGasolineraBBDD\\MyGasolineraBackEnd\\node_modules\\express\\lib\\router\\index.js:284:15\n    at router.process_params (C:\\Users\\Oscar\\OneDrive\\Documentos\\MyGasolineraBBDD\\MyGasolineraBackEnd\\node_modules\\express\\lib\\router\\index.js:346:12)\n    at next (C:\\Users\\Oscar\\OneDrive\\Documentos\\MyGasolineraBBDD\\MyGasolineraBackEnd\\node_modules\\express\\lib\\router\\index.js:280:10)\n    at router.handle (C:\\Users\\Oscar\\OneDrive\\Documentos\\MyGasolineraBBDD\\MyGasolineraBackEnd\\node_modules\\express\\lib\\router\\index.js:175:3)"
}
[2026-02-14 14:17:34] [ERROR] Error del servidor {
  "service": "my-gasolinera-api",
  "metodo": "GET",
  "url": "/api/gasolineras?id_provincia=16",
  "status": 500,
  "duracion_ms": 2,
  "usuario_id": "anónimo",
  "ip": "127.0.0.1",
  "respuesta": {
    "success": false,
    "message": "Error interno del servidor"
  }
}
[2026-02-14 14:17:34] [ERROR] Error del servidor {
  "service": "my-gasolinera-api",
  "metodo": "GET",
  "url": "/api/gasolineras?id_provincia=16",
  "status": 500,
  "duracion_ms": 2,
  "usuario_id": "anónimo",
  "ip": "127.0.0.1",
  "respuesta": "{\"success\":false,\"message\":\"Error interno del servidor\"}"
}
[2026-02-14 14:17:34] [INFO] Petición entrante {
  "service": "my-gasolinera-api",
  "metodo": "GET",
  "url": "/api/gasolineras?id_provincia=03",
  "ip": "127.0.0.1",
  "userAgent": "Mozilla/5.0 (Windows NT 10.0; Win64; x64) AppleWebKit/537.36 (KHTML, like Gecko) Chrome/144.0.0.0 Safari/537.36",
  "body": {}
}
[2026-02-14 14:17:34] [ERROR] Error obteniendo gasolineras: {
  "service": "my-gasolinera-api",
  "error": "Unknown column 'id_provincia' in 'SELECT'",
  "stack": "Error: Unknown column 'id_provincia' in 'SELECT'\n    at PromisePool.execute (C:\\Users\\Oscar\\OneDrive\\Documentos\\MyGasolineraBBDD\\MyGasolineraBackEnd\\node_modules\\mysql2\\lib\\promise\\pool.js:54:22)\n    at exports.getGasolineras (C:\\Users\\Oscar\\OneDrive\\Documentos\\MyGasolineraBBDD\\MyGasolineraBackEnd\\controllers\\gasolinerasController.js:64:35)\n    at Layer.handle [as handle_request] (C:\\Users\\Oscar\\OneDrive\\Documentos\\MyGasolineraBBDD\\MyGasolineraBackEnd\\node_modules\\express\\lib\\router\\layer.js:95:5)\n    at next (C:\\Users\\Oscar\\OneDrive\\Documentos\\MyGasolineraBBDD\\MyGasolineraBackEnd\\node_modules\\express\\lib\\router\\route.js:149:13)\n    at Route.dispatch (C:\\Users\\Oscar\\OneDrive\\Documentos\\MyGasolineraBBDD\\MyGasolineraBackEnd\\node_modules\\express\\lib\\router\\route.js:119:3)\n    at Layer.handle [as handle_request] (C:\\Users\\Oscar\\OneDrive\\Documentos\\MyGasolineraBBDD\\MyGasolineraBackEnd\\node_modules\\express\\lib\\router\\layer.js:95:5)\n    at C:\\Users\\Oscar\\OneDrive\\Documentos\\MyGasolineraBBDD\\MyGasolineraBackEnd\\node_modules\\express\\lib\\router\\index.js:284:15\n    at router.process_params (C:\\Users\\Oscar\\OneDrive\\Documentos\\MyGasolineraBBDD\\MyGasolineraBackEnd\\node_modules\\express\\lib\\router\\index.js:346:12)\n    at next (C:\\Users\\Oscar\\OneDrive\\Documentos\\MyGasolineraBBDD\\MyGasolineraBackEnd\\node_modules\\express\\lib\\router\\index.js:280:10)\n    at router.handle (C:\\Users\\Oscar\\OneDrive\\Documentos\\MyGasolineraBBDD\\MyGasolineraBackEnd\\node_modules\\express\\lib\\router\\index.js:175:3)"
}
[2026-02-14 14:17:34] [ERROR] Error del servidor {
  "service": "my-gasolinera-api",
  "metodo": "GET",
  "url": "/api/gasolineras?id_provincia=03",
  "status": 500,
  "duracion_ms": 1,
  "usuario_id": "anónimo",
  "ip": "127.0.0.1",
  "respuesta": {
    "success": false,
    "message": "Error interno del servidor"
  }
}
[2026-02-14 14:17:34] [ERROR] Error del servidor {
  "service": "my-gasolinera-api",
  "metodo": "GET",
  "url": "/api/gasolineras?id_provincia=03",
  "status": 500,
  "duracion_ms": 1,
  "usuario_id": "anónimo",
  "ip": "127.0.0.1",
  "respuesta": "{\"success\":false,\"message\":\"Error interno del servidor\"}"
}
[2026-02-14 14:17:35] [INFO] Petición entrante {
  "service": "my-gasolinera-api",
  "metodo": "GET",
  "url": "/api/gasolineras?id_provincia=46",
  "ip": "127.0.0.1",
  "userAgent": "Mozilla/5.0 (Windows NT 10.0; Win64; x64) AppleWebKit/537.36 (KHTML, like Gecko) Chrome/144.0.0.0 Safari/537.36",
  "body": {}
}
[2026-02-14 14:17:35] [ERROR] Error obteniendo gasolineras: {
  "service": "my-gasolinera-api",
  "error": "Unknown column 'id_provincia' in 'SELECT'",
  "stack": "Error: Unknown column 'id_provincia' in 'SELECT'\n    at PromisePool.execute (C:\\Users\\Oscar\\OneDrive\\Documentos\\MyGasolineraBBDD\\MyGasolineraBackEnd\\node_modules\\mysql2\\lib\\promise\\pool.js:54:22)\n    at exports.getGasolineras (C:\\Users\\Oscar\\OneDrive\\Documentos\\MyGasolineraBBDD\\MyGasolineraBackEnd\\controllers\\gasolinerasController.js:64:35)\n    at Layer.handle [as handle_request] (C:\\Users\\Oscar\\OneDrive\\Documentos\\MyGasolineraBBDD\\MyGasolineraBackEnd\\node_modules\\express\\lib\\router\\layer.js:95:5)\n    at next (C:\\Users\\Oscar\\OneDrive\\Documentos\\MyGasolineraBBDD\\MyGasolineraBackEnd\\node_modules\\express\\lib\\router\\route.js:149:13)\n    at Route.dispatch (C:\\Users\\Oscar\\OneDrive\\Documentos\\MyGasolineraBBDD\\MyGasolineraBackEnd\\node_modules\\express\\lib\\router\\route.js:119:3)\n    at Layer.handle [as handle_request] (C:\\Users\\Oscar\\OneDrive\\Documentos\\MyGasolineraBBDD\\MyGasolineraBackEnd\\node_modules\\express\\lib\\router\\layer.js:95:5)\n    at C:\\Users\\Oscar\\OneDrive\\Documentos\\MyGasolineraBBDD\\MyGasolineraBackEnd\\node_modules\\express\\lib\\router\\index.js:284:15\n    at router.process_params (C:\\Users\\Oscar\\OneDrive\\Documentos\\MyGasolineraBBDD\\MyGasolineraBackEnd\\node_modules\\express\\lib\\router\\index.js:346:12)\n    at next (C:\\Users\\Oscar\\OneDrive\\Documentos\\MyGasolineraBBDD\\MyGasolineraBackEnd\\node_modules\\express\\lib\\router\\index.js:280:10)\n    at router.handle (C:\\Users\\Oscar\\OneDrive\\Documentos\\MyGasolineraBBDD\\MyGasolineraBackEnd\\node_modules\\express\\lib\\router\\index.js:175:3)"
}
[2026-02-14 14:17:35] [ERROR] Error del servidor {
  "service": "my-gasolinera-api",
  "metodo": "GET",
  "url": "/api/gasolineras?id_provincia=46",
  "status": 500,
  "duracion_ms": 2,
  "usuario_id": "anónimo",
  "ip": "127.0.0.1",
  "respuesta": {
    "success": false,
    "message": "Error interno del servidor"
  }
}
[2026-02-14 14:17:35] [ERROR] Error del servidor {
  "service": "my-gasolinera-api",
  "metodo": "GET",
  "url": "/api/gasolineras?id_provincia=46",
  "status": 500,
  "duracion_ms": 2,
  "usuario_id": "anónimo",
  "ip": "127.0.0.1",
  "respuesta": "{\"success\":false,\"message\":\"Error interno del servidor\"}"
}
[2026-02-14 14:17:35] [INFO] Petición entrante {
  "service": "my-gasolinera-api",
  "metodo": "GET",
  "url": "/api/gasolineras?id_provincia=12",
  "ip": "127.0.0.1",
  "userAgent": "Mozilla/5.0 (Windows NT 10.0; Win64; x64) AppleWebKit/537.36 (KHTML, like Gecko) Chrome/144.0.0.0 Safari/537.36",
  "body": {}
}
[2026-02-14 14:17:35] [ERROR] Error obteniendo gasolineras: {
  "service": "my-gasolinera-api",
  "error": "Unknown column 'id_provincia' in 'SELECT'",
  "stack": "Error: Unknown column 'id_provincia' in 'SELECT'\n    at PromisePool.execute (C:\\Users\\Oscar\\OneDrive\\Documentos\\MyGasolineraBBDD\\MyGasolineraBackEnd\\node_modules\\mysql2\\lib\\promise\\pool.js:54:22)\n    at exports.getGasolineras (C:\\Users\\Oscar\\OneDrive\\Documentos\\MyGasolineraBBDD\\MyGasolineraBackEnd\\controllers\\gasolinerasController.js:64:35)\n    at Layer.handle [as handle_request] (C:\\Users\\Oscar\\OneDrive\\Documentos\\MyGasolineraBBDD\\MyGasolineraBackEnd\\node_modules\\express\\lib\\router\\layer.js:95:5)\n    at next (C:\\Users\\Oscar\\OneDrive\\Documentos\\MyGasolineraBBDD\\MyGasolineraBackEnd\\node_modules\\express\\lib\\router\\route.js:149:13)\n    at Route.dispatch (C:\\Users\\Oscar\\OneDrive\\Documentos\\MyGasolineraBBDD\\MyGasolineraBackEnd\\node_modules\\express\\lib\\router\\route.js:119:3)\n    at Layer.handle [as handle_request] (C:\\Users\\Oscar\\OneDrive\\Documentos\\MyGasolineraBBDD\\MyGasolineraBackEnd\\node_modules\\express\\lib\\router\\layer.js:95:5)\n    at C:\\Users\\Oscar\\OneDrive\\Documentos\\MyGasolineraBBDD\\MyGasolineraBackEnd\\node_modules\\express\\lib\\router\\index.js:284:15\n    at router.process_params (C:\\Users\\Oscar\\OneDrive\\Documentos\\MyGasolineraBBDD\\MyGasolineraBackEnd\\node_modules\\express\\lib\\router\\index.js:346:12)\n    at next (C:\\Users\\Oscar\\OneDrive\\Documentos\\MyGasolineraBBDD\\MyGasolineraBackEnd\\node_modules\\express\\lib\\router\\index.js:280:10)\n    at router.handle (C:\\Users\\Oscar\\OneDrive\\Documentos\\MyGasolineraBBDD\\MyGasolineraBackEnd\\node_modules\\express\\lib\\router\\index.js:175:3)"
}
[2026-02-14 14:17:35] [ERROR] Error del servidor {
  "service": "my-gasolinera-api",
  "metodo": "GET",
  "url": "/api/gasolineras?id_provincia=12",
  "status": 500,
  "duracion_ms": 2,
  "usuario_id": "anónimo",
  "ip": "127.0.0.1",
  "respuesta": {
    "success": false,
    "message": "Error interno del servidor"
  }
}
[2026-02-14 14:17:35] [ERROR] Error del servidor {
  "service": "my-gasolinera-api",
  "metodo": "GET",
  "url": "/api/gasolineras?id_provincia=12",
  "status": 500,
  "duracion_ms": 2,
  "usuario_id": "anónimo",
  "ip": "127.0.0.1",
  "respuesta": "{\"success\":false,\"message\":\"Error interno del servidor\"}"
}
[2026-02-14 14:17:35] [INFO] Petición entrante {
  "service": "my-gasolinera-api",
  "metodo": "GET",
  "url": "/api/gasolineras?id_provincia=44",
  "ip": "127.0.0.1",
  "userAgent": "Mozilla/5.0 (Windows NT 10.0; Win64; x64) AppleWebKit/537.36 (KHTML, like Gecko) Chrome/144.0.0.0 Safari/537.36",
  "body": {}
}
[2026-02-14 14:17:35] [ERROR] Error obteniendo gasolineras: {
  "service": "my-gasolinera-api",
  "error": "Unknown column 'id_provincia' in 'SELECT'",
  "stack": "Error: Unknown column 'id_provincia' in 'SELECT'\n    at PromisePool.execute (C:\\Users\\Oscar\\OneDrive\\Documentos\\MyGasolineraBBDD\\MyGasolineraBackEnd\\node_modules\\mysql2\\lib\\promise\\pool.js:54:22)\n    at exports.getGasolineras (C:\\Users\\Oscar\\OneDrive\\Documentos\\MyGasolineraBBDD\\MyGasolineraBackEnd\\controllers\\gasolinerasController.js:64:35)\n    at Layer.handle [as handle_request] (C:\\Users\\Oscar\\OneDrive\\Documentos\\MyGasolineraBBDD\\MyGasolineraBackEnd\\node_modules\\express\\lib\\router\\layer.js:95:5)\n    at next (C:\\Users\\Oscar\\OneDrive\\Documentos\\MyGasolineraBBDD\\MyGasolineraBackEnd\\node_modules\\express\\lib\\router\\route.js:149:13)\n    at Route.dispatch (C:\\Users\\Oscar\\OneDrive\\Documentos\\MyGasolineraBBDD\\MyGasolineraBackEnd\\node_modules\\express\\lib\\router\\route.js:119:3)\n    at Layer.handle [as handle_request] (C:\\Users\\Oscar\\OneDrive\\Documentos\\MyGasolineraBBDD\\MyGasolineraBackEnd\\node_modules\\express\\lib\\router\\layer.js:95:5)\n    at C:\\Users\\Oscar\\OneDrive\\Documentos\\MyGasolineraBBDD\\MyGasolineraBackEnd\\node_modules\\express\\lib\\router\\index.js:284:15\n    at router.process_params (C:\\Users\\Oscar\\OneDrive\\Documentos\\MyGasolineraBBDD\\MyGasolineraBackEnd\\node_modules\\express\\lib\\router\\index.js:346:12)\n    at next (C:\\Users\\Oscar\\OneDrive\\Documentos\\MyGasolineraBBDD\\MyGasolineraBackEnd\\node_modules\\express\\lib\\router\\index.js:280:10)\n    at router.handle (C:\\Users\\Oscar\\OneDrive\\Documentos\\MyGasolineraBBDD\\MyGasolineraBackEnd\\node_modules\\express\\lib\\router\\index.js:175:3)"
}
[2026-02-14 14:17:35] [ERROR] Error del servidor {
  "service": "my-gasolinera-api",
  "metodo": "GET",
  "url": "/api/gasolineras?id_provincia=44",
  "status": 500,
  "duracion_ms": 2,
  "usuario_id": "anónimo",
  "ip": "127.0.0.1",
  "respuesta": {
    "success": false,
    "message": "Error interno del servidor"
  }
}
[2026-02-14 14:17:35] [ERROR] Error del servidor {
  "service": "my-gasolinera-api",
  "metodo": "GET",
  "url": "/api/gasolineras?id_provincia=44",
  "status": 500,
  "duracion_ms": 2,
  "usuario_id": "anónimo",
  "ip": "127.0.0.1",
  "respuesta": "{\"success\":false,\"message\":\"Error interno del servidor\"}"
}
[2026-02-14 14:17:35] [INFO] Petición entrante {
  "service": "my-gasolinera-api",
  "metodo": "GET",
  "url": "/api/gasolineras?id_provincia=16",
  "ip": "127.0.0.1",
  "userAgent": "Mozilla/5.0 (Windows NT 10.0; Win64; x64) AppleWebKit/537.36 (KHTML, like Gecko) Chrome/144.0.0.0 Safari/537.36",
  "body": {}
}
[2026-02-14 14:17:35] [ERROR] Error obteniendo gasolineras: {
  "service": "my-gasolinera-api",
  "error": "Unknown column 'id_provincia' in 'SELECT'",
  "stack": "Error: Unknown column 'id_provincia' in 'SELECT'\n    at PromisePool.execute (C:\\Users\\Oscar\\OneDrive\\Documentos\\MyGasolineraBBDD\\MyGasolineraBackEnd\\node_modules\\mysql2\\lib\\promise\\pool.js:54:22)\n    at exports.getGasolineras (C:\\Users\\Oscar\\OneDrive\\Documentos\\MyGasolineraBBDD\\MyGasolineraBackEnd\\controllers\\gasolinerasController.js:64:35)\n    at Layer.handle [as handle_request] (C:\\Users\\Oscar\\OneDrive\\Documentos\\MyGasolineraBBDD\\MyGasolineraBackEnd\\node_modules\\express\\lib\\router\\layer.js:95:5)\n    at next (C:\\Users\\Oscar\\OneDrive\\Documentos\\MyGasolineraBBDD\\MyGasolineraBackEnd\\node_modules\\express\\lib\\router\\route.js:149:13)\n    at Route.dispatch (C:\\Users\\Oscar\\OneDrive\\Documentos\\MyGasolineraBBDD\\MyGasolineraBackEnd\\node_modules\\express\\lib\\router\\route.js:119:3)\n    at Layer.handle [as handle_request] (C:\\Users\\Oscar\\OneDrive\\Documentos\\MyGasolineraBBDD\\MyGasolineraBackEnd\\node_modules\\express\\lib\\router\\layer.js:95:5)\n    at C:\\Users\\Oscar\\OneDrive\\Documentos\\MyGasolineraBBDD\\MyGasolineraBackEnd\\node_modules\\express\\lib\\router\\index.js:284:15\n    at router.process_params (C:\\Users\\Oscar\\OneDrive\\Documentos\\MyGasolineraBBDD\\MyGasolineraBackEnd\\node_modules\\express\\lib\\router\\index.js:346:12)\n    at next (C:\\Users\\Oscar\\OneDrive\\Documentos\\MyGasolineraBBDD\\MyGasolineraBackEnd\\node_modules\\express\\lib\\router\\index.js:280:10)\n    at router.handle (C:\\Users\\Oscar\\OneDrive\\Documentos\\MyGasolineraBBDD\\MyGasolineraBackEnd\\node_modules\\express\\lib\\router\\index.js:175:3)"
}
[2026-02-14 14:17:35] [ERROR] Error del servidor {
  "service": "my-gasolinera-api",
  "metodo": "GET",
  "url": "/api/gasolineras?id_provincia=16",
  "status": 500,
  "duracion_ms": 1,
  "usuario_id": "anónimo",
  "ip": "127.0.0.1",
  "respuesta": {
    "success": false,
    "message": "Error interno del servidor"
  }
}
[2026-02-14 14:17:35] [ERROR] Error del servidor {
  "service": "my-gasolinera-api",
  "metodo": "GET",
  "url": "/api/gasolineras?id_provincia=16",
  "status": 500,
  "duracion_ms": 1,
  "usuario_id": "anónimo",
  "ip": "127.0.0.1",
  "respuesta": "{\"success\":false,\"message\":\"Error interno del servidor\"}"
}
[2026-02-14 14:17:35] [INFO] Petición entrante {
  "service": "my-gasolinera-api",
  "metodo": "GET",
  "url": "/api/gasolineras?id_provincia=03",
  "ip": "127.0.0.1",
  "userAgent": "Mozilla/5.0 (Windows NT 10.0; Win64; x64) AppleWebKit/537.36 (KHTML, like Gecko) Chrome/144.0.0.0 Safari/537.36",
  "body": {}
}
[2026-02-14 14:17:35] [ERROR] Error obteniendo gasolineras: {
  "service": "my-gasolinera-api",
  "error": "Unknown column 'id_provincia' in 'SELECT'",
  "stack": "Error: Unknown column 'id_provincia' in 'SELECT'\n    at PromisePool.execute (C:\\Users\\Oscar\\OneDrive\\Documentos\\MyGasolineraBBDD\\MyGasolineraBackEnd\\node_modules\\mysql2\\lib\\promise\\pool.js:54:22)\n    at exports.getGasolineras (C:\\Users\\Oscar\\OneDrive\\Documentos\\MyGasolineraBBDD\\MyGasolineraBackEnd\\controllers\\gasolinerasController.js:64:35)\n    at Layer.handle [as handle_request] (C:\\Users\\Oscar\\OneDrive\\Documentos\\MyGasolineraBBDD\\MyGasolineraBackEnd\\node_modules\\express\\lib\\router\\layer.js:95:5)\n    at next (C:\\Users\\Oscar\\OneDrive\\Documentos\\MyGasolineraBBDD\\MyGasolineraBackEnd\\node_modules\\express\\lib\\router\\route.js:149:13)\n    at Route.dispatch (C:\\Users\\Oscar\\OneDrive\\Documentos\\MyGasolineraBBDD\\MyGasolineraBackEnd\\node_modules\\express\\lib\\router\\route.js:119:3)\n    at Layer.handle [as handle_request] (C:\\Users\\Oscar\\OneDrive\\Documentos\\MyGasolineraBBDD\\MyGasolineraBackEnd\\node_modules\\express\\lib\\router\\layer.js:95:5)\n    at C:\\Users\\Oscar\\OneDrive\\Documentos\\MyGasolineraBBDD\\MyGasolineraBackEnd\\node_modules\\express\\lib\\router\\index.js:284:15\n    at router.process_params (C:\\Users\\Oscar\\OneDrive\\Documentos\\MyGasolineraBBDD\\MyGasolineraBackEnd\\node_modules\\express\\lib\\router\\index.js:346:12)\n    at next (C:\\Users\\Oscar\\OneDrive\\Documentos\\MyGasolineraBBDD\\MyGasolineraBackEnd\\node_modules\\express\\lib\\router\\index.js:280:10)\n    at router.handle (C:\\Users\\Oscar\\OneDrive\\Documentos\\MyGasolineraBBDD\\MyGasolineraBackEnd\\node_modules\\express\\lib\\router\\index.js:175:3)"
}
[2026-02-14 14:17:35] [ERROR] Error del servidor {
  "service": "my-gasolinera-api",
  "metodo": "GET",
  "url": "/api/gasolineras?id_provincia=03",
  "status": 500,
  "duracion_ms": 1,
  "usuario_id": "anónimo",
  "ip": "127.0.0.1",
  "respuesta": {
    "success": false,
    "message": "Error interno del servidor"
  }
}
[2026-02-14 14:17:35] [ERROR] Error del servidor {
  "service": "my-gasolinera-api",
  "metodo": "GET",
  "url": "/api/gasolineras?id_provincia=03",
  "status": 500,
  "duracion_ms": 1,
  "usuario_id": "anónimo",
  "ip": "127.0.0.1",
  "respuesta": "{\"success\":false,\"message\":\"Error interno del servidor\"}"
}
[2026-02-14 14:18:06] [INFO] Petición entrante {
  "service": "my-gasolinera-api",
  "metodo": "GET",
  "url": "/api/gasolineras?id_provincia=46",
  "ip": "127.0.0.1",
  "userAgent": "Mozilla/5.0 (Windows NT 10.0; Win64; x64) AppleWebKit/537.36 (KHTML, like Gecko) Chrome/144.0.0.0 Safari/537.36",
  "body": {}
}
[2026-02-14 14:18:06] [ERROR] Error obteniendo gasolineras: {
  "service": "my-gasolinera-api",
  "error": "Unknown column 'id_provincia' in 'SELECT'",
  "stack": "Error: Unknown column 'id_provincia' in 'SELECT'\n    at PromisePool.execute (C:\\Users\\Oscar\\OneDrive\\Documentos\\MyGasolineraBBDD\\MyGasolineraBackEnd\\node_modules\\mysql2\\lib\\promise\\pool.js:54:22)\n    at exports.getGasolineras (C:\\Users\\Oscar\\OneDrive\\Documentos\\MyGasolineraBBDD\\MyGasolineraBackEnd\\controllers\\gasolinerasController.js:64:35)\n    at Layer.handle [as handle_request] (C:\\Users\\Oscar\\OneDrive\\Documentos\\MyGasolineraBBDD\\MyGasolineraBackEnd\\node_modules\\express\\lib\\router\\layer.js:95:5)\n    at next (C:\\Users\\Oscar\\OneDrive\\Documentos\\MyGasolineraBBDD\\MyGasolineraBackEnd\\node_modules\\express\\lib\\router\\route.js:149:13)\n    at Route.dispatch (C:\\Users\\Oscar\\OneDrive\\Documentos\\MyGasolineraBBDD\\MyGasolineraBackEnd\\node_modules\\express\\lib\\router\\route.js:119:3)\n    at Layer.handle [as handle_request] (C:\\Users\\Oscar\\OneDrive\\Documentos\\MyGasolineraBBDD\\MyGasolineraBackEnd\\node_modules\\express\\lib\\router\\layer.js:95:5)\n    at C:\\Users\\Oscar\\OneDrive\\Documentos\\MyGasolineraBBDD\\MyGasolineraBackEnd\\node_modules\\express\\lib\\router\\index.js:284:15\n    at router.process_params (C:\\Users\\Oscar\\OneDrive\\Documentos\\MyGasolineraBBDD\\MyGasolineraBackEnd\\node_modules\\express\\lib\\router\\index.js:346:12)\n    at next (C:\\Users\\Oscar\\OneDrive\\Documentos\\MyGasolineraBBDD\\MyGasolineraBackEnd\\node_modules\\express\\lib\\router\\index.js:280:10)\n    at router.handle (C:\\Users\\Oscar\\OneDrive\\Documentos\\MyGasolineraBBDD\\MyGasolineraBackEnd\\node_modules\\express\\lib\\router\\index.js:175:3)"
}
[2026-02-14 14:18:06] [ERROR] Error del servidor {
  "service": "my-gasolinera-api",
  "metodo": "GET",
  "url": "/api/gasolineras?id_provincia=46",
  "status": 500,
  "duracion_ms": 2,
  "usuario_id": "anónimo",
  "ip": "127.0.0.1",
  "respuesta": {
    "success": false,
    "message": "Error interno del servidor"
  }
}
[2026-02-14 14:18:06] [ERROR] Error del servidor {
  "service": "my-gasolinera-api",
  "metodo": "GET",
  "url": "/api/gasolineras?id_provincia=46",
  "status": 500,
  "duracion_ms": 2,
  "usuario_id": "anónimo",
  "ip": "127.0.0.1",
  "respuesta": "{\"success\":false,\"message\":\"Error interno del servidor\"}"
}
[2026-02-14 14:18:06] [INFO] Petición entrante {
  "service": "my-gasolinera-api",
  "metodo": "GET",
  "url": "/api/gasolineras?id_provincia=12",
  "ip": "127.0.0.1",
  "userAgent": "Mozilla/5.0 (Windows NT 10.0; Win64; x64) AppleWebKit/537.36 (KHTML, like Gecko) Chrome/144.0.0.0 Safari/537.36",
  "body": {}
}
[2026-02-14 14:18:06] [ERROR] Error obteniendo gasolineras: {
  "service": "my-gasolinera-api",
  "error": "Unknown column 'id_provincia' in 'SELECT'",
  "stack": "Error: Unknown column 'id_provincia' in 'SELECT'\n    at PromisePool.execute (C:\\Users\\Oscar\\OneDrive\\Documentos\\MyGasolineraBBDD\\MyGasolineraBackEnd\\node_modules\\mysql2\\lib\\promise\\pool.js:54:22)\n    at exports.getGasolineras (C:\\Users\\Oscar\\OneDrive\\Documentos\\MyGasolineraBBDD\\MyGasolineraBackEnd\\controllers\\gasolinerasController.js:64:35)\n    at Layer.handle [as handle_request] (C:\\Users\\Oscar\\OneDrive\\Documentos\\MyGasolineraBBDD\\MyGasolineraBackEnd\\node_modules\\express\\lib\\router\\layer.js:95:5)\n    at next (C:\\Users\\Oscar\\OneDrive\\Documentos\\MyGasolineraBBDD\\MyGasolineraBackEnd\\node_modules\\express\\lib\\router\\route.js:149:13)\n    at Route.dispatch (C:\\Users\\Oscar\\OneDrive\\Documentos\\MyGasolineraBBDD\\MyGasolineraBackEnd\\node_modules\\express\\lib\\router\\route.js:119:3)\n    at Layer.handle [as handle_request] (C:\\Users\\Oscar\\OneDrive\\Documentos\\MyGasolineraBBDD\\MyGasolineraBackEnd\\node_modules\\express\\lib\\router\\layer.js:95:5)\n    at C:\\Users\\Oscar\\OneDrive\\Documentos\\MyGasolineraBBDD\\MyGasolineraBackEnd\\node_modules\\express\\lib\\router\\index.js:284:15\n    at router.process_params (C:\\Users\\Oscar\\OneDrive\\Documentos\\MyGasolineraBBDD\\MyGasolineraBackEnd\\node_modules\\express\\lib\\router\\index.js:346:12)\n    at next (C:\\Users\\Oscar\\OneDrive\\Documentos\\MyGasolineraBBDD\\MyGasolineraBackEnd\\node_modules\\express\\lib\\router\\index.js:280:10)\n    at router.handle (C:\\Users\\Oscar\\OneDrive\\Documentos\\MyGasolineraBBDD\\MyGasolineraBackEnd\\node_modules\\express\\lib\\router\\index.js:175:3)"
}
[2026-02-14 14:18:06] [ERROR] Error del servidor {
  "service": "my-gasolinera-api",
  "metodo": "GET",
  "url": "/api/gasolineras?id_provincia=12",
  "status": 500,
  "duracion_ms": 2,
  "usuario_id": "anónimo",
  "ip": "127.0.0.1",
  "respuesta": {
    "success": false,
    "message": "Error interno del servidor"
  }
}
[2026-02-14 14:18:06] [ERROR] Error del servidor {
  "service": "my-gasolinera-api",
  "metodo": "GET",
  "url": "/api/gasolineras?id_provincia=12",
  "status": 500,
  "duracion_ms": 3,
  "usuario_id": "anónimo",
  "ip": "127.0.0.1",
  "respuesta": "{\"success\":false,\"message\":\"Error interno del servidor\"}"
}
[2026-02-14 14:18:06] [INFO] Petición entrante {
  "service": "my-gasolinera-api",
  "metodo": "GET",
  "url": "/api/gasolineras?id_provincia=44",
  "ip": "127.0.0.1",
  "userAgent": "Mozilla/5.0 (Windows NT 10.0; Win64; x64) AppleWebKit/537.36 (KHTML, like Gecko) Chrome/144.0.0.0 Safari/537.36",
  "body": {}
}
[2026-02-14 14:18:06] [ERROR] Error obteniendo gasolineras: {
  "service": "my-gasolinera-api",
  "error": "Unknown column 'id_provincia' in 'SELECT'",
  "stack": "Error: Unknown column 'id_provincia' in 'SELECT'\n    at PromisePool.execute (C:\\Users\\Oscar\\OneDrive\\Documentos\\MyGasolineraBBDD\\MyGasolineraBackEnd\\node_modules\\mysql2\\lib\\promise\\pool.js:54:22)\n    at exports.getGasolineras (C:\\Users\\Oscar\\OneDrive\\Documentos\\MyGasolineraBBDD\\MyGasolineraBackEnd\\controllers\\gasolinerasController.js:64:35)\n    at Layer.handle [as handle_request] (C:\\Users\\Oscar\\OneDrive\\Documentos\\MyGasolineraBBDD\\MyGasolineraBackEnd\\node_modules\\express\\lib\\router\\layer.js:95:5)\n    at next (C:\\Users\\Oscar\\OneDrive\\Documentos\\MyGasolineraBBDD\\MyGasolineraBackEnd\\node_modules\\express\\lib\\router\\route.js:149:13)\n    at Route.dispatch (C:\\Users\\Oscar\\OneDrive\\Documentos\\MyGasolineraBBDD\\MyGasolineraBackEnd\\node_modules\\express\\lib\\router\\route.js:119:3)\n    at Layer.handle [as handle_request] (C:\\Users\\Oscar\\OneDrive\\Documentos\\MyGasolineraBBDD\\MyGasolineraBackEnd\\node_modules\\express\\lib\\router\\layer.js:95:5)\n    at C:\\Users\\Oscar\\OneDrive\\Documentos\\MyGasolineraBBDD\\MyGasolineraBackEnd\\node_modules\\express\\lib\\router\\index.js:284:15\n    at router.process_params (C:\\Users\\Oscar\\OneDrive\\Documentos\\MyGasolineraBBDD\\MyGasolineraBackEnd\\node_modules\\express\\lib\\router\\index.js:346:12)\n    at next (C:\\Users\\Oscar\\OneDrive\\Documentos\\MyGasolineraBBDD\\MyGasolineraBackEnd\\node_modules\\express\\lib\\router\\index.js:280:10)\n    at router.handle (C:\\Users\\Oscar\\OneDrive\\Documentos\\MyGasolineraBBDD\\MyGasolineraBackEnd\\node_modules\\express\\lib\\router\\index.js:175:3)"
}
[2026-02-14 14:18:06] [ERROR] Error del servidor {
  "service": "my-gasolinera-api",
  "metodo": "GET",
  "url": "/api/gasolineras?id_provincia=44",
  "status": 500,
  "duracion_ms": 1,
  "usuario_id": "anónimo",
  "ip": "127.0.0.1",
  "respuesta": {
    "success": false,
    "message": "Error interno del servidor"
  }
}
[2026-02-14 14:18:06] [ERROR] Error del servidor {
  "service": "my-gasolinera-api",
  "metodo": "GET",
  "url": "/api/gasolineras?id_provincia=44",
  "status": 500,
  "duracion_ms": 1,
  "usuario_id": "anónimo",
  "ip": "127.0.0.1",
  "respuesta": "{\"success\":false,\"message\":\"Error interno del servidor\"}"
}
[2026-02-14 14:18:06] [INFO] Petición entrante {
  "service": "my-gasolinera-api",
  "metodo": "GET",
  "url": "/api/gasolineras?id_provincia=16",
  "ip": "127.0.0.1",
  "userAgent": "Mozilla/5.0 (Windows NT 10.0; Win64; x64) AppleWebKit/537.36 (KHTML, like Gecko) Chrome/144.0.0.0 Safari/537.36",
  "body": {}
}
[2026-02-14 14:18:06] [ERROR] Error obteniendo gasolineras: {
  "service": "my-gasolinera-api",
  "error": "Unknown column 'id_provincia' in 'SELECT'",
  "stack": "Error: Unknown column 'id_provincia' in 'SELECT'\n    at PromisePool.execute (C:\\Users\\Oscar\\OneDrive\\Documentos\\MyGasolineraBBDD\\MyGasolineraBackEnd\\node_modules\\mysql2\\lib\\promise\\pool.js:54:22)\n    at exports.getGasolineras (C:\\Users\\Oscar\\OneDrive\\Documentos\\MyGasolineraBBDD\\MyGasolineraBackEnd\\controllers\\gasolinerasController.js:64:35)\n    at Layer.handle [as handle_request] (C:\\Users\\Oscar\\OneDrive\\Documentos\\MyGasolineraBBDD\\MyGasolineraBackEnd\\node_modules\\express\\lib\\router\\layer.js:95:5)\n    at next (C:\\Users\\Oscar\\OneDrive\\Documentos\\MyGasolineraBBDD\\MyGasolineraBackEnd\\node_modules\\express\\lib\\router\\route.js:149:13)\n    at Route.dispatch (C:\\Users\\Oscar\\OneDrive\\Documentos\\MyGasolineraBBDD\\MyGasolineraBackEnd\\node_modules\\express\\lib\\router\\route.js:119:3)\n    at Layer.handle [as handle_request] (C:\\Users\\Oscar\\OneDrive\\Documentos\\MyGasolineraBBDD\\MyGasolineraBackEnd\\node_modules\\express\\lib\\router\\layer.js:95:5)\n    at C:\\Users\\Oscar\\OneDrive\\Documentos\\MyGasolineraBBDD\\MyGasolineraBackEnd\\node_modules\\express\\lib\\router\\index.js:284:15\n    at router.process_params (C:\\Users\\Oscar\\OneDrive\\Documentos\\MyGasolineraBBDD\\MyGasolineraBackEnd\\node_modules\\express\\lib\\router\\index.js:346:12)\n    at next (C:\\Users\\Oscar\\OneDrive\\Documentos\\MyGasolineraBBDD\\MyGasolineraBackEnd\\node_modules\\express\\lib\\router\\index.js:280:10)\n    at router.handle (C:\\Users\\Oscar\\OneDrive\\Documentos\\MyGasolineraBBDD\\MyGasolineraBackEnd\\node_modules\\express\\lib\\router\\index.js:175:3)"
}
[2026-02-14 14:18:06] [ERROR] Error del servidor {
  "service": "my-gasolinera-api",
  "metodo": "GET",
  "url": "/api/gasolineras?id_provincia=16",
  "status": 500,
  "duracion_ms": 2,
  "usuario_id": "anónimo",
  "ip": "127.0.0.1",
  "respuesta": {
    "success": false,
    "message": "Error interno del servidor"
  }
}
[2026-02-14 14:18:06] [ERROR] Error del servidor {
  "service": "my-gasolinera-api",
  "metodo": "GET",
  "url": "/api/gasolineras?id_provincia=16",
  "status": 500,
  "duracion_ms": 2,
  "usuario_id": "anónimo",
  "ip": "127.0.0.1",
  "respuesta": "{\"success\":false,\"message\":\"Error interno del servidor\"}"
}
[2026-02-14 14:18:06] [INFO] Petición entrante {
  "service": "my-gasolinera-api",
  "metodo": "GET",
  "url": "/api/gasolineras?id_provincia=03",
  "ip": "127.0.0.1",
  "userAgent": "Mozilla/5.0 (Windows NT 10.0; Win64; x64) AppleWebKit/537.36 (KHTML, like Gecko) Chrome/144.0.0.0 Safari/537.36",
  "body": {}
}
[2026-02-14 14:18:06] [ERROR] Error obteniendo gasolineras: {
  "service": "my-gasolinera-api",
  "error": "Unknown column 'id_provincia' in 'SELECT'",
  "stack": "Error: Unknown column 'id_provincia' in 'SELECT'\n    at PromisePool.execute (C:\\Users\\Oscar\\OneDrive\\Documentos\\MyGasolineraBBDD\\MyGasolineraBackEnd\\node_modules\\mysql2\\lib\\promise\\pool.js:54:22)\n    at exports.getGasolineras (C:\\Users\\Oscar\\OneDrive\\Documentos\\MyGasolineraBBDD\\MyGasolineraBackEnd\\controllers\\gasolinerasController.js:64:35)\n    at Layer.handle [as handle_request] (C:\\Users\\Oscar\\OneDrive\\Documentos\\MyGasolineraBBDD\\MyGasolineraBackEnd\\node_modules\\express\\lib\\router\\layer.js:95:5)\n    at next (C:\\Users\\Oscar\\OneDrive\\Documentos\\MyGasolineraBBDD\\MyGasolineraBackEnd\\node_modules\\express\\lib\\router\\route.js:149:13)\n    at Route.dispatch (C:\\Users\\Oscar\\OneDrive\\Documentos\\MyGasolineraBBDD\\MyGasolineraBackEnd\\node_modules\\express\\lib\\router\\route.js:119:3)\n    at Layer.handle [as handle_request] (C:\\Users\\Oscar\\OneDrive\\Documentos\\MyGasolineraBBDD\\MyGasolineraBackEnd\\node_modules\\express\\lib\\router\\layer.js:95:5)\n    at C:\\Users\\Oscar\\OneDrive\\Documentos\\MyGasolineraBBDD\\MyGasolineraBackEnd\\node_modules\\express\\lib\\router\\index.js:284:15\n    at router.process_params (C:\\Users\\Oscar\\OneDrive\\Documentos\\MyGasolineraBBDD\\MyGasolineraBackEnd\\node_modules\\express\\lib\\router\\index.js:346:12)\n    at next (C:\\Users\\Oscar\\OneDrive\\Documentos\\MyGasolineraBBDD\\MyGasolineraBackEnd\\node_modules\\express\\lib\\router\\index.js:280:10)\n    at router.handle (C:\\Users\\Oscar\\OneDrive\\Documentos\\MyGasolineraBBDD\\MyGasolineraBackEnd\\node_modules\\express\\lib\\router\\index.js:175:3)"
}
[2026-02-14 14:18:06] [ERROR] Error del servidor {
  "service": "my-gasolinera-api",
  "metodo": "GET",
  "url": "/api/gasolineras?id_provincia=03",
  "status": 500,
  "duracion_ms": 1,
  "usuario_id": "anónimo",
  "ip": "127.0.0.1",
  "respuesta": {
    "success": false,
    "message": "Error interno del servidor"
  }
}
[2026-02-14 14:18:06] [ERROR] Error del servidor {
  "service": "my-gasolinera-api",
  "metodo": "GET",
  "url": "/api/gasolineras?id_provincia=03",
  "status": 500,
  "duracion_ms": 1,
  "usuario_id": "anónimo",
  "ip": "127.0.0.1",
  "respuesta": "{\"success\":false,\"message\":\"Error interno del servidor\"}"
}
[2026-02-14 14:18:06] [INFO] Petición entrante {
  "service": "my-gasolinera-api",
  "metodo": "GET",
  "url": "/usuarios/perfil/juan@juan.com",
  "ip": "127.0.0.1",
  "userAgent": "Mozilla/5.0 (Windows NT 10.0; Win64; x64) AppleWebKit/537.36 (KHTML, like Gecko) Chrome/144.0.0.0 Safari/537.36",
  "body": {}
}
[2026-02-14 14:18:06] [INFO] Perfil de usuario obtenido exitosamente {
  "service": "my-gasolinera-api",
  "email": "juan@juan.com",
  "nombre": "juan"
}
[2026-02-14 14:18:06] [INFO] Respuesta exitosa {
  "service": "my-gasolinera-api",
  "metodo": "GET",
  "url": "/usuarios/perfil/juan@juan.com",
  "status": 200,
  "duracion_ms": 2,
  "usuario_id": "anónimo",
  "ip": "127.0.0.1"
}
[2026-02-14 14:18:06] [INFO] Respuesta exitosa {
  "service": "my-gasolinera-api",
  "metodo": "GET",
  "url": "/usuarios/perfil/juan@juan.com",
  "status": 200,
  "duracion_ms": 3,
  "usuario_id": "anónimo",
  "ip": "127.0.0.1"
}
[2026-02-14 14:18:06] [INFO] Petición entrante {
  "service": "my-gasolinera-api",
  "metodo": "GET",
  "url": "/cargarImagen/juan@juan.com",
  "ip": "127.0.0.1",
  "userAgent": "Mozilla/5.0 (Windows NT 10.0; Win64; x64) AppleWebKit/537.36 (KHTML, like Gecko) Chrome/144.0.0.0 Safari/537.36",
  "body": {}
}
[2026-02-14 14:18:06] [INFO] Foto de perfil obtenida {
  "service": "my-gasolinera-api",
  "email": "juan@juan.com",
  "tiene_foto": false
}
[2026-02-14 14:18:06] [INFO] Respuesta exitosa {
  "service": "my-gasolinera-api",
  "metodo": "GET",
  "url": "/cargarImagen/juan@juan.com",
  "status": 200,
  "duracion_ms": 3,
  "usuario_id": "anónimo",
  "ip": "127.0.0.1"
}
[2026-02-14 14:18:06] [INFO] Respuesta exitosa {
  "service": "my-gasolinera-api",
  "metodo": "GET",
  "url": "/cargarImagen/juan@juan.com",
  "status": 200,
  "duracion_ms": 3,
  "usuario_id": "anónimo",
  "ip": "127.0.0.1"
}
[2026-02-14 14:18:08] [INFO] Petición entrante {
  "service": "my-gasolinera-api",
  "metodo": "GET",
  "url": "/api/gasolineras?id_provincia=46",
  "ip": "127.0.0.1",
  "userAgent": "Mozilla/5.0 (Windows NT 10.0; Win64; x64) AppleWebKit/537.36 (KHTML, like Gecko) Chrome/144.0.0.0 Safari/537.36",
  "body": {}
}
[2026-02-14 14:18:08] [ERROR] Error obteniendo gasolineras: {
  "service": "my-gasolinera-api",
  "error": "Unknown column 'id_provincia' in 'SELECT'",
  "stack": "Error: Unknown column 'id_provincia' in 'SELECT'\n    at PromisePool.execute (C:\\Users\\Oscar\\OneDrive\\Documentos\\MyGasolineraBBDD\\MyGasolineraBackEnd\\node_modules\\mysql2\\lib\\promise\\pool.js:54:22)\n    at exports.getGasolineras (C:\\Users\\Oscar\\OneDrive\\Documentos\\MyGasolineraBBDD\\MyGasolineraBackEnd\\controllers\\gasolinerasController.js:64:35)\n    at Layer.handle [as handle_request] (C:\\Users\\Oscar\\OneDrive\\Documentos\\MyGasolineraBBDD\\MyGasolineraBackEnd\\node_modules\\express\\lib\\router\\layer.js:95:5)\n    at next (C:\\Users\\Oscar\\OneDrive\\Documentos\\MyGasolineraBBDD\\MyGasolineraBackEnd\\node_modules\\express\\lib\\router\\route.js:149:13)\n    at Route.dispatch (C:\\Users\\Oscar\\OneDrive\\Documentos\\MyGasolineraBBDD\\MyGasolineraBackEnd\\node_modules\\express\\lib\\router\\route.js:119:3)\n    at Layer.handle [as handle_request] (C:\\Users\\Oscar\\OneDrive\\Documentos\\MyGasolineraBBDD\\MyGasolineraBackEnd\\node_modules\\express\\lib\\router\\layer.js:95:5)\n    at C:\\Users\\Oscar\\OneDrive\\Documentos\\MyGasolineraBBDD\\MyGasolineraBackEnd\\node_modules\\express\\lib\\router\\index.js:284:15\n    at router.process_params (C:\\Users\\Oscar\\OneDrive\\Documentos\\MyGasolineraBBDD\\MyGasolineraBackEnd\\node_modules\\express\\lib\\router\\index.js:346:12)\n    at next (C:\\Users\\Oscar\\OneDrive\\Documentos\\MyGasolineraBBDD\\MyGasolineraBackEnd\\node_modules\\express\\lib\\router\\index.js:280:10)\n    at router.handle (C:\\Users\\Oscar\\OneDrive\\Documentos\\MyGasolineraBBDD\\MyGasolineraBackEnd\\node_modules\\express\\lib\\router\\index.js:175:3)"
}
[2026-02-14 14:18:08] [ERROR] Error del servidor {
  "service": "my-gasolinera-api",
  "metodo": "GET",
  "url": "/api/gasolineras?id_provincia=46",
  "status": 500,
  "duracion_ms": 1,
  "usuario_id": "anónimo",
  "ip": "127.0.0.1",
  "respuesta": {
    "success": false,
    "message": "Error interno del servidor"
  }
}
[2026-02-14 14:18:08] [ERROR] Error del servidor {
  "service": "my-gasolinera-api",
  "metodo": "GET",
  "url": "/api/gasolineras?id_provincia=46",
  "status": 500,
  "duracion_ms": 2,
  "usuario_id": "anónimo",
  "ip": "127.0.0.1",
  "respuesta": "{\"success\":false,\"message\":\"Error interno del servidor\"}"
}
[2026-02-14 14:18:09] [INFO] Petición entrante {
  "service": "my-gasolinera-api",
  "metodo": "GET",
  "url": "/api/gasolineras?id_provincia=12",
  "ip": "127.0.0.1",
  "userAgent": "Mozilla/5.0 (Windows NT 10.0; Win64; x64) AppleWebKit/537.36 (KHTML, like Gecko) Chrome/144.0.0.0 Safari/537.36",
  "body": {}
}
[2026-02-14 14:18:09] [ERROR] Error obteniendo gasolineras: {
  "service": "my-gasolinera-api",
  "error": "Unknown column 'id_provincia' in 'SELECT'",
  "stack": "Error: Unknown column 'id_provincia' in 'SELECT'\n    at PromisePool.execute (C:\\Users\\Oscar\\OneDrive\\Documentos\\MyGasolineraBBDD\\MyGasolineraBackEnd\\node_modules\\mysql2\\lib\\promise\\pool.js:54:22)\n    at exports.getGasolineras (C:\\Users\\Oscar\\OneDrive\\Documentos\\MyGasolineraBBDD\\MyGasolineraBackEnd\\controllers\\gasolinerasController.js:64:35)\n    at Layer.handle [as handle_request] (C:\\Users\\Oscar\\OneDrive\\Documentos\\MyGasolineraBBDD\\MyGasolineraBackEnd\\node_modules\\express\\lib\\router\\layer.js:95:5)\n    at next (C:\\Users\\Oscar\\OneDrive\\Documentos\\MyGasolineraBBDD\\MyGasolineraBackEnd\\node_modules\\express\\lib\\router\\route.js:149:13)\n    at Route.dispatch (C:\\Users\\Oscar\\OneDrive\\Documentos\\MyGasolineraBBDD\\MyGasolineraBackEnd\\node_modules\\express\\lib\\router\\route.js:119:3)\n    at Layer.handle [as handle_request] (C:\\Users\\Oscar\\OneDrive\\Documentos\\MyGasolineraBBDD\\MyGasolineraBackEnd\\node_modules\\express\\lib\\router\\layer.js:95:5)\n    at C:\\Users\\Oscar\\OneDrive\\Documentos\\MyGasolineraBBDD\\MyGasolineraBackEnd\\node_modules\\express\\lib\\router\\index.js:284:15\n    at router.process_params (C:\\Users\\Oscar\\OneDrive\\Documentos\\MyGasolineraBBDD\\MyGasolineraBackEnd\\node_modules\\express\\lib\\router\\index.js:346:12)\n    at next (C:\\Users\\Oscar\\OneDrive\\Documentos\\MyGasolineraBBDD\\MyGasolineraBackEnd\\node_modules\\express\\lib\\router\\index.js:280:10)\n    at router.handle (C:\\Users\\Oscar\\OneDrive\\Documentos\\MyGasolineraBBDD\\MyGasolineraBackEnd\\node_modules\\express\\lib\\router\\index.js:175:3)"
}
[2026-02-14 14:18:09] [ERROR] Error del servidor {
  "service": "my-gasolinera-api",
  "metodo": "GET",
  "url": "/api/gasolineras?id_provincia=12",
  "status": 500,
  "duracion_ms": 1,
  "usuario_id": "anónimo",
  "ip": "127.0.0.1",
  "respuesta": {
    "success": false,
    "message": "Error interno del servidor"
  }
}
[2026-02-14 14:18:09] [ERROR] Error del servidor {
  "service": "my-gasolinera-api",
  "metodo": "GET",
  "url": "/api/gasolineras?id_provincia=12",
  "status": 500,
  "duracion_ms": 1,
  "usuario_id": "anónimo",
  "ip": "127.0.0.1",
  "respuesta": "{\"success\":false,\"message\":\"Error interno del servidor\"}"
}
[2026-02-14 14:18:09] [INFO] Petición entrante {
  "service": "my-gasolinera-api",
  "metodo": "GET",
  "url": "/api/gasolineras?id_provincia=44",
  "ip": "127.0.0.1",
  "userAgent": "Mozilla/5.0 (Windows NT 10.0; Win64; x64) AppleWebKit/537.36 (KHTML, like Gecko) Chrome/144.0.0.0 Safari/537.36",
  "body": {}
}
[2026-02-14 14:18:09] [ERROR] Error obteniendo gasolineras: {
  "service": "my-gasolinera-api",
  "error": "Unknown column 'id_provincia' in 'SELECT'",
  "stack": "Error: Unknown column 'id_provincia' in 'SELECT'\n    at PromisePool.execute (C:\\Users\\Oscar\\OneDrive\\Documentos\\MyGasolineraBBDD\\MyGasolineraBackEnd\\node_modules\\mysql2\\lib\\promise\\pool.js:54:22)\n    at exports.getGasolineras (C:\\Users\\Oscar\\OneDrive\\Documentos\\MyGasolineraBBDD\\MyGasolineraBackEnd\\controllers\\gasolinerasController.js:64:35)\n    at Layer.handle [as handle_request] (C:\\Users\\Oscar\\OneDrive\\Documentos\\MyGasolineraBBDD\\MyGasolineraBackEnd\\node_modules\\express\\lib\\router\\layer.js:95:5)\n    at next (C:\\Users\\Oscar\\OneDrive\\Documentos\\MyGasolineraBBDD\\MyGasolineraBackEnd\\node_modules\\express\\lib\\router\\route.js:149:13)\n    at Route.dispatch (C:\\Users\\Oscar\\OneDrive\\Documentos\\MyGasolineraBBDD\\MyGasolineraBackEnd\\node_modules\\express\\lib\\router\\route.js:119:3)\n    at Layer.handle [as handle_request] (C:\\Users\\Oscar\\OneDrive\\Documentos\\MyGasolineraBBDD\\MyGasolineraBackEnd\\node_modules\\express\\lib\\router\\layer.js:95:5)\n    at C:\\Users\\Oscar\\OneDrive\\Documentos\\MyGasolineraBBDD\\MyGasolineraBackEnd\\node_modules\\express\\lib\\router\\index.js:284:15\n    at router.process_params (C:\\Users\\Oscar\\OneDrive\\Documentos\\MyGasolineraBBDD\\MyGasolineraBackEnd\\node_modules\\express\\lib\\router\\index.js:346:12)\n    at next (C:\\Users\\Oscar\\OneDrive\\Documentos\\MyGasolineraBBDD\\MyGasolineraBackEnd\\node_modules\\express\\lib\\router\\index.js:280:10)\n    at router.handle (C:\\Users\\Oscar\\OneDrive\\Documentos\\MyGasolineraBBDD\\MyGasolineraBackEnd\\node_modules\\express\\lib\\router\\index.js:175:3)"
}
[2026-02-14 14:18:09] [ERROR] Error del servidor {
  "service": "my-gasolinera-api",
  "metodo": "GET",
  "url": "/api/gasolineras?id_provincia=44",
  "status": 500,
  "duracion_ms": 2,
  "usuario_id": "anónimo",
  "ip": "127.0.0.1",
  "respuesta": {
    "success": false,
    "message": "Error interno del servidor"
  }
}
[2026-02-14 14:18:09] [ERROR] Error del servidor {
  "service": "my-gasolinera-api",
  "metodo": "GET",
  "url": "/api/gasolineras?id_provincia=44",
  "status": 500,
  "duracion_ms": 2,
  "usuario_id": "anónimo",
  "ip": "127.0.0.1",
  "respuesta": "{\"success\":false,\"message\":\"Error interno del servidor\"}"
}
[2026-02-14 14:18:09] [INFO] Petición entrante {
  "service": "my-gasolinera-api",
  "metodo": "GET",
  "url": "/api/gasolineras?id_provincia=16",
  "ip": "127.0.0.1",
  "userAgent": "Mozilla/5.0 (Windows NT 10.0; Win64; x64) AppleWebKit/537.36 (KHTML, like Gecko) Chrome/144.0.0.0 Safari/537.36",
  "body": {}
}
[2026-02-14 14:18:09] [ERROR] Error obteniendo gasolineras: {
  "service": "my-gasolinera-api",
  "error": "Unknown column 'id_provincia' in 'SELECT'",
  "stack": "Error: Unknown column 'id_provincia' in 'SELECT'\n    at PromisePool.execute (C:\\Users\\Oscar\\OneDrive\\Documentos\\MyGasolineraBBDD\\MyGasolineraBackEnd\\node_modules\\mysql2\\lib\\promise\\pool.js:54:22)\n    at exports.getGasolineras (C:\\Users\\Oscar\\OneDrive\\Documentos\\MyGasolineraBBDD\\MyGasolineraBackEnd\\controllers\\gasolinerasController.js:64:35)\n    at Layer.handle [as handle_request] (C:\\Users\\Oscar\\OneDrive\\Documentos\\MyGasolineraBBDD\\MyGasolineraBackEnd\\node_modules\\express\\lib\\router\\layer.js:95:5)\n    at next (C:\\Users\\Oscar\\OneDrive\\Documentos\\MyGasolineraBBDD\\MyGasolineraBackEnd\\node_modules\\express\\lib\\router\\route.js:149:13)\n    at Route.dispatch (C:\\Users\\Oscar\\OneDrive\\Documentos\\MyGasolineraBBDD\\MyGasolineraBackEnd\\node_modules\\express\\lib\\router\\route.js:119:3)\n    at Layer.handle [as handle_request] (C:\\Users\\Oscar\\OneDrive\\Documentos\\MyGasolineraBBDD\\MyGasolineraBackEnd\\node_modules\\express\\lib\\router\\layer.js:95:5)\n    at C:\\Users\\Oscar\\OneDrive\\Documentos\\MyGasolineraBBDD\\MyGasolineraBackEnd\\node_modules\\express\\lib\\router\\index.js:284:15\n    at router.process_params (C:\\Users\\Oscar\\OneDrive\\Documentos\\MyGasolineraBBDD\\MyGasolineraBackEnd\\node_modules\\express\\lib\\router\\index.js:346:12)\n    at next (C:\\Users\\Oscar\\OneDrive\\Documentos\\MyGasolineraBBDD\\MyGasolineraBackEnd\\node_modules\\express\\lib\\router\\index.js:280:10)\n    at router.handle (C:\\Users\\Oscar\\OneDrive\\Documentos\\MyGasolineraBBDD\\MyGasolineraBackEnd\\node_modules\\express\\lib\\router\\index.js:175:3)"
}
[2026-02-14 14:18:09] [ERROR] Error del servidor {
  "service": "my-gasolinera-api",
  "metodo": "GET",
  "url": "/api/gasolineras?id_provincia=16",
  "status": 500,
  "duracion_ms": 1,
  "usuario_id": "anónimo",
  "ip": "127.0.0.1",
  "respuesta": {
    "success": false,
    "message": "Error interno del servidor"
  }
}
[2026-02-14 14:18:09] [ERROR] Error del servidor {
  "service": "my-gasolinera-api",
  "metodo": "GET",
  "url": "/api/gasolineras?id_provincia=16",
  "status": 500,
  "duracion_ms": 1,
  "usuario_id": "anónimo",
  "ip": "127.0.0.1",
  "respuesta": "{\"success\":false,\"message\":\"Error interno del servidor\"}"
}
[2026-02-14 14:18:09] [INFO] Petición entrante {
  "service": "my-gasolinera-api",
  "metodo": "GET",
  "url": "/api/gasolineras?id_provincia=03",
  "ip": "127.0.0.1",
  "userAgent": "Mozilla/5.0 (Windows NT 10.0; Win64; x64) AppleWebKit/537.36 (KHTML, like Gecko) Chrome/144.0.0.0 Safari/537.36",
  "body": {}
}
[2026-02-14 14:18:09] [ERROR] Error obteniendo gasolineras: {
  "service": "my-gasolinera-api",
  "error": "Unknown column 'id_provincia' in 'SELECT'",
  "stack": "Error: Unknown column 'id_provincia' in 'SELECT'\n    at PromisePool.execute (C:\\Users\\Oscar\\OneDrive\\Documentos\\MyGasolineraBBDD\\MyGasolineraBackEnd\\node_modules\\mysql2\\lib\\promise\\pool.js:54:22)\n    at exports.getGasolineras (C:\\Users\\Oscar\\OneDrive\\Documentos\\MyGasolineraBBDD\\MyGasolineraBackEnd\\controllers\\gasolinerasController.js:64:35)\n    at Layer.handle [as handle_request] (C:\\Users\\Oscar\\OneDrive\\Documentos\\MyGasolineraBBDD\\MyGasolineraBackEnd\\node_modules\\express\\lib\\router\\layer.js:95:5)\n    at next (C:\\Users\\Oscar\\OneDrive\\Documentos\\MyGasolineraBBDD\\MyGasolineraBackEnd\\node_modules\\express\\lib\\router\\route.js:149:13)\n    at Route.dispatch (C:\\Users\\Oscar\\OneDrive\\Documentos\\MyGasolineraBBDD\\MyGasolineraBackEnd\\node_modules\\express\\lib\\router\\route.js:119:3)\n    at Layer.handle [as handle_request] (C:\\Users\\Oscar\\OneDrive\\Documentos\\MyGasolineraBBDD\\MyGasolineraBackEnd\\node_modules\\express\\lib\\router\\layer.js:95:5)\n    at C:\\Users\\Oscar\\OneDrive\\Documentos\\MyGasolineraBBDD\\MyGasolineraBackEnd\\node_modules\\express\\lib\\router\\index.js:284:15\n    at router.process_params (C:\\Users\\Oscar\\OneDrive\\Documentos\\MyGasolineraBBDD\\MyGasolineraBackEnd\\node_modules\\express\\lib\\router\\index.js:346:12)\n    at next (C:\\Users\\Oscar\\OneDrive\\Documentos\\MyGasolineraBBDD\\MyGasolineraBackEnd\\node_modules\\express\\lib\\router\\index.js:280:10)\n    at router.handle (C:\\Users\\Oscar\\OneDrive\\Documentos\\MyGasolineraBBDD\\MyGasolineraBackEnd\\node_modules\\express\\lib\\router\\index.js:175:3)"
}
[2026-02-14 14:18:09] [ERROR] Error del servidor {
  "service": "my-gasolinera-api",
  "metodo": "GET",
  "url": "/api/gasolineras?id_provincia=03",
  "status": 500,
  "duracion_ms": 1,
  "usuario_id": "anónimo",
  "ip": "127.0.0.1",
  "respuesta": {
    "success": false,
    "message": "Error interno del servidor"
  }
}
[2026-02-14 14:18:09] [ERROR] Error del servidor {
  "service": "my-gasolinera-api",
  "metodo": "GET",
  "url": "/api/gasolineras?id_provincia=03",
  "status": 500,
  "duracion_ms": 1,
  "usuario_id": "anónimo",
  "ip": "127.0.0.1",
  "respuesta": "{\"success\":false,\"message\":\"Error interno del servidor\"}"
}
[2026-02-14 14:18:09] [INFO] Petición entrante {
  "service": "my-gasolinera-api",
  "metodo": "GET",
  "url": "/api/gasolineras?id_provincia=46",
  "ip": "127.0.0.1",
  "userAgent": "Mozilla/5.0 (Windows NT 10.0; Win64; x64) AppleWebKit/537.36 (KHTML, like Gecko) Chrome/144.0.0.0 Safari/537.36",
  "body": {}
}
[2026-02-14 14:18:09] [ERROR] Error obteniendo gasolineras: {
  "service": "my-gasolinera-api",
  "error": "Unknown column 'id_provincia' in 'SELECT'",
  "stack": "Error: Unknown column 'id_provincia' in 'SELECT'\n    at PromisePool.execute (C:\\Users\\Oscar\\OneDrive\\Documentos\\MyGasolineraBBDD\\MyGasolineraBackEnd\\node_modules\\mysql2\\lib\\promise\\pool.js:54:22)\n    at exports.getGasolineras (C:\\Users\\Oscar\\OneDrive\\Documentos\\MyGasolineraBBDD\\MyGasolineraBackEnd\\controllers\\gasolinerasController.js:64:35)\n    at Layer.handle [as handle_request] (C:\\Users\\Oscar\\OneDrive\\Documentos\\MyGasolineraBBDD\\MyGasolineraBackEnd\\node_modules\\express\\lib\\router\\layer.js:95:5)\n    at next (C:\\Users\\Oscar\\OneDrive\\Documentos\\MyGasolineraBBDD\\MyGasolineraBackEnd\\node_modules\\express\\lib\\router\\route.js:149:13)\n    at Route.dispatch (C:\\Users\\Oscar\\OneDrive\\Documentos\\MyGasolineraBBDD\\MyGasolineraBackEnd\\node_modules\\express\\lib\\router\\route.js:119:3)\n    at Layer.handle [as handle_request] (C:\\Users\\Oscar\\OneDrive\\Documentos\\MyGasolineraBBDD\\MyGasolineraBackEnd\\node_modules\\express\\lib\\router\\layer.js:95:5)\n    at C:\\Users\\Oscar\\OneDrive\\Documentos\\MyGasolineraBBDD\\MyGasolineraBackEnd\\node_modules\\express\\lib\\router\\index.js:284:15\n    at router.process_params (C:\\Users\\Oscar\\OneDrive\\Documentos\\MyGasolineraBBDD\\MyGasolineraBackEnd\\node_modules\\express\\lib\\router\\index.js:346:12)\n    at next (C:\\Users\\Oscar\\OneDrive\\Documentos\\MyGasolineraBBDD\\MyGasolineraBackEnd\\node_modules\\express\\lib\\router\\index.js:280:10)\n    at router.handle (C:\\Users\\Oscar\\OneDrive\\Documentos\\MyGasolineraBBDD\\MyGasolineraBackEnd\\node_modules\\express\\lib\\router\\index.js:175:3)"
}
[2026-02-14 14:18:09] [ERROR] Error del servidor {
  "service": "my-gasolinera-api",
  "metodo": "GET",
  "url": "/api/gasolineras?id_provincia=46",
  "status": 500,
  "duracion_ms": 1,
  "usuario_id": "anónimo",
  "ip": "127.0.0.1",
  "respuesta": {
    "success": false,
    "message": "Error interno del servidor"
  }
}
[2026-02-14 14:18:09] [ERROR] Error del servidor {
  "service": "my-gasolinera-api",
  "metodo": "GET",
  "url": "/api/gasolineras?id_provincia=46",
  "status": 500,
  "duracion_ms": 2,
  "usuario_id": "anónimo",
  "ip": "127.0.0.1",
  "respuesta": "{\"success\":false,\"message\":\"Error interno del servidor\"}"
}
[2026-02-14 14:18:09] [INFO] Petición entrante {
  "service": "my-gasolinera-api",
  "metodo": "GET",
  "url": "/api/gasolineras?id_provincia=12",
  "ip": "127.0.0.1",
  "userAgent": "Mozilla/5.0 (Windows NT 10.0; Win64; x64) AppleWebKit/537.36 (KHTML, like Gecko) Chrome/144.0.0.0 Safari/537.36",
  "body": {}
}
[2026-02-14 14:18:09] [ERROR] Error obteniendo gasolineras: {
  "service": "my-gasolinera-api",
  "error": "Unknown column 'id_provincia' in 'SELECT'",
  "stack": "Error: Unknown column 'id_provincia' in 'SELECT'\n    at PromisePool.execute (C:\\Users\\Oscar\\OneDrive\\Documentos\\MyGasolineraBBDD\\MyGasolineraBackEnd\\node_modules\\mysql2\\lib\\promise\\pool.js:54:22)\n    at exports.getGasolineras (C:\\Users\\Oscar\\OneDrive\\Documentos\\MyGasolineraBBDD\\MyGasolineraBackEnd\\controllers\\gasolinerasController.js:64:35)\n    at Layer.handle [as handle_request] (C:\\Users\\Oscar\\OneDrive\\Documentos\\MyGasolineraBBDD\\MyGasolineraBackEnd\\node_modules\\express\\lib\\router\\layer.js:95:5)\n    at next (C:\\Users\\Oscar\\OneDrive\\Documentos\\MyGasolineraBBDD\\MyGasolineraBackEnd\\node_modules\\express\\lib\\router\\route.js:149:13)\n    at Route.dispatch (C:\\Users\\Oscar\\OneDrive\\Documentos\\MyGasolineraBBDD\\MyGasolineraBackEnd\\node_modules\\express\\lib\\router\\route.js:119:3)\n    at Layer.handle [as handle_request] (C:\\Users\\Oscar\\OneDrive\\Documentos\\MyGasolineraBBDD\\MyGasolineraBackEnd\\node_modules\\express\\lib\\router\\layer.js:95:5)\n    at C:\\Users\\Oscar\\OneDrive\\Documentos\\MyGasolineraBBDD\\MyGasolineraBackEnd\\node_modules\\express\\lib\\router\\index.js:284:15\n    at router.process_params (C:\\Users\\Oscar\\OneDrive\\Documentos\\MyGasolineraBBDD\\MyGasolineraBackEnd\\node_modules\\express\\lib\\router\\index.js:346:12)\n    at next (C:\\Users\\Oscar\\OneDrive\\Documentos\\MyGasolineraBBDD\\MyGasolineraBackEnd\\node_modules\\express\\lib\\router\\index.js:280:10)\n    at router.handle (C:\\Users\\Oscar\\OneDrive\\Documentos\\MyGasolineraBBDD\\MyGasolineraBackEnd\\node_modules\\express\\lib\\router\\index.js:175:3)"
}
[2026-02-14 14:18:09] [ERROR] Error del servidor {
  "service": "my-gasolinera-api",
  "metodo": "GET",
  "url": "/api/gasolineras?id_provincia=12",
  "status": 500,
  "duracion_ms": 1,
  "usuario_id": "anónimo",
  "ip": "127.0.0.1",
  "respuesta": {
    "success": false,
    "message": "Error interno del servidor"
  }
}
[2026-02-14 14:18:09] [ERROR] Error del servidor {
  "service": "my-gasolinera-api",
  "metodo": "GET",
  "url": "/api/gasolineras?id_provincia=12",
  "status": 500,
  "duracion_ms": 1,
  "usuario_id": "anónimo",
  "ip": "127.0.0.1",
  "respuesta": "{\"success\":false,\"message\":\"Error interno del servidor\"}"
}
[2026-02-14 14:18:09] [INFO] Petición entrante {
  "service": "my-gasolinera-api",
  "metodo": "GET",
  "url": "/api/gasolineras?id_provincia=44",
  "ip": "127.0.0.1",
  "userAgent": "Mozilla/5.0 (Windows NT 10.0; Win64; x64) AppleWebKit/537.36 (KHTML, like Gecko) Chrome/144.0.0.0 Safari/537.36",
  "body": {}
}
[2026-02-14 14:18:09] [ERROR] Error obteniendo gasolineras: {
  "service": "my-gasolinera-api",
  "error": "Unknown column 'id_provincia' in 'SELECT'",
  "stack": "Error: Unknown column 'id_provincia' in 'SELECT'\n    at PromisePool.execute (C:\\Users\\Oscar\\OneDrive\\Documentos\\MyGasolineraBBDD\\MyGasolineraBackEnd\\node_modules\\mysql2\\lib\\promise\\pool.js:54:22)\n    at exports.getGasolineras (C:\\Users\\Oscar\\OneDrive\\Documentos\\MyGasolineraBBDD\\MyGasolineraBackEnd\\controllers\\gasolinerasController.js:64:35)\n    at Layer.handle [as handle_request] (C:\\Users\\Oscar\\OneDrive\\Documentos\\MyGasolineraBBDD\\MyGasolineraBackEnd\\node_modules\\express\\lib\\router\\layer.js:95:5)\n    at next (C:\\Users\\Oscar\\OneDrive\\Documentos\\MyGasolineraBBDD\\MyGasolineraBackEnd\\node_modules\\express\\lib\\router\\route.js:149:13)\n    at Route.dispatch (C:\\Users\\Oscar\\OneDrive\\Documentos\\MyGasolineraBBDD\\MyGasolineraBackEnd\\node_modules\\express\\lib\\router\\route.js:119:3)\n    at Layer.handle [as handle_request] (C:\\Users\\Oscar\\OneDrive\\Documentos\\MyGasolineraBBDD\\MyGasolineraBackEnd\\node_modules\\express\\lib\\router\\layer.js:95:5)\n    at C:\\Users\\Oscar\\OneDrive\\Documentos\\MyGasolineraBBDD\\MyGasolineraBackEnd\\node_modules\\express\\lib\\router\\index.js:284:15\n    at router.process_params (C:\\Users\\Oscar\\OneDrive\\Documentos\\MyGasolineraBBDD\\MyGasolineraBackEnd\\node_modules\\express\\lib\\router\\index.js:346:12)\n    at next (C:\\Users\\Oscar\\OneDrive\\Documentos\\MyGasolineraBBDD\\MyGasolineraBackEnd\\node_modules\\express\\lib\\router\\index.js:280:10)\n    at router.handle (C:\\Users\\Oscar\\OneDrive\\Documentos\\MyGasolineraBBDD\\MyGasolineraBackEnd\\node_modules\\express\\lib\\router\\index.js:175:3)"
}
[2026-02-14 14:18:09] [ERROR] Error del servidor {
  "service": "my-gasolinera-api",
  "metodo": "GET",
  "url": "/api/gasolineras?id_provincia=44",
  "status": 500,
  "duracion_ms": 2,
  "usuario_id": "anónimo",
  "ip": "127.0.0.1",
  "respuesta": {
    "success": false,
    "message": "Error interno del servidor"
  }
}
[2026-02-14 14:18:09] [ERROR] Error del servidor {
  "service": "my-gasolinera-api",
  "metodo": "GET",
  "url": "/api/gasolineras?id_provincia=44",
  "status": 500,
  "duracion_ms": 2,
  "usuario_id": "anónimo",
  "ip": "127.0.0.1",
  "respuesta": "{\"success\":false,\"message\":\"Error interno del servidor\"}"
}
[2026-02-14 14:18:09] [INFO] Petición entrante {
  "service": "my-gasolinera-api",
  "metodo": "GET",
  "url": "/api/gasolineras?id_provincia=16",
  "ip": "127.0.0.1",
  "userAgent": "Mozilla/5.0 (Windows NT 10.0; Win64; x64) AppleWebKit/537.36 (KHTML, like Gecko) Chrome/144.0.0.0 Safari/537.36",
  "body": {}
}
[2026-02-14 14:18:09] [ERROR] Error obteniendo gasolineras: {
  "service": "my-gasolinera-api",
  "error": "Unknown column 'id_provincia' in 'SELECT'",
  "stack": "Error: Unknown column 'id_provincia' in 'SELECT'\n    at PromisePool.execute (C:\\Users\\Oscar\\OneDrive\\Documentos\\MyGasolineraBBDD\\MyGasolineraBackEnd\\node_modules\\mysql2\\lib\\promise\\pool.js:54:22)\n    at exports.getGasolineras (C:\\Users\\Oscar\\OneDrive\\Documentos\\MyGasolineraBBDD\\MyGasolineraBackEnd\\controllers\\gasolinerasController.js:64:35)\n    at Layer.handle [as handle_request] (C:\\Users\\Oscar\\OneDrive\\Documentos\\MyGasolineraBBDD\\MyGasolineraBackEnd\\node_modules\\express\\lib\\router\\layer.js:95:5)\n    at next (C:\\Users\\Oscar\\OneDrive\\Documentos\\MyGasolineraBBDD\\MyGasolineraBackEnd\\node_modules\\express\\lib\\router\\route.js:149:13)\n    at Route.dispatch (C:\\Users\\Oscar\\OneDrive\\Documentos\\MyGasolineraBBDD\\MyGasolineraBackEnd\\node_modules\\express\\lib\\router\\route.js:119:3)\n    at Layer.handle [as handle_request] (C:\\Users\\Oscar\\OneDrive\\Documentos\\MyGasolineraBBDD\\MyGasolineraBackEnd\\node_modules\\express\\lib\\router\\layer.js:95:5)\n    at C:\\Users\\Oscar\\OneDrive\\Documentos\\MyGasolineraBBDD\\MyGasolineraBackEnd\\node_modules\\express\\lib\\router\\index.js:284:15\n    at router.process_params (C:\\Users\\Oscar\\OneDrive\\Documentos\\MyGasolineraBBDD\\MyGasolineraBackEnd\\node_modules\\express\\lib\\router\\index.js:346:12)\n    at next (C:\\Users\\Oscar\\OneDrive\\Documentos\\MyGasolineraBBDD\\MyGasolineraBackEnd\\node_modules\\express\\lib\\router\\index.js:280:10)\n    at router.handle (C:\\Users\\Oscar\\OneDrive\\Documentos\\MyGasolineraBBDD\\MyGasolineraBackEnd\\node_modules\\express\\lib\\router\\index.js:175:3)"
}
[2026-02-14 14:18:09] [ERROR] Error del servidor {
  "service": "my-gasolinera-api",
  "metodo": "GET",
  "url": "/api/gasolineras?id_provincia=16",
  "status": 500,
  "duracion_ms": 1,
  "usuario_id": "anónimo",
  "ip": "127.0.0.1",
  "respuesta": {
    "success": false,
    "message": "Error interno del servidor"
  }
}
[2026-02-14 14:18:09] [ERROR] Error del servidor {
  "service": "my-gasolinera-api",
  "metodo": "GET",
  "url": "/api/gasolineras?id_provincia=16",
  "status": 500,
  "duracion_ms": 2,
  "usuario_id": "anónimo",
  "ip": "127.0.0.1",
  "respuesta": "{\"success\":false,\"message\":\"Error interno del servidor\"}"
}
[2026-02-14 14:18:09] [INFO] Petición entrante {
  "service": "my-gasolinera-api",
  "metodo": "GET",
  "url": "/api/gasolineras?id_provincia=03",
  "ip": "127.0.0.1",
  "userAgent": "Mozilla/5.0 (Windows NT 10.0; Win64; x64) AppleWebKit/537.36 (KHTML, like Gecko) Chrome/144.0.0.0 Safari/537.36",
  "body": {}
}
[2026-02-14 14:18:09] [ERROR] Error obteniendo gasolineras: {
  "service": "my-gasolinera-api",
  "error": "Unknown column 'id_provincia' in 'SELECT'",
  "stack": "Error: Unknown column 'id_provincia' in 'SELECT'\n    at PromisePool.execute (C:\\Users\\Oscar\\OneDrive\\Documentos\\MyGasolineraBBDD\\MyGasolineraBackEnd\\node_modules\\mysql2\\lib\\promise\\pool.js:54:22)\n    at exports.getGasolineras (C:\\Users\\Oscar\\OneDrive\\Documentos\\MyGasolineraBBDD\\MyGasolineraBackEnd\\controllers\\gasolinerasController.js:64:35)\n    at Layer.handle [as handle_request] (C:\\Users\\Oscar\\OneDrive\\Documentos\\MyGasolineraBBDD\\MyGasolineraBackEnd\\node_modules\\express\\lib\\router\\layer.js:95:5)\n    at next (C:\\Users\\Oscar\\OneDrive\\Documentos\\MyGasolineraBBDD\\MyGasolineraBackEnd\\node_modules\\express\\lib\\router\\route.js:149:13)\n    at Route.dispatch (C:\\Users\\Oscar\\OneDrive\\Documentos\\MyGasolineraBBDD\\MyGasolineraBackEnd\\node_modules\\express\\lib\\router\\route.js:119:3)\n    at Layer.handle [as handle_request] (C:\\Users\\Oscar\\OneDrive\\Documentos\\MyGasolineraBBDD\\MyGasolineraBackEnd\\node_modules\\express\\lib\\router\\layer.js:95:5)\n    at C:\\Users\\Oscar\\OneDrive\\Documentos\\MyGasolineraBBDD\\MyGasolineraBackEnd\\node_modules\\express\\lib\\router\\index.js:284:15\n    at router.process_params (C:\\Users\\Oscar\\OneDrive\\Documentos\\MyGasolineraBBDD\\MyGasolineraBackEnd\\node_modules\\express\\lib\\router\\index.js:346:12)\n    at next (C:\\Users\\Oscar\\OneDrive\\Documentos\\MyGasolineraBBDD\\MyGasolineraBackEnd\\node_modules\\express\\lib\\router\\index.js:280:10)\n    at router.handle (C:\\Users\\Oscar\\OneDrive\\Documentos\\MyGasolineraBBDD\\MyGasolineraBackEnd\\node_modules\\express\\lib\\router\\index.js:175:3)"
}
[2026-02-14 14:18:09] [ERROR] Error del servidor {
  "service": "my-gasolinera-api",
  "metodo": "GET",
  "url": "/api/gasolineras?id_provincia=03",
  "status": 500,
  "duracion_ms": 2,
  "usuario_id": "anónimo",
  "ip": "127.0.0.1",
  "respuesta": {
    "success": false,
    "message": "Error interno del servidor"
  }
}
[2026-02-14 14:18:09] [ERROR] Error del servidor {
  "service": "my-gasolinera-api",
  "metodo": "GET",
  "url": "/api/gasolineras?id_provincia=03",
  "status": 500,
  "duracion_ms": 2,
  "usuario_id": "anónimo",
  "ip": "127.0.0.1",
  "respuesta": "{\"success\":false,\"message\":\"Error interno del servidor\"}"
}
[2026-02-14 14:18:11] [INFO] Petición entrante {
  "service": "my-gasolinera-api",
  "metodo": "GET",
  "url": "/usuarios/perfil/juan@juan.com",
  "ip": "127.0.0.1",
  "userAgent": "Mozilla/5.0 (Windows NT 10.0; Win64; x64) AppleWebKit/537.36 (KHTML, like Gecko) Chrome/144.0.0.0 Safari/537.36",
  "body": {}
}
[2026-02-14 14:18:11] [INFO] Perfil de usuario obtenido exitosamente {
  "service": "my-gasolinera-api",
  "email": "juan@juan.com",
  "nombre": "juan"
}
[2026-02-14 14:18:11] [INFO] Respuesta exitosa {
  "service": "my-gasolinera-api",
  "metodo": "GET",
  "url": "/usuarios/perfil/juan@juan.com",
  "status": 200,
  "duracion_ms": 2,
  "usuario_id": "anónimo",
  "ip": "127.0.0.1"
}
[2026-02-14 14:18:11] [INFO] Respuesta exitosa {
  "service": "my-gasolinera-api",
  "metodo": "GET",
  "url": "/usuarios/perfil/juan@juan.com",
  "status": 200,
  "duracion_ms": 2,
  "usuario_id": "anónimo",
  "ip": "127.0.0.1"
}
[2026-02-14 14:18:11] [INFO] Petición entrante {
  "service": "my-gasolinera-api",
  "metodo": "GET",
  "url": "/cargarImagen/juan@juan.com",
  "ip": "127.0.0.1",
  "userAgent": "Mozilla/5.0 (Windows NT 10.0; Win64; x64) AppleWebKit/537.36 (KHTML, like Gecko) Chrome/144.0.0.0 Safari/537.36",
  "body": {}
}
[2026-02-14 14:18:11] [INFO] Foto de perfil obtenida {
  "service": "my-gasolinera-api",
  "email": "juan@juan.com",
  "tiene_foto": false
}
[2026-02-14 14:18:11] [INFO] Respuesta exitosa {
  "service": "my-gasolinera-api",
  "metodo": "GET",
  "url": "/cargarImagen/juan@juan.com",
  "status": 200,
  "duracion_ms": 2,
  "usuario_id": "anónimo",
  "ip": "127.0.0.1"
}
[2026-02-14 14:18:11] [INFO] Respuesta exitosa {
  "service": "my-gasolinera-api",
  "metodo": "GET",
  "url": "/cargarImagen/juan@juan.com",
  "status": 200,
  "duracion_ms": 2,
  "usuario_id": "anónimo",
  "ip": "127.0.0.1"
}
[2026-02-14 14:18:32] [INFO] Petición entrante {
  "service": "my-gasolinera-api",
  "metodo": "POST",
  "url": "/register",
  "ip": "127.0.0.1",
  "userAgent": "Mozilla/5.0 (Windows NT 10.0; Win64; x64) AppleWebKit/537.36 (KHTML, like Gecko) Chrome/144.0.0.0 Safari/537.36",
  "body": {
    "email": "test@test.com",
    "password": "***REDACTED***",
    "nombre": "test"
  }
}
[2026-02-14 14:18:32] [WARN] Intento de registro con email duplicado {
  "service": "my-gasolinera-api",
  "email": "test@test.com"
}
[2026-02-14 14:18:32] [WARN] Error del cliente {
  "service": "my-gasolinera-api",
  "metodo": "POST",
  "url": "/register",
  "status": 409,
  "duracion_ms": 1,
  "usuario_id": "anónimo",
  "ip": "127.0.0.1"
}
[2026-02-14 14:18:32] [WARN] Error del cliente {
  "service": "my-gasolinera-api",
  "metodo": "POST",
  "url": "/register",
  "status": 409,
  "duracion_ms": 2,
  "usuario_id": "anónimo",
  "ip": "127.0.0.1"
}
[2026-02-14 14:19:46] [INFO] Servidor iniciado correctamente {
  "service": "my-gasolinera-api",
  "puerto": "3000",
  "entorno": "development"
}
[2026-02-14 14:19:46] [INFO] ================================= {
  "service": "my-gasolinera-api"
}
[2026-02-14 14:19:46] [INFO] ✅ SERVIDOR INICIADO CORRECTAMENTE {
  "service": "my-gasolinera-api"
}
[2026-02-14 14:19:46] [INFO] 📍 Puerto: 3000 {
  "service": "my-gasolinera-api"
}
[2026-02-14 14:19:46] [INFO] 🌐 Local: http://localhost:3000 {
  "service": "my-gasolinera-api"
}
[2026-02-14 14:19:46] [INFO] ================================= {
  "service": "my-gasolinera-api"
}
[2026-02-14 14:20:57] [INFO] Petición entrante {
  "service": "my-gasolinera-api",
  "metodo": "POST",
  "url": "/login",
  "ip": "127.0.0.1",
  "userAgent": "Mozilla/5.0 (Windows NT 10.0; Win64; x64) AppleWebKit/537.36 (KHTML, like Gecko) Chrome/144.0.0.0 Safari/537.36",
  "body": {
    "email": "juan@juan.com",
    "password": "***REDACTED***"
  }
}
[2026-02-14 14:20:57] [INFO] Login exitoso {
  "service": "my-gasolinera-api",
  "email": "juan@juan.com",
  "id_usuario": 6,
  "nombre": "juan"
}
[2026-02-14 14:20:57] [INFO] Respuesta exitosa {
  "service": "my-gasolinera-api",
  "metodo": "POST",
  "url": "/login",
  "status": 200,
  "duracion_ms": 106,
  "usuario_id": "anónimo",
  "ip": "127.0.0.1"
}
[2026-02-14 14:20:57] [INFO] Respuesta exitosa {
  "service": "my-gasolinera-api",
  "metodo": "POST",
  "url": "/login",
  "status": 200,
  "duracion_ms": 107,
  "usuario_id": "anónimo",
  "ip": "127.0.0.1"
}
[2026-02-14 14:21:02] [INFO] Petición entrante {
  "service": "my-gasolinera-api",
  "metodo": "GET",
  "url": "/api/gasolineras?id_provincia=46",
  "ip": "127.0.0.1",
  "userAgent": "Mozilla/5.0 (Windows NT 10.0; Win64; x64) AppleWebKit/537.36 (KHTML, like Gecko) Chrome/144.0.0.0 Safari/537.36",
  "body": {}
}
[2026-02-14 14:21:02] [ERROR] Error obteniendo gasolineras: {
  "service": "my-gasolinera-api",
  "error": "Unknown column 'id_provincia' in 'SELECT'",
  "stack": "Error: Unknown column 'id_provincia' in 'SELECT'\n    at PromisePool.execute (C:\\Users\\Oscar\\OneDrive\\Documentos\\MyGasolineraBBDD\\MyGasolineraBackEnd\\node_modules\\mysql2\\lib\\promise\\pool.js:54:22)\n    at exports.getGasolineras (C:\\Users\\Oscar\\OneDrive\\Documentos\\MyGasolineraBBDD\\MyGasolineraBackEnd\\controllers\\gasolinerasController.js:64:35)\n    at Layer.handle [as handle_request] (C:\\Users\\Oscar\\OneDrive\\Documentos\\MyGasolineraBBDD\\MyGasolineraBackEnd\\node_modules\\express\\lib\\router\\layer.js:95:5)\n    at next (C:\\Users\\Oscar\\OneDrive\\Documentos\\MyGasolineraBBDD\\MyGasolineraBackEnd\\node_modules\\express\\lib\\router\\route.js:149:13)\n    at Route.dispatch (C:\\Users\\Oscar\\OneDrive\\Documentos\\MyGasolineraBBDD\\MyGasolineraBackEnd\\node_modules\\express\\lib\\router\\route.js:119:3)\n    at Layer.handle [as handle_request] (C:\\Users\\Oscar\\OneDrive\\Documentos\\MyGasolineraBBDD\\MyGasolineraBackEnd\\node_modules\\express\\lib\\router\\layer.js:95:5)\n    at C:\\Users\\Oscar\\OneDrive\\Documentos\\MyGasolineraBBDD\\MyGasolineraBackEnd\\node_modules\\express\\lib\\router\\index.js:284:15\n    at Function.process_params (C:\\Users\\Oscar\\OneDrive\\Documentos\\MyGasolineraBBDD\\MyGasolineraBackEnd\\node_modules\\express\\lib\\router\\index.js:346:12)\n    at next (C:\\Users\\Oscar\\OneDrive\\Documentos\\MyGasolineraBBDD\\MyGasolineraBackEnd\\node_modules\\express\\lib\\router\\index.js:280:10)\n    at Function.handle (C:\\Users\\Oscar\\OneDrive\\Documentos\\MyGasolineraBBDD\\MyGasolineraBackEnd\\node_modules\\express\\lib\\router\\index.js:175:3)"
}
[2026-02-14 14:21:02] [ERROR] Error del servidor {
  "service": "my-gasolinera-api",
  "metodo": "GET",
  "url": "/api/gasolineras?id_provincia=46",
  "status": 500,
  "duracion_ms": 4,
  "usuario_id": "anónimo",
  "ip": "127.0.0.1",
  "respuesta": {
    "success": false,
    "message": "Error interno del servidor"
  }
}
[2026-02-14 14:21:02] [ERROR] Error del servidor {
  "service": "my-gasolinera-api",
  "metodo": "GET",
  "url": "/api/gasolineras?id_provincia=46",
  "status": 500,
  "duracion_ms": 4,
  "usuario_id": "anónimo",
  "ip": "127.0.0.1",
  "respuesta": "{\"success\":false,\"message\":\"Error interno del servidor\"}"
}
[2026-02-14 14:21:02] [INFO] Petición entrante {
  "service": "my-gasolinera-api",
  "metodo": "GET",
  "url": "/api/gasolineras?id_provincia=12",
  "ip": "127.0.0.1",
  "userAgent": "Mozilla/5.0 (Windows NT 10.0; Win64; x64) AppleWebKit/537.36 (KHTML, like Gecko) Chrome/144.0.0.0 Safari/537.36",
  "body": {}
}
[2026-02-14 14:21:02] [ERROR] Error obteniendo gasolineras: {
  "service": "my-gasolinera-api",
  "error": "Unknown column 'id_provincia' in 'SELECT'",
  "stack": "Error: Unknown column 'id_provincia' in 'SELECT'\n    at PromisePool.execute (C:\\Users\\Oscar\\OneDrive\\Documentos\\MyGasolineraBBDD\\MyGasolineraBackEnd\\node_modules\\mysql2\\lib\\promise\\pool.js:54:22)\n    at exports.getGasolineras (C:\\Users\\Oscar\\OneDrive\\Documentos\\MyGasolineraBBDD\\MyGasolineraBackEnd\\controllers\\gasolinerasController.js:64:35)\n    at Layer.handle [as handle_request] (C:\\Users\\Oscar\\OneDrive\\Documentos\\MyGasolineraBBDD\\MyGasolineraBackEnd\\node_modules\\express\\lib\\router\\layer.js:95:5)\n    at next (C:\\Users\\Oscar\\OneDrive\\Documentos\\MyGasolineraBBDD\\MyGasolineraBackEnd\\node_modules\\express\\lib\\router\\route.js:149:13)\n    at Route.dispatch (C:\\Users\\Oscar\\OneDrive\\Documentos\\MyGasolineraBBDD\\MyGasolineraBackEnd\\node_modules\\express\\lib\\router\\route.js:119:3)\n    at Layer.handle [as handle_request] (C:\\Users\\Oscar\\OneDrive\\Documentos\\MyGasolineraBBDD\\MyGasolineraBackEnd\\node_modules\\express\\lib\\router\\layer.js:95:5)\n    at C:\\Users\\Oscar\\OneDrive\\Documentos\\MyGasolineraBBDD\\MyGasolineraBackEnd\\node_modules\\express\\lib\\router\\index.js:284:15\n    at Function.process_params (C:\\Users\\Oscar\\OneDrive\\Documentos\\MyGasolineraBBDD\\MyGasolineraBackEnd\\node_modules\\express\\lib\\router\\index.js:346:12)\n    at next (C:\\Users\\Oscar\\OneDrive\\Documentos\\MyGasolineraBBDD\\MyGasolineraBackEnd\\node_modules\\express\\lib\\router\\index.js:280:10)\n    at Function.handle (C:\\Users\\Oscar\\OneDrive\\Documentos\\MyGasolineraBBDD\\MyGasolineraBackEnd\\node_modules\\express\\lib\\router\\index.js:175:3)"
}
[2026-02-14 14:21:02] [ERROR] Error del servidor {
  "service": "my-gasolinera-api",
  "metodo": "GET",
  "url": "/api/gasolineras?id_provincia=12",
  "status": 500,
  "duracion_ms": 4,
  "usuario_id": "anónimo",
  "ip": "127.0.0.1",
  "respuesta": {
    "success": false,
    "message": "Error interno del servidor"
  }
}
[2026-02-14 14:21:02] [ERROR] Error del servidor {
  "service": "my-gasolinera-api",
  "metodo": "GET",
  "url": "/api/gasolineras?id_provincia=12",
  "status": 500,
  "duracion_ms": 4,
  "usuario_id": "anónimo",
  "ip": "127.0.0.1",
  "respuesta": "{\"success\":false,\"message\":\"Error interno del servidor\"}"
}
[2026-02-14 14:21:02] [INFO] Petición entrante {
  "service": "my-gasolinera-api",
  "metodo": "GET",
  "url": "/api/gasolineras?id_provincia=44",
  "ip": "127.0.0.1",
  "userAgent": "Mozilla/5.0 (Windows NT 10.0; Win64; x64) AppleWebKit/537.36 (KHTML, like Gecko) Chrome/144.0.0.0 Safari/537.36",
  "body": {}
}
[2026-02-14 14:21:02] [ERROR] Error obteniendo gasolineras: {
  "service": "my-gasolinera-api",
  "error": "Unknown column 'id_provincia' in 'SELECT'",
  "stack": "Error: Unknown column 'id_provincia' in 'SELECT'\n    at PromisePool.execute (C:\\Users\\Oscar\\OneDrive\\Documentos\\MyGasolineraBBDD\\MyGasolineraBackEnd\\node_modules\\mysql2\\lib\\promise\\pool.js:54:22)\n    at exports.getGasolineras (C:\\Users\\Oscar\\OneDrive\\Documentos\\MyGasolineraBBDD\\MyGasolineraBackEnd\\controllers\\gasolinerasController.js:64:35)\n    at Layer.handle [as handle_request] (C:\\Users\\Oscar\\OneDrive\\Documentos\\MyGasolineraBBDD\\MyGasolineraBackEnd\\node_modules\\express\\lib\\router\\layer.js:95:5)\n    at next (C:\\Users\\Oscar\\OneDrive\\Documentos\\MyGasolineraBBDD\\MyGasolineraBackEnd\\node_modules\\express\\lib\\router\\route.js:149:13)\n    at Route.dispatch (C:\\Users\\Oscar\\OneDrive\\Documentos\\MyGasolineraBBDD\\MyGasolineraBackEnd\\node_modules\\express\\lib\\router\\route.js:119:3)\n    at Layer.handle [as handle_request] (C:\\Users\\Oscar\\OneDrive\\Documentos\\MyGasolineraBBDD\\MyGasolineraBackEnd\\node_modules\\express\\lib\\router\\layer.js:95:5)\n    at C:\\Users\\Oscar\\OneDrive\\Documentos\\MyGasolineraBBDD\\MyGasolineraBackEnd\\node_modules\\express\\lib\\router\\index.js:284:15\n    at Function.process_params (C:\\Users\\Oscar\\OneDrive\\Documentos\\MyGasolineraBBDD\\MyGasolineraBackEnd\\node_modules\\express\\lib\\router\\index.js:346:12)\n    at next (C:\\Users\\Oscar\\OneDrive\\Documentos\\MyGasolineraBBDD\\MyGasolineraBackEnd\\node_modules\\express\\lib\\router\\index.js:280:10)\n    at Function.handle (C:\\Users\\Oscar\\OneDrive\\Documentos\\MyGasolineraBBDD\\MyGasolineraBackEnd\\node_modules\\express\\lib\\router\\index.js:175:3)"
}
[2026-02-14 14:21:02] [ERROR] Error del servidor {
  "service": "my-gasolinera-api",
  "metodo": "GET",
  "url": "/api/gasolineras?id_provincia=44",
  "status": 500,
  "duracion_ms": 1,
  "usuario_id": "anónimo",
  "ip": "127.0.0.1",
  "respuesta": {
    "success": false,
    "message": "Error interno del servidor"
  }
}
[2026-02-14 14:21:02] [ERROR] Error del servidor {
  "service": "my-gasolinera-api",
  "metodo": "GET",
  "url": "/api/gasolineras?id_provincia=44",
  "status": 500,
  "duracion_ms": 1,
  "usuario_id": "anónimo",
  "ip": "127.0.0.1",
  "respuesta": "{\"success\":false,\"message\":\"Error interno del servidor\"}"
}
[2026-02-14 14:21:02] [INFO] Petición entrante {
  "service": "my-gasolinera-api",
  "metodo": "GET",
  "url": "/api/gasolineras?id_provincia=16",
  "ip": "127.0.0.1",
  "userAgent": "Mozilla/5.0 (Windows NT 10.0; Win64; x64) AppleWebKit/537.36 (KHTML, like Gecko) Chrome/144.0.0.0 Safari/537.36",
  "body": {}
}
[2026-02-14 14:21:02] [ERROR] Error obteniendo gasolineras: {
  "service": "my-gasolinera-api",
  "error": "Unknown column 'id_provincia' in 'SELECT'",
  "stack": "Error: Unknown column 'id_provincia' in 'SELECT'\n    at PromisePool.execute (C:\\Users\\Oscar\\OneDrive\\Documentos\\MyGasolineraBBDD\\MyGasolineraBackEnd\\node_modules\\mysql2\\lib\\promise\\pool.js:54:22)\n    at exports.getGasolineras (C:\\Users\\Oscar\\OneDrive\\Documentos\\MyGasolineraBBDD\\MyGasolineraBackEnd\\controllers\\gasolinerasController.js:64:35)\n    at Layer.handle [as handle_request] (C:\\Users\\Oscar\\OneDrive\\Documentos\\MyGasolineraBBDD\\MyGasolineraBackEnd\\node_modules\\express\\lib\\router\\layer.js:95:5)\n    at next (C:\\Users\\Oscar\\OneDrive\\Documentos\\MyGasolineraBBDD\\MyGasolineraBackEnd\\node_modules\\express\\lib\\router\\route.js:149:13)\n    at Route.dispatch (C:\\Users\\Oscar\\OneDrive\\Documentos\\MyGasolineraBBDD\\MyGasolineraBackEnd\\node_modules\\express\\lib\\router\\route.js:119:3)\n    at Layer.handle [as handle_request] (C:\\Users\\Oscar\\OneDrive\\Documentos\\MyGasolineraBBDD\\MyGasolineraBackEnd\\node_modules\\express\\lib\\router\\layer.js:95:5)\n    at C:\\Users\\Oscar\\OneDrive\\Documentos\\MyGasolineraBBDD\\MyGasolineraBackEnd\\node_modules\\express\\lib\\router\\index.js:284:15\n    at Function.process_params (C:\\Users\\Oscar\\OneDrive\\Documentos\\MyGasolineraBBDD\\MyGasolineraBackEnd\\node_modules\\express\\lib\\router\\index.js:346:12)\n    at next (C:\\Users\\Oscar\\OneDrive\\Documentos\\MyGasolineraBBDD\\MyGasolineraBackEnd\\node_modules\\express\\lib\\router\\index.js:280:10)\n    at Function.handle (C:\\Users\\Oscar\\OneDrive\\Documentos\\MyGasolineraBBDD\\MyGasolineraBackEnd\\node_modules\\express\\lib\\router\\index.js:175:3)"
}
[2026-02-14 14:21:02] [ERROR] Error del servidor {
  "service": "my-gasolinera-api",
  "metodo": "GET",
  "url": "/api/gasolineras?id_provincia=16",
  "status": 500,
  "duracion_ms": 2,
  "usuario_id": "anónimo",
  "ip": "127.0.0.1",
  "respuesta": {
    "success": false,
    "message": "Error interno del servidor"
  }
}
[2026-02-14 14:21:02] [ERROR] Error del servidor {
  "service": "my-gasolinera-api",
  "metodo": "GET",
  "url": "/api/gasolineras?id_provincia=16",
  "status": 500,
  "duracion_ms": 2,
  "usuario_id": "anónimo",
  "ip": "127.0.0.1",
  "respuesta": "{\"success\":false,\"message\":\"Error interno del servidor\"}"
}
[2026-02-14 14:21:02] [INFO] Petición entrante {
  "service": "my-gasolinera-api",
  "metodo": "GET",
  "url": "/api/gasolineras?id_provincia=03",
  "ip": "127.0.0.1",
  "userAgent": "Mozilla/5.0 (Windows NT 10.0; Win64; x64) AppleWebKit/537.36 (KHTML, like Gecko) Chrome/144.0.0.0 Safari/537.36",
  "body": {}
}
[2026-02-14 14:21:02] [ERROR] Error obteniendo gasolineras: {
  "service": "my-gasolinera-api",
  "error": "Unknown column 'id_provincia' in 'SELECT'",
  "stack": "Error: Unknown column 'id_provincia' in 'SELECT'\n    at PromisePool.execute (C:\\Users\\Oscar\\OneDrive\\Documentos\\MyGasolineraBBDD\\MyGasolineraBackEnd\\node_modules\\mysql2\\lib\\promise\\pool.js:54:22)\n    at exports.getGasolineras (C:\\Users\\Oscar\\OneDrive\\Documentos\\MyGasolineraBBDD\\MyGasolineraBackEnd\\controllers\\gasolinerasController.js:64:35)\n    at Layer.handle [as handle_request] (C:\\Users\\Oscar\\OneDrive\\Documentos\\MyGasolineraBBDD\\MyGasolineraBackEnd\\node_modules\\express\\lib\\router\\layer.js:95:5)\n    at next (C:\\Users\\Oscar\\OneDrive\\Documentos\\MyGasolineraBBDD\\MyGasolineraBackEnd\\node_modules\\express\\lib\\router\\route.js:149:13)\n    at Route.dispatch (C:\\Users\\Oscar\\OneDrive\\Documentos\\MyGasolineraBBDD\\MyGasolineraBackEnd\\node_modules\\express\\lib\\router\\route.js:119:3)\n    at Layer.handle [as handle_request] (C:\\Users\\Oscar\\OneDrive\\Documentos\\MyGasolineraBBDD\\MyGasolineraBackEnd\\node_modules\\express\\lib\\router\\layer.js:95:5)\n    at C:\\Users\\Oscar\\OneDrive\\Documentos\\MyGasolineraBBDD\\MyGasolineraBackEnd\\node_modules\\express\\lib\\router\\index.js:284:15\n    at Function.process_params (C:\\Users\\Oscar\\OneDrive\\Documentos\\MyGasolineraBBDD\\MyGasolineraBackEnd\\node_modules\\express\\lib\\router\\index.js:346:12)\n    at next (C:\\Users\\Oscar\\OneDrive\\Documentos\\MyGasolineraBBDD\\MyGasolineraBackEnd\\node_modules\\express\\lib\\router\\index.js:280:10)\n    at Function.handle (C:\\Users\\Oscar\\OneDrive\\Documentos\\MyGasolineraBBDD\\MyGasolineraBackEnd\\node_modules\\express\\lib\\router\\index.js:175:3)"
}
[2026-02-14 14:21:02] [ERROR] Error del servidor {
  "service": "my-gasolinera-api",
  "metodo": "GET",
  "url": "/api/gasolineras?id_provincia=03",
  "status": 500,
  "duracion_ms": 1,
  "usuario_id": "anónimo",
  "ip": "127.0.0.1",
  "respuesta": {
    "success": false,
    "message": "Error interno del servidor"
  }
}
[2026-02-14 14:21:02] [ERROR] Error del servidor {
  "service": "my-gasolinera-api",
  "metodo": "GET",
  "url": "/api/gasolineras?id_provincia=03",
  "status": 500,
  "duracion_ms": 1,
  "usuario_id": "anónimo",
  "ip": "127.0.0.1",
  "respuesta": "{\"success\":false,\"message\":\"Error interno del servidor\"}"
}
[2026-02-14 14:21:03] [INFO] Petición entrante {
  "service": "my-gasolinera-api",
  "metodo": "GET",
  "url": "/api/gasolineras?id_provincia=46",
  "ip": "127.0.0.1",
  "userAgent": "Mozilla/5.0 (Windows NT 10.0; Win64; x64) AppleWebKit/537.36 (KHTML, like Gecko) Chrome/144.0.0.0 Safari/537.36",
  "body": {}
}
[2026-02-14 14:21:03] [ERROR] Error obteniendo gasolineras: {
  "service": "my-gasolinera-api",
  "error": "Unknown column 'id_provincia' in 'SELECT'",
  "stack": "Error: Unknown column 'id_provincia' in 'SELECT'\n    at PromisePool.execute (C:\\Users\\Oscar\\OneDrive\\Documentos\\MyGasolineraBBDD\\MyGasolineraBackEnd\\node_modules\\mysql2\\lib\\promise\\pool.js:54:22)\n    at exports.getGasolineras (C:\\Users\\Oscar\\OneDrive\\Documentos\\MyGasolineraBBDD\\MyGasolineraBackEnd\\controllers\\gasolinerasController.js:64:35)\n    at Layer.handle [as handle_request] (C:\\Users\\Oscar\\OneDrive\\Documentos\\MyGasolineraBBDD\\MyGasolineraBackEnd\\node_modules\\express\\lib\\router\\layer.js:95:5)\n    at next (C:\\Users\\Oscar\\OneDrive\\Documentos\\MyGasolineraBBDD\\MyGasolineraBackEnd\\node_modules\\express\\lib\\router\\route.js:149:13)\n    at Route.dispatch (C:\\Users\\Oscar\\OneDrive\\Documentos\\MyGasolineraBBDD\\MyGasolineraBackEnd\\node_modules\\express\\lib\\router\\route.js:119:3)\n    at Layer.handle [as handle_request] (C:\\Users\\Oscar\\OneDrive\\Documentos\\MyGasolineraBBDD\\MyGasolineraBackEnd\\node_modules\\express\\lib\\router\\layer.js:95:5)\n    at C:\\Users\\Oscar\\OneDrive\\Documentos\\MyGasolineraBBDD\\MyGasolineraBackEnd\\node_modules\\express\\lib\\router\\index.js:284:15\n    at Function.process_params (C:\\Users\\Oscar\\OneDrive\\Documentos\\MyGasolineraBBDD\\MyGasolineraBackEnd\\node_modules\\express\\lib\\router\\index.js:346:12)\n    at next (C:\\Users\\Oscar\\OneDrive\\Documentos\\MyGasolineraBBDD\\MyGasolineraBackEnd\\node_modules\\express\\lib\\router\\index.js:280:10)\n    at Function.handle (C:\\Users\\Oscar\\OneDrive\\Documentos\\MyGasolineraBBDD\\MyGasolineraBackEnd\\node_modules\\express\\lib\\router\\index.js:175:3)"
}
[2026-02-14 14:21:03] [ERROR] Error del servidor {
  "service": "my-gasolinera-api",
  "metodo": "GET",
  "url": "/api/gasolineras?id_provincia=46",
  "status": 500,
  "duracion_ms": 2,
  "usuario_id": "anónimo",
  "ip": "127.0.0.1",
  "respuesta": {
    "success": false,
    "message": "Error interno del servidor"
  }
}
[2026-02-14 14:21:03] [ERROR] Error del servidor {
  "service": "my-gasolinera-api",
  "metodo": "GET",
  "url": "/api/gasolineras?id_provincia=46",
  "status": 500,
  "duracion_ms": 2,
  "usuario_id": "anónimo",
  "ip": "127.0.0.1",
  "respuesta": "{\"success\":false,\"message\":\"Error interno del servidor\"}"
}
[2026-02-14 14:21:03] [INFO] Petición entrante {
  "service": "my-gasolinera-api",
  "metodo": "GET",
  "url": "/api/gasolineras?id_provincia=12",
  "ip": "127.0.0.1",
  "userAgent": "Mozilla/5.0 (Windows NT 10.0; Win64; x64) AppleWebKit/537.36 (KHTML, like Gecko) Chrome/144.0.0.0 Safari/537.36",
  "body": {}
}
[2026-02-14 14:21:03] [ERROR] Error obteniendo gasolineras: {
  "service": "my-gasolinera-api",
  "error": "Unknown column 'id_provincia' in 'SELECT'",
  "stack": "Error: Unknown column 'id_provincia' in 'SELECT'\n    at PromisePool.execute (C:\\Users\\Oscar\\OneDrive\\Documentos\\MyGasolineraBBDD\\MyGasolineraBackEnd\\node_modules\\mysql2\\lib\\promise\\pool.js:54:22)\n    at exports.getGasolineras (C:\\Users\\Oscar\\OneDrive\\Documentos\\MyGasolineraBBDD\\MyGasolineraBackEnd\\controllers\\gasolinerasController.js:64:35)\n    at Layer.handle [as handle_request] (C:\\Users\\Oscar\\OneDrive\\Documentos\\MyGasolineraBBDD\\MyGasolineraBackEnd\\node_modules\\express\\lib\\router\\layer.js:95:5)\n    at next (C:\\Users\\Oscar\\OneDrive\\Documentos\\MyGasolineraBBDD\\MyGasolineraBackEnd\\node_modules\\express\\lib\\router\\route.js:149:13)\n    at Route.dispatch (C:\\Users\\Oscar\\OneDrive\\Documentos\\MyGasolineraBBDD\\MyGasolineraBackEnd\\node_modules\\express\\lib\\router\\route.js:119:3)\n    at Layer.handle [as handle_request] (C:\\Users\\Oscar\\OneDrive\\Documentos\\MyGasolineraBBDD\\MyGasolineraBackEnd\\node_modules\\express\\lib\\router\\layer.js:95:5)\n    at C:\\Users\\Oscar\\OneDrive\\Documentos\\MyGasolineraBBDD\\MyGasolineraBackEnd\\node_modules\\express\\lib\\router\\index.js:284:15\n    at Function.process_params (C:\\Users\\Oscar\\OneDrive\\Documentos\\MyGasolineraBBDD\\MyGasolineraBackEnd\\node_modules\\express\\lib\\router\\index.js:346:12)\n    at next (C:\\Users\\Oscar\\OneDrive\\Documentos\\MyGasolineraBBDD\\MyGasolineraBackEnd\\node_modules\\express\\lib\\router\\index.js:280:10)\n    at Function.handle (C:\\Users\\Oscar\\OneDrive\\Documentos\\MyGasolineraBBDD\\MyGasolineraBackEnd\\node_modules\\express\\lib\\router\\index.js:175:3)"
}
[2026-02-14 14:21:03] [ERROR] Error del servidor {
  "service": "my-gasolinera-api",
  "metodo": "GET",
  "url": "/api/gasolineras?id_provincia=12",
  "status": 500,
  "duracion_ms": 1,
  "usuario_id": "anónimo",
  "ip": "127.0.0.1",
  "respuesta": {
    "success": false,
    "message": "Error interno del servidor"
  }
}
[2026-02-14 14:21:03] [ERROR] Error del servidor {
  "service": "my-gasolinera-api",
  "metodo": "GET",
  "url": "/api/gasolineras?id_provincia=12",
  "status": 500,
  "duracion_ms": 2,
  "usuario_id": "anónimo",
  "ip": "127.0.0.1",
  "respuesta": "{\"success\":false,\"message\":\"Error interno del servidor\"}"
}
[2026-02-14 14:21:03] [INFO] Petición entrante {
  "service": "my-gasolinera-api",
  "metodo": "GET",
  "url": "/api/gasolineras?id_provincia=44",
  "ip": "127.0.0.1",
  "userAgent": "Mozilla/5.0 (Windows NT 10.0; Win64; x64) AppleWebKit/537.36 (KHTML, like Gecko) Chrome/144.0.0.0 Safari/537.36",
  "body": {}
}
[2026-02-14 14:21:03] [ERROR] Error obteniendo gasolineras: {
  "service": "my-gasolinera-api",
  "error": "Unknown column 'id_provincia' in 'SELECT'",
  "stack": "Error: Unknown column 'id_provincia' in 'SELECT'\n    at PromisePool.execute (C:\\Users\\Oscar\\OneDrive\\Documentos\\MyGasolineraBBDD\\MyGasolineraBackEnd\\node_modules\\mysql2\\lib\\promise\\pool.js:54:22)\n    at exports.getGasolineras (C:\\Users\\Oscar\\OneDrive\\Documentos\\MyGasolineraBBDD\\MyGasolineraBackEnd\\controllers\\gasolinerasController.js:64:35)\n    at Layer.handle [as handle_request] (C:\\Users\\Oscar\\OneDrive\\Documentos\\MyGasolineraBBDD\\MyGasolineraBackEnd\\node_modules\\express\\lib\\router\\layer.js:95:5)\n    at next (C:\\Users\\Oscar\\OneDrive\\Documentos\\MyGasolineraBBDD\\MyGasolineraBackEnd\\node_modules\\express\\lib\\router\\route.js:149:13)\n    at Route.dispatch (C:\\Users\\Oscar\\OneDrive\\Documentos\\MyGasolineraBBDD\\MyGasolineraBackEnd\\node_modules\\express\\lib\\router\\route.js:119:3)\n    at Layer.handle [as handle_request] (C:\\Users\\Oscar\\OneDrive\\Documentos\\MyGasolineraBBDD\\MyGasolineraBackEnd\\node_modules\\express\\lib\\router\\layer.js:95:5)\n    at C:\\Users\\Oscar\\OneDrive\\Documentos\\MyGasolineraBBDD\\MyGasolineraBackEnd\\node_modules\\express\\lib\\router\\index.js:284:15\n    at Function.process_params (C:\\Users\\Oscar\\OneDrive\\Documentos\\MyGasolineraBBDD\\MyGasolineraBackEnd\\node_modules\\express\\lib\\router\\index.js:346:12)\n    at next (C:\\Users\\Oscar\\OneDrive\\Documentos\\MyGasolineraBBDD\\MyGasolineraBackEnd\\node_modules\\express\\lib\\router\\index.js:280:10)\n    at Function.handle (C:\\Users\\Oscar\\OneDrive\\Documentos\\MyGasolineraBBDD\\MyGasolineraBackEnd\\node_modules\\express\\lib\\router\\index.js:175:3)"
}
[2026-02-14 14:21:03] [ERROR] Error del servidor {
  "service": "my-gasolinera-api",
  "metodo": "GET",
  "url": "/api/gasolineras?id_provincia=44",
  "status": 500,
  "duracion_ms": 2,
  "usuario_id": "anónimo",
  "ip": "127.0.0.1",
  "respuesta": {
    "success": false,
    "message": "Error interno del servidor"
  }
}
[2026-02-14 14:21:03] [ERROR] Error del servidor {
  "service": "my-gasolinera-api",
  "metodo": "GET",
  "url": "/api/gasolineras?id_provincia=44",
  "status": 500,
  "duracion_ms": 2,
  "usuario_id": "anónimo",
  "ip": "127.0.0.1",
  "respuesta": "{\"success\":false,\"message\":\"Error interno del servidor\"}"
}
[2026-02-14 14:21:03] [INFO] Petición entrante {
  "service": "my-gasolinera-api",
  "metodo": "GET",
  "url": "/api/gasolineras?id_provincia=16",
  "ip": "127.0.0.1",
  "userAgent": "Mozilla/5.0 (Windows NT 10.0; Win64; x64) AppleWebKit/537.36 (KHTML, like Gecko) Chrome/144.0.0.0 Safari/537.36",
  "body": {}
}
[2026-02-14 14:21:03] [ERROR] Error obteniendo gasolineras: {
  "service": "my-gasolinera-api",
  "error": "Unknown column 'id_provincia' in 'SELECT'",
  "stack": "Error: Unknown column 'id_provincia' in 'SELECT'\n    at PromisePool.execute (C:\\Users\\Oscar\\OneDrive\\Documentos\\MyGasolineraBBDD\\MyGasolineraBackEnd\\node_modules\\mysql2\\lib\\promise\\pool.js:54:22)\n    at exports.getGasolineras (C:\\Users\\Oscar\\OneDrive\\Documentos\\MyGasolineraBBDD\\MyGasolineraBackEnd\\controllers\\gasolinerasController.js:64:35)\n    at Layer.handle [as handle_request] (C:\\Users\\Oscar\\OneDrive\\Documentos\\MyGasolineraBBDD\\MyGasolineraBackEnd\\node_modules\\express\\lib\\router\\layer.js:95:5)\n    at next (C:\\Users\\Oscar\\OneDrive\\Documentos\\MyGasolineraBBDD\\MyGasolineraBackEnd\\node_modules\\express\\lib\\router\\route.js:149:13)\n    at Route.dispatch (C:\\Users\\Oscar\\OneDrive\\Documentos\\MyGasolineraBBDD\\MyGasolineraBackEnd\\node_modules\\express\\lib\\router\\route.js:119:3)\n    at Layer.handle [as handle_request] (C:\\Users\\Oscar\\OneDrive\\Documentos\\MyGasolineraBBDD\\MyGasolineraBackEnd\\node_modules\\express\\lib\\router\\layer.js:95:5)\n    at C:\\Users\\Oscar\\OneDrive\\Documentos\\MyGasolineraBBDD\\MyGasolineraBackEnd\\node_modules\\express\\lib\\router\\index.js:284:15\n    at Function.process_params (C:\\Users\\Oscar\\OneDrive\\Documentos\\MyGasolineraBBDD\\MyGasolineraBackEnd\\node_modules\\express\\lib\\router\\index.js:346:12)\n    at next (C:\\Users\\Oscar\\OneDrive\\Documentos\\MyGasolineraBBDD\\MyGasolineraBackEnd\\node_modules\\express\\lib\\router\\index.js:280:10)\n    at Function.handle (C:\\Users\\Oscar\\OneDrive\\Documentos\\MyGasolineraBBDD\\MyGasolineraBackEnd\\node_modules\\express\\lib\\router\\index.js:175:3)"
}
[2026-02-14 14:21:03] [ERROR] Error del servidor {
  "service": "my-gasolinera-api",
  "metodo": "GET",
  "url": "/api/gasolineras?id_provincia=16",
  "status": 500,
  "duracion_ms": 1,
  "usuario_id": "anónimo",
  "ip": "127.0.0.1",
  "respuesta": {
    "success": false,
    "message": "Error interno del servidor"
  }
}
[2026-02-14 14:21:03] [ERROR] Error del servidor {
  "service": "my-gasolinera-api",
  "metodo": "GET",
  "url": "/api/gasolineras?id_provincia=16",
  "status": 500,
  "duracion_ms": 1,
  "usuario_id": "anónimo",
  "ip": "127.0.0.1",
  "respuesta": "{\"success\":false,\"message\":\"Error interno del servidor\"}"
}
[2026-02-14 14:21:03] [INFO] Petición entrante {
  "service": "my-gasolinera-api",
  "metodo": "GET",
  "url": "/api/gasolineras?id_provincia=03",
  "ip": "127.0.0.1",
  "userAgent": "Mozilla/5.0 (Windows NT 10.0; Win64; x64) AppleWebKit/537.36 (KHTML, like Gecko) Chrome/144.0.0.0 Safari/537.36",
  "body": {}
}
[2026-02-14 14:21:03] [ERROR] Error obteniendo gasolineras: {
  "service": "my-gasolinera-api",
  "error": "Unknown column 'id_provincia' in 'SELECT'",
  "stack": "Error: Unknown column 'id_provincia' in 'SELECT'\n    at PromisePool.execute (C:\\Users\\Oscar\\OneDrive\\Documentos\\MyGasolineraBBDD\\MyGasolineraBackEnd\\node_modules\\mysql2\\lib\\promise\\pool.js:54:22)\n    at exports.getGasolineras (C:\\Users\\Oscar\\OneDrive\\Documentos\\MyGasolineraBBDD\\MyGasolineraBackEnd\\controllers\\gasolinerasController.js:64:35)\n    at Layer.handle [as handle_request] (C:\\Users\\Oscar\\OneDrive\\Documentos\\MyGasolineraBBDD\\MyGasolineraBackEnd\\node_modules\\express\\lib\\router\\layer.js:95:5)\n    at next (C:\\Users\\Oscar\\OneDrive\\Documentos\\MyGasolineraBBDD\\MyGasolineraBackEnd\\node_modules\\express\\lib\\router\\route.js:149:13)\n    at Route.dispatch (C:\\Users\\Oscar\\OneDrive\\Documentos\\MyGasolineraBBDD\\MyGasolineraBackEnd\\node_modules\\express\\lib\\router\\route.js:119:3)\n    at Layer.handle [as handle_request] (C:\\Users\\Oscar\\OneDrive\\Documentos\\MyGasolineraBBDD\\MyGasolineraBackEnd\\node_modules\\express\\lib\\router\\layer.js:95:5)\n    at C:\\Users\\Oscar\\OneDrive\\Documentos\\MyGasolineraBBDD\\MyGasolineraBackEnd\\node_modules\\express\\lib\\router\\index.js:284:15\n    at Function.process_params (C:\\Users\\Oscar\\OneDrive\\Documentos\\MyGasolineraBBDD\\MyGasolineraBackEnd\\node_modules\\express\\lib\\router\\index.js:346:12)\n    at next (C:\\Users\\Oscar\\OneDrive\\Documentos\\MyGasolineraBBDD\\MyGasolineraBackEnd\\node_modules\\express\\lib\\router\\index.js:280:10)\n    at Function.handle (C:\\Users\\Oscar\\OneDrive\\Documentos\\MyGasolineraBBDD\\MyGasolineraBackEnd\\node_modules\\express\\lib\\router\\index.js:175:3)"
}
[2026-02-14 14:21:03] [ERROR] Error del servidor {
  "service": "my-gasolinera-api",
  "metodo": "GET",
  "url": "/api/gasolineras?id_provincia=03",
  "status": 500,
  "duracion_ms": 2,
  "usuario_id": "anónimo",
  "ip": "127.0.0.1",
  "respuesta": {
    "success": false,
    "message": "Error interno del servidor"
  }
}
[2026-02-14 14:21:03] [ERROR] Error del servidor {
  "service": "my-gasolinera-api",
  "metodo": "GET",
  "url": "/api/gasolineras?id_provincia=03",
  "status": 500,
  "duracion_ms": 2,
  "usuario_id": "anónimo",
  "ip": "127.0.0.1",
  "respuesta": "{\"success\":false,\"message\":\"Error interno del servidor\"}"
}
[2026-02-14 14:21:06] [INFO] Petición entrante {
  "service": "my-gasolinera-api",
  "metodo": "GET",
  "url": "/api/gasolineras?id_provincia=46",
  "ip": "127.0.0.1",
  "userAgent": "Mozilla/5.0 (Windows NT 10.0; Win64; x64) AppleWebKit/537.36 (KHTML, like Gecko) Chrome/144.0.0.0 Safari/537.36",
  "body": {}
}
[2026-02-14 14:21:06] [ERROR] Error obteniendo gasolineras: {
  "service": "my-gasolinera-api",
  "error": "Unknown column 'id_provincia' in 'SELECT'",
  "stack": "Error: Unknown column 'id_provincia' in 'SELECT'\n    at PromisePool.execute (C:\\Users\\Oscar\\OneDrive\\Documentos\\MyGasolineraBBDD\\MyGasolineraBackEnd\\node_modules\\mysql2\\lib\\promise\\pool.js:54:22)\n    at exports.getGasolineras (C:\\Users\\Oscar\\OneDrive\\Documentos\\MyGasolineraBBDD\\MyGasolineraBackEnd\\controllers\\gasolinerasController.js:64:35)\n    at Layer.handle [as handle_request] (C:\\Users\\Oscar\\OneDrive\\Documentos\\MyGasolineraBBDD\\MyGasolineraBackEnd\\node_modules\\express\\lib\\router\\layer.js:95:5)\n    at next (C:\\Users\\Oscar\\OneDrive\\Documentos\\MyGasolineraBBDD\\MyGasolineraBackEnd\\node_modules\\express\\lib\\router\\route.js:149:13)\n    at Route.dispatch (C:\\Users\\Oscar\\OneDrive\\Documentos\\MyGasolineraBBDD\\MyGasolineraBackEnd\\node_modules\\express\\lib\\router\\route.js:119:3)\n    at Layer.handle [as handle_request] (C:\\Users\\Oscar\\OneDrive\\Documentos\\MyGasolineraBBDD\\MyGasolineraBackEnd\\node_modules\\express\\lib\\router\\layer.js:95:5)\n    at C:\\Users\\Oscar\\OneDrive\\Documentos\\MyGasolineraBBDD\\MyGasolineraBackEnd\\node_modules\\express\\lib\\router\\index.js:284:15\n    at Function.process_params (C:\\Users\\Oscar\\OneDrive\\Documentos\\MyGasolineraBBDD\\MyGasolineraBackEnd\\node_modules\\express\\lib\\router\\index.js:346:12)\n    at next (C:\\Users\\Oscar\\OneDrive\\Documentos\\MyGasolineraBBDD\\MyGasolineraBackEnd\\node_modules\\express\\lib\\router\\index.js:280:10)\n    at Function.handle (C:\\Users\\Oscar\\OneDrive\\Documentos\\MyGasolineraBBDD\\MyGasolineraBackEnd\\node_modules\\express\\lib\\router\\index.js:175:3)"
}
[2026-02-14 14:21:06] [ERROR] Error del servidor {
  "service": "my-gasolinera-api",
  "metodo": "GET",
  "url": "/api/gasolineras?id_provincia=46",
  "status": 500,
  "duracion_ms": 2,
  "usuario_id": "anónimo",
  "ip": "127.0.0.1",
  "respuesta": {
    "success": false,
    "message": "Error interno del servidor"
  }
}
[2026-02-14 14:21:06] [ERROR] Error del servidor {
  "service": "my-gasolinera-api",
  "metodo": "GET",
  "url": "/api/gasolineras?id_provincia=46",
  "status": 500,
  "duracion_ms": 2,
  "usuario_id": "anónimo",
  "ip": "127.0.0.1",
  "respuesta": "{\"success\":false,\"message\":\"Error interno del servidor\"}"
}
[2026-02-14 14:21:06] [INFO] Petición entrante {
  "service": "my-gasolinera-api",
  "metodo": "GET",
  "url": "/api/gasolineras?id_provincia=12",
  "ip": "127.0.0.1",
  "userAgent": "Mozilla/5.0 (Windows NT 10.0; Win64; x64) AppleWebKit/537.36 (KHTML, like Gecko) Chrome/144.0.0.0 Safari/537.36",
  "body": {}
}
[2026-02-14 14:21:06] [ERROR] Error obteniendo gasolineras: {
  "service": "my-gasolinera-api",
  "error": "Unknown column 'id_provincia' in 'SELECT'",
  "stack": "Error: Unknown column 'id_provincia' in 'SELECT'\n    at PromisePool.execute (C:\\Users\\Oscar\\OneDrive\\Documentos\\MyGasolineraBBDD\\MyGasolineraBackEnd\\node_modules\\mysql2\\lib\\promise\\pool.js:54:22)\n    at exports.getGasolineras (C:\\Users\\Oscar\\OneDrive\\Documentos\\MyGasolineraBBDD\\MyGasolineraBackEnd\\controllers\\gasolinerasController.js:64:35)\n    at Layer.handle [as handle_request] (C:\\Users\\Oscar\\OneDrive\\Documentos\\MyGasolineraBBDD\\MyGasolineraBackEnd\\node_modules\\express\\lib\\router\\layer.js:95:5)\n    at next (C:\\Users\\Oscar\\OneDrive\\Documentos\\MyGasolineraBBDD\\MyGasolineraBackEnd\\node_modules\\express\\lib\\router\\route.js:149:13)\n    at Route.dispatch (C:\\Users\\Oscar\\OneDrive\\Documentos\\MyGasolineraBBDD\\MyGasolineraBackEnd\\node_modules\\express\\lib\\router\\route.js:119:3)\n    at Layer.handle [as handle_request] (C:\\Users\\Oscar\\OneDrive\\Documentos\\MyGasolineraBBDD\\MyGasolineraBackEnd\\node_modules\\express\\lib\\router\\layer.js:95:5)\n    at C:\\Users\\Oscar\\OneDrive\\Documentos\\MyGasolineraBBDD\\MyGasolineraBackEnd\\node_modules\\express\\lib\\router\\index.js:284:15\n    at Function.process_params (C:\\Users\\Oscar\\OneDrive\\Documentos\\MyGasolineraBBDD\\MyGasolineraBackEnd\\node_modules\\express\\lib\\router\\index.js:346:12)\n    at next (C:\\Users\\Oscar\\OneDrive\\Documentos\\MyGasolineraBBDD\\MyGasolineraBackEnd\\node_modules\\express\\lib\\router\\index.js:280:10)\n    at Function.handle (C:\\Users\\Oscar\\OneDrive\\Documentos\\MyGasolineraBBDD\\MyGasolineraBackEnd\\node_modules\\express\\lib\\router\\index.js:175:3)"
}
[2026-02-14 14:21:06] [ERROR] Error del servidor {
  "service": "my-gasolinera-api",
  "metodo": "GET",
  "url": "/api/gasolineras?id_provincia=12",
  "status": 500,
  "duracion_ms": 1,
  "usuario_id": "anónimo",
  "ip": "127.0.0.1",
  "respuesta": {
    "success": false,
    "message": "Error interno del servidor"
  }
}
[2026-02-14 14:21:06] [ERROR] Error del servidor {
  "service": "my-gasolinera-api",
  "metodo": "GET",
  "url": "/api/gasolineras?id_provincia=12",
  "status": 500,
  "duracion_ms": 2,
  "usuario_id": "anónimo",
  "ip": "127.0.0.1",
  "respuesta": "{\"success\":false,\"message\":\"Error interno del servidor\"}"
}
[2026-02-14 14:21:06] [INFO] Petición entrante {
  "service": "my-gasolinera-api",
  "metodo": "GET",
  "url": "/api/gasolineras?id_provincia=44",
  "ip": "127.0.0.1",
  "userAgent": "Mozilla/5.0 (Windows NT 10.0; Win64; x64) AppleWebKit/537.36 (KHTML, like Gecko) Chrome/144.0.0.0 Safari/537.36",
  "body": {}
}
[2026-02-14 14:21:06] [ERROR] Error obteniendo gasolineras: {
  "service": "my-gasolinera-api",
  "error": "Unknown column 'id_provincia' in 'SELECT'",
  "stack": "Error: Unknown column 'id_provincia' in 'SELECT'\n    at PromisePool.execute (C:\\Users\\Oscar\\OneDrive\\Documentos\\MyGasolineraBBDD\\MyGasolineraBackEnd\\node_modules\\mysql2\\lib\\promise\\pool.js:54:22)\n    at exports.getGasolineras (C:\\Users\\Oscar\\OneDrive\\Documentos\\MyGasolineraBBDD\\MyGasolineraBackEnd\\controllers\\gasolinerasController.js:64:35)\n    at Layer.handle [as handle_request] (C:\\Users\\Oscar\\OneDrive\\Documentos\\MyGasolineraBBDD\\MyGasolineraBackEnd\\node_modules\\express\\lib\\router\\layer.js:95:5)\n    at next (C:\\Users\\Oscar\\OneDrive\\Documentos\\MyGasolineraBBDD\\MyGasolineraBackEnd\\node_modules\\express\\lib\\router\\route.js:149:13)\n    at Route.dispatch (C:\\Users\\Oscar\\OneDrive\\Documentos\\MyGasolineraBBDD\\MyGasolineraBackEnd\\node_modules\\express\\lib\\router\\route.js:119:3)\n    at Layer.handle [as handle_request] (C:\\Users\\Oscar\\OneDrive\\Documentos\\MyGasolineraBBDD\\MyGasolineraBackEnd\\node_modules\\express\\lib\\router\\layer.js:95:5)\n    at C:\\Users\\Oscar\\OneDrive\\Documentos\\MyGasolineraBBDD\\MyGasolineraBackEnd\\node_modules\\express\\lib\\router\\index.js:284:15\n    at Function.process_params (C:\\Users\\Oscar\\OneDrive\\Documentos\\MyGasolineraBBDD\\MyGasolineraBackEnd\\node_modules\\express\\lib\\router\\index.js:346:12)\n    at next (C:\\Users\\Oscar\\OneDrive\\Documentos\\MyGasolineraBBDD\\MyGasolineraBackEnd\\node_modules\\express\\lib\\router\\index.js:280:10)\n    at Function.handle (C:\\Users\\Oscar\\OneDrive\\Documentos\\MyGasolineraBBDD\\MyGasolineraBackEnd\\node_modules\\express\\lib\\router\\index.js:175:3)"
}
[2026-02-14 14:21:06] [ERROR] Error del servidor {
  "service": "my-gasolinera-api",
  "metodo": "GET",
  "url": "/api/gasolineras?id_provincia=44",
  "status": 500,
  "duracion_ms": 2,
  "usuario_id": "anónimo",
  "ip": "127.0.0.1",
  "respuesta": {
    "success": false,
    "message": "Error interno del servidor"
  }
}
[2026-02-14 14:21:06] [ERROR] Error del servidor {
  "service": "my-gasolinera-api",
  "metodo": "GET",
  "url": "/api/gasolineras?id_provincia=44",
  "status": 500,
  "duracion_ms": 2,
  "usuario_id": "anónimo",
  "ip": "127.0.0.1",
  "respuesta": "{\"success\":false,\"message\":\"Error interno del servidor\"}"
}
[2026-02-14 14:21:06] [INFO] Petición entrante {
  "service": "my-gasolinera-api",
  "metodo": "GET",
  "url": "/api/gasolineras?id_provincia=16",
  "ip": "127.0.0.1",
  "userAgent": "Mozilla/5.0 (Windows NT 10.0; Win64; x64) AppleWebKit/537.36 (KHTML, like Gecko) Chrome/144.0.0.0 Safari/537.36",
  "body": {}
}
[2026-02-14 14:21:06] [ERROR] Error obteniendo gasolineras: {
  "service": "my-gasolinera-api",
  "error": "Unknown column 'id_provincia' in 'SELECT'",
  "stack": "Error: Unknown column 'id_provincia' in 'SELECT'\n    at PromisePool.execute (C:\\Users\\Oscar\\OneDrive\\Documentos\\MyGasolineraBBDD\\MyGasolineraBackEnd\\node_modules\\mysql2\\lib\\promise\\pool.js:54:22)\n    at exports.getGasolineras (C:\\Users\\Oscar\\OneDrive\\Documentos\\MyGasolineraBBDD\\MyGasolineraBackEnd\\controllers\\gasolinerasController.js:64:35)\n    at Layer.handle [as handle_request] (C:\\Users\\Oscar\\OneDrive\\Documentos\\MyGasolineraBBDD\\MyGasolineraBackEnd\\node_modules\\express\\lib\\router\\layer.js:95:5)\n    at next (C:\\Users\\Oscar\\OneDrive\\Documentos\\MyGasolineraBBDD\\MyGasolineraBackEnd\\node_modules\\express\\lib\\router\\route.js:149:13)\n    at Route.dispatch (C:\\Users\\Oscar\\OneDrive\\Documentos\\MyGasolineraBBDD\\MyGasolineraBackEnd\\node_modules\\express\\lib\\router\\route.js:119:3)\n    at Layer.handle [as handle_request] (C:\\Users\\Oscar\\OneDrive\\Documentos\\MyGasolineraBBDD\\MyGasolineraBackEnd\\node_modules\\express\\lib\\router\\layer.js:95:5)\n    at C:\\Users\\Oscar\\OneDrive\\Documentos\\MyGasolineraBBDD\\MyGasolineraBackEnd\\node_modules\\express\\lib\\router\\index.js:284:15\n    at Function.process_params (C:\\Users\\Oscar\\OneDrive\\Documentos\\MyGasolineraBBDD\\MyGasolineraBackEnd\\node_modules\\express\\lib\\router\\index.js:346:12)\n    at next (C:\\Users\\Oscar\\OneDrive\\Documentos\\MyGasolineraBBDD\\MyGasolineraBackEnd\\node_modules\\express\\lib\\router\\index.js:280:10)\n    at Function.handle (C:\\Users\\Oscar\\OneDrive\\Documentos\\MyGasolineraBBDD\\MyGasolineraBackEnd\\node_modules\\express\\lib\\router\\index.js:175:3)"
}
[2026-02-14 14:21:06] [ERROR] Error del servidor {
  "service": "my-gasolinera-api",
  "metodo": "GET",
  "url": "/api/gasolineras?id_provincia=16",
  "status": 500,
  "duracion_ms": 1,
  "usuario_id": "anónimo",
  "ip": "127.0.0.1",
  "respuesta": {
    "success": false,
    "message": "Error interno del servidor"
  }
}
[2026-02-14 14:21:06] [ERROR] Error del servidor {
  "service": "my-gasolinera-api",
  "metodo": "GET",
  "url": "/api/gasolineras?id_provincia=16",
  "status": 500,
  "duracion_ms": 2,
  "usuario_id": "anónimo",
  "ip": "127.0.0.1",
  "respuesta": "{\"success\":false,\"message\":\"Error interno del servidor\"}"
}
[2026-02-14 14:21:06] [INFO] Petición entrante {
  "service": "my-gasolinera-api",
  "metodo": "GET",
  "url": "/api/gasolineras?id_provincia=03",
  "ip": "127.0.0.1",
  "userAgent": "Mozilla/5.0 (Windows NT 10.0; Win64; x64) AppleWebKit/537.36 (KHTML, like Gecko) Chrome/144.0.0.0 Safari/537.36",
  "body": {}
}
[2026-02-14 14:21:06] [ERROR] Error obteniendo gasolineras: {
  "service": "my-gasolinera-api",
  "error": "Unknown column 'id_provincia' in 'SELECT'",
  "stack": "Error: Unknown column 'id_provincia' in 'SELECT'\n    at PromisePool.execute (C:\\Users\\Oscar\\OneDrive\\Documentos\\MyGasolineraBBDD\\MyGasolineraBackEnd\\node_modules\\mysql2\\lib\\promise\\pool.js:54:22)\n    at exports.getGasolineras (C:\\Users\\Oscar\\OneDrive\\Documentos\\MyGasolineraBBDD\\MyGasolineraBackEnd\\controllers\\gasolinerasController.js:64:35)\n    at Layer.handle [as handle_request] (C:\\Users\\Oscar\\OneDrive\\Documentos\\MyGasolineraBBDD\\MyGasolineraBackEnd\\node_modules\\express\\lib\\router\\layer.js:95:5)\n    at next (C:\\Users\\Oscar\\OneDrive\\Documentos\\MyGasolineraBBDD\\MyGasolineraBackEnd\\node_modules\\express\\lib\\router\\route.js:149:13)\n    at Route.dispatch (C:\\Users\\Oscar\\OneDrive\\Documentos\\MyGasolineraBBDD\\MyGasolineraBackEnd\\node_modules\\express\\lib\\router\\route.js:119:3)\n    at Layer.handle [as handle_request] (C:\\Users\\Oscar\\OneDrive\\Documentos\\MyGasolineraBBDD\\MyGasolineraBackEnd\\node_modules\\express\\lib\\router\\layer.js:95:5)\n    at C:\\Users\\Oscar\\OneDrive\\Documentos\\MyGasolineraBBDD\\MyGasolineraBackEnd\\node_modules\\express\\lib\\router\\index.js:284:15\n    at Function.process_params (C:\\Users\\Oscar\\OneDrive\\Documentos\\MyGasolineraBBDD\\MyGasolineraBackEnd\\node_modules\\express\\lib\\router\\index.js:346:12)\n    at next (C:\\Users\\Oscar\\OneDrive\\Documentos\\MyGasolineraBBDD\\MyGasolineraBackEnd\\node_modules\\express\\lib\\router\\index.js:280:10)\n    at Function.handle (C:\\Users\\Oscar\\OneDrive\\Documentos\\MyGasolineraBBDD\\MyGasolineraBackEnd\\node_modules\\express\\lib\\router\\index.js:175:3)"
}
[2026-02-14 14:21:06] [ERROR] Error del servidor {
  "service": "my-gasolinera-api",
  "metodo": "GET",
  "url": "/api/gasolineras?id_provincia=03",
  "status": 500,
  "duracion_ms": 2,
  "usuario_id": "anónimo",
  "ip": "127.0.0.1",
  "respuesta": {
    "success": false,
    "message": "Error interno del servidor"
  }
}
[2026-02-14 14:21:06] [ERROR] Error del servidor {
  "service": "my-gasolinera-api",
  "metodo": "GET",
  "url": "/api/gasolineras?id_provincia=03",
  "status": 500,
  "duracion_ms": 2,
  "usuario_id": "anónimo",
  "ip": "127.0.0.1",
  "respuesta": "{\"success\":false,\"message\":\"Error interno del servidor\"}"
}
[2026-02-14 14:21:08] [INFO] Petición entrante {
  "service": "my-gasolinera-api",
  "metodo": "GET",
  "url": "/api/gasolineras?id_provincia=46",
  "ip": "127.0.0.1",
  "userAgent": "Mozilla/5.0 (Windows NT 10.0; Win64; x64) AppleWebKit/537.36 (KHTML, like Gecko) Chrome/144.0.0.0 Safari/537.36",
  "body": {}
}
[2026-02-14 14:21:08] [ERROR] Error obteniendo gasolineras: {
  "service": "my-gasolinera-api",
  "error": "Unknown column 'id_provincia' in 'SELECT'",
  "stack": "Error: Unknown column 'id_provincia' in 'SELECT'\n    at PromisePool.execute (C:\\Users\\Oscar\\OneDrive\\Documentos\\MyGasolineraBBDD\\MyGasolineraBackEnd\\node_modules\\mysql2\\lib\\promise\\pool.js:54:22)\n    at exports.getGasolineras (C:\\Users\\Oscar\\OneDrive\\Documentos\\MyGasolineraBBDD\\MyGasolineraBackEnd\\controllers\\gasolinerasController.js:64:35)\n    at Layer.handle [as handle_request] (C:\\Users\\Oscar\\OneDrive\\Documentos\\MyGasolineraBBDD\\MyGasolineraBackEnd\\node_modules\\express\\lib\\router\\layer.js:95:5)\n    at next (C:\\Users\\Oscar\\OneDrive\\Documentos\\MyGasolineraBBDD\\MyGasolineraBackEnd\\node_modules\\express\\lib\\router\\route.js:149:13)\n    at Route.dispatch (C:\\Users\\Oscar\\OneDrive\\Documentos\\MyGasolineraBBDD\\MyGasolineraBackEnd\\node_modules\\express\\lib\\router\\route.js:119:3)\n    at Layer.handle [as handle_request] (C:\\Users\\Oscar\\OneDrive\\Documentos\\MyGasolineraBBDD\\MyGasolineraBackEnd\\node_modules\\express\\lib\\router\\layer.js:95:5)\n    at C:\\Users\\Oscar\\OneDrive\\Documentos\\MyGasolineraBBDD\\MyGasolineraBackEnd\\node_modules\\express\\lib\\router\\index.js:284:15\n    at Function.process_params (C:\\Users\\Oscar\\OneDrive\\Documentos\\MyGasolineraBBDD\\MyGasolineraBackEnd\\node_modules\\express\\lib\\router\\index.js:346:12)\n    at next (C:\\Users\\Oscar\\OneDrive\\Documentos\\MyGasolineraBBDD\\MyGasolineraBackEnd\\node_modules\\express\\lib\\router\\index.js:280:10)\n    at Function.handle (C:\\Users\\Oscar\\OneDrive\\Documentos\\MyGasolineraBBDD\\MyGasolineraBackEnd\\node_modules\\express\\lib\\router\\index.js:175:3)"
}
[2026-02-14 14:21:08] [ERROR] Error del servidor {
  "service": "my-gasolinera-api",
  "metodo": "GET",
  "url": "/api/gasolineras?id_provincia=46",
  "status": 500,
  "duracion_ms": 1,
  "usuario_id": "anónimo",
  "ip": "127.0.0.1",
  "respuesta": {
    "success": false,
    "message": "Error interno del servidor"
  }
}
[2026-02-14 14:21:08] [ERROR] Error del servidor {
  "service": "my-gasolinera-api",
  "metodo": "GET",
  "url": "/api/gasolineras?id_provincia=46",
  "status": 500,
  "duracion_ms": 1,
  "usuario_id": "anónimo",
  "ip": "127.0.0.1",
  "respuesta": "{\"success\":false,\"message\":\"Error interno del servidor\"}"
}
[2026-02-14 14:21:08] [INFO] Petición entrante {
  "service": "my-gasolinera-api",
  "metodo": "GET",
  "url": "/api/gasolineras?id_provincia=12",
  "ip": "127.0.0.1",
  "userAgent": "Mozilla/5.0 (Windows NT 10.0; Win64; x64) AppleWebKit/537.36 (KHTML, like Gecko) Chrome/144.0.0.0 Safari/537.36",
  "body": {}
}
[2026-02-14 14:21:08] [ERROR] Error obteniendo gasolineras: {
  "service": "my-gasolinera-api",
  "error": "Unknown column 'id_provincia' in 'SELECT'",
  "stack": "Error: Unknown column 'id_provincia' in 'SELECT'\n    at PromisePool.execute (C:\\Users\\Oscar\\OneDrive\\Documentos\\MyGasolineraBBDD\\MyGasolineraBackEnd\\node_modules\\mysql2\\lib\\promise\\pool.js:54:22)\n    at exports.getGasolineras (C:\\Users\\Oscar\\OneDrive\\Documentos\\MyGasolineraBBDD\\MyGasolineraBackEnd\\controllers\\gasolinerasController.js:64:35)\n    at Layer.handle [as handle_request] (C:\\Users\\Oscar\\OneDrive\\Documentos\\MyGasolineraBBDD\\MyGasolineraBackEnd\\node_modules\\express\\lib\\router\\layer.js:95:5)\n    at next (C:\\Users\\Oscar\\OneDrive\\Documentos\\MyGasolineraBBDD\\MyGasolineraBackEnd\\node_modules\\express\\lib\\router\\route.js:149:13)\n    at Route.dispatch (C:\\Users\\Oscar\\OneDrive\\Documentos\\MyGasolineraBBDD\\MyGasolineraBackEnd\\node_modules\\express\\lib\\router\\route.js:119:3)\n    at Layer.handle [as handle_request] (C:\\Users\\Oscar\\OneDrive\\Documentos\\MyGasolineraBBDD\\MyGasolineraBackEnd\\node_modules\\express\\lib\\router\\layer.js:95:5)\n    at C:\\Users\\Oscar\\OneDrive\\Documentos\\MyGasolineraBBDD\\MyGasolineraBackEnd\\node_modules\\express\\lib\\router\\index.js:284:15\n    at Function.process_params (C:\\Users\\Oscar\\OneDrive\\Documentos\\MyGasolineraBBDD\\MyGasolineraBackEnd\\node_modules\\express\\lib\\router\\index.js:346:12)\n    at next (C:\\Users\\Oscar\\OneDrive\\Documentos\\MyGasolineraBBDD\\MyGasolineraBackEnd\\node_modules\\express\\lib\\router\\index.js:280:10)\n    at Function.handle (C:\\Users\\Oscar\\OneDrive\\Documentos\\MyGasolineraBBDD\\MyGasolineraBackEnd\\node_modules\\express\\lib\\router\\index.js:175:3)"
}
[2026-02-14 14:21:08] [ERROR] Error del servidor {
  "service": "my-gasolinera-api",
  "metodo": "GET",
  "url": "/api/gasolineras?id_provincia=12",
  "status": 500,
  "duracion_ms": 1,
  "usuario_id": "anónimo",
  "ip": "127.0.0.1",
  "respuesta": {
    "success": false,
    "message": "Error interno del servidor"
  }
}
[2026-02-14 14:21:08] [ERROR] Error del servidor {
  "service": "my-gasolinera-api",
  "metodo": "GET",
  "url": "/api/gasolineras?id_provincia=12",
  "status": 500,
  "duracion_ms": 2,
  "usuario_id": "anónimo",
  "ip": "127.0.0.1",
  "respuesta": "{\"success\":false,\"message\":\"Error interno del servidor\"}"
}
[2026-02-14 14:21:08] [INFO] Petición entrante {
  "service": "my-gasolinera-api",
  "metodo": "GET",
  "url": "/api/gasolineras?id_provincia=44",
  "ip": "127.0.0.1",
  "userAgent": "Mozilla/5.0 (Windows NT 10.0; Win64; x64) AppleWebKit/537.36 (KHTML, like Gecko) Chrome/144.0.0.0 Safari/537.36",
  "body": {}
}
[2026-02-14 14:21:08] [ERROR] Error obteniendo gasolineras: {
  "service": "my-gasolinera-api",
  "error": "Unknown column 'id_provincia' in 'SELECT'",
  "stack": "Error: Unknown column 'id_provincia' in 'SELECT'\n    at PromisePool.execute (C:\\Users\\Oscar\\OneDrive\\Documentos\\MyGasolineraBBDD\\MyGasolineraBackEnd\\node_modules\\mysql2\\lib\\promise\\pool.js:54:22)\n    at exports.getGasolineras (C:\\Users\\Oscar\\OneDrive\\Documentos\\MyGasolineraBBDD\\MyGasolineraBackEnd\\controllers\\gasolinerasController.js:64:35)\n    at Layer.handle [as handle_request] (C:\\Users\\Oscar\\OneDrive\\Documentos\\MyGasolineraBBDD\\MyGasolineraBackEnd\\node_modules\\express\\lib\\router\\layer.js:95:5)\n    at next (C:\\Users\\Oscar\\OneDrive\\Documentos\\MyGasolineraBBDD\\MyGasolineraBackEnd\\node_modules\\express\\lib\\router\\route.js:149:13)\n    at Route.dispatch (C:\\Users\\Oscar\\OneDrive\\Documentos\\MyGasolineraBBDD\\MyGasolineraBackEnd\\node_modules\\express\\lib\\router\\route.js:119:3)\n    at Layer.handle [as handle_request] (C:\\Users\\Oscar\\OneDrive\\Documentos\\MyGasolineraBBDD\\MyGasolineraBackEnd\\node_modules\\express\\lib\\router\\layer.js:95:5)\n    at C:\\Users\\Oscar\\OneDrive\\Documentos\\MyGasolineraBBDD\\MyGasolineraBackEnd\\node_modules\\express\\lib\\router\\index.js:284:15\n    at Function.process_params (C:\\Users\\Oscar\\OneDrive\\Documentos\\MyGasolineraBBDD\\MyGasolineraBackEnd\\node_modules\\express\\lib\\router\\index.js:346:12)\n    at next (C:\\Users\\Oscar\\OneDrive\\Documentos\\MyGasolineraBBDD\\MyGasolineraBackEnd\\node_modules\\express\\lib\\router\\index.js:280:10)\n    at Function.handle (C:\\Users\\Oscar\\OneDrive\\Documentos\\MyGasolineraBBDD\\MyGasolineraBackEnd\\node_modules\\express\\lib\\router\\index.js:175:3)"
}
[2026-02-14 14:21:08] [ERROR] Error del servidor {
  "service": "my-gasolinera-api",
  "metodo": "GET",
  "url": "/api/gasolineras?id_provincia=44",
  "status": 500,
  "duracion_ms": 1,
  "usuario_id": "anónimo",
  "ip": "127.0.0.1",
  "respuesta": {
    "success": false,
    "message": "Error interno del servidor"
  }
}
[2026-02-14 14:21:08] [ERROR] Error del servidor {
  "service": "my-gasolinera-api",
  "metodo": "GET",
  "url": "/api/gasolineras?id_provincia=44",
  "status": 500,
  "duracion_ms": 2,
  "usuario_id": "anónimo",
  "ip": "127.0.0.1",
  "respuesta": "{\"success\":false,\"message\":\"Error interno del servidor\"}"
}
[2026-02-14 14:21:08] [INFO] Petición entrante {
  "service": "my-gasolinera-api",
  "metodo": "GET",
  "url": "/api/gasolineras?id_provincia=16",
  "ip": "127.0.0.1",
  "userAgent": "Mozilla/5.0 (Windows NT 10.0; Win64; x64) AppleWebKit/537.36 (KHTML, like Gecko) Chrome/144.0.0.0 Safari/537.36",
  "body": {}
}
[2026-02-14 14:21:08] [ERROR] Error obteniendo gasolineras: {
  "service": "my-gasolinera-api",
  "error": "Unknown column 'id_provincia' in 'SELECT'",
  "stack": "Error: Unknown column 'id_provincia' in 'SELECT'\n    at PromisePool.execute (C:\\Users\\Oscar\\OneDrive\\Documentos\\MyGasolineraBBDD\\MyGasolineraBackEnd\\node_modules\\mysql2\\lib\\promise\\pool.js:54:22)\n    at exports.getGasolineras (C:\\Users\\Oscar\\OneDrive\\Documentos\\MyGasolineraBBDD\\MyGasolineraBackEnd\\controllers\\gasolinerasController.js:64:35)\n    at Layer.handle [as handle_request] (C:\\Users\\Oscar\\OneDrive\\Documentos\\MyGasolineraBBDD\\MyGasolineraBackEnd\\node_modules\\express\\lib\\router\\layer.js:95:5)\n    at next (C:\\Users\\Oscar\\OneDrive\\Documentos\\MyGasolineraBBDD\\MyGasolineraBackEnd\\node_modules\\express\\lib\\router\\route.js:149:13)\n    at Route.dispatch (C:\\Users\\Oscar\\OneDrive\\Documentos\\MyGasolineraBBDD\\MyGasolineraBackEnd\\node_modules\\express\\lib\\router\\route.js:119:3)\n    at Layer.handle [as handle_request] (C:\\Users\\Oscar\\OneDrive\\Documentos\\MyGasolineraBBDD\\MyGasolineraBackEnd\\node_modules\\express\\lib\\router\\layer.js:95:5)\n    at C:\\Users\\Oscar\\OneDrive\\Documentos\\MyGasolineraBBDD\\MyGasolineraBackEnd\\node_modules\\express\\lib\\router\\index.js:284:15\n    at Function.process_params (C:\\Users\\Oscar\\OneDrive\\Documentos\\MyGasolineraBBDD\\MyGasolineraBackEnd\\node_modules\\express\\lib\\router\\index.js:346:12)\n    at next (C:\\Users\\Oscar\\OneDrive\\Documentos\\MyGasolineraBBDD\\MyGasolineraBackEnd\\node_modules\\express\\lib\\router\\index.js:280:10)\n    at Function.handle (C:\\Users\\Oscar\\OneDrive\\Documentos\\MyGasolineraBBDD\\MyGasolineraBackEnd\\node_modules\\express\\lib\\router\\index.js:175:3)"
}
[2026-02-14 14:21:08] [ERROR] Error del servidor {
  "service": "my-gasolinera-api",
  "metodo": "GET",
  "url": "/api/gasolineras?id_provincia=16",
  "status": 500,
  "duracion_ms": 1,
  "usuario_id": "anónimo",
  "ip": "127.0.0.1",
  "respuesta": {
    "success": false,
    "message": "Error interno del servidor"
  }
}
[2026-02-14 14:21:08] [ERROR] Error del servidor {
  "service": "my-gasolinera-api",
  "metodo": "GET",
  "url": "/api/gasolineras?id_provincia=16",
  "status": 500,
  "duracion_ms": 1,
  "usuario_id": "anónimo",
  "ip": "127.0.0.1",
  "respuesta": "{\"success\":false,\"message\":\"Error interno del servidor\"}"
}
[2026-02-14 14:21:08] [INFO] Petición entrante {
  "service": "my-gasolinera-api",
  "metodo": "GET",
  "url": "/api/gasolineras?id_provincia=03",
  "ip": "127.0.0.1",
  "userAgent": "Mozilla/5.0 (Windows NT 10.0; Win64; x64) AppleWebKit/537.36 (KHTML, like Gecko) Chrome/144.0.0.0 Safari/537.36",
  "body": {}
}
[2026-02-14 14:21:08] [ERROR] Error obteniendo gasolineras: {
  "service": "my-gasolinera-api",
  "error": "Unknown column 'id_provincia' in 'SELECT'",
  "stack": "Error: Unknown column 'id_provincia' in 'SELECT'\n    at PromisePool.execute (C:\\Users\\Oscar\\OneDrive\\Documentos\\MyGasolineraBBDD\\MyGasolineraBackEnd\\node_modules\\mysql2\\lib\\promise\\pool.js:54:22)\n    at exports.getGasolineras (C:\\Users\\Oscar\\OneDrive\\Documentos\\MyGasolineraBBDD\\MyGasolineraBackEnd\\controllers\\gasolinerasController.js:64:35)\n    at Layer.handle [as handle_request] (C:\\Users\\Oscar\\OneDrive\\Documentos\\MyGasolineraBBDD\\MyGasolineraBackEnd\\node_modules\\express\\lib\\router\\layer.js:95:5)\n    at next (C:\\Users\\Oscar\\OneDrive\\Documentos\\MyGasolineraBBDD\\MyGasolineraBackEnd\\node_modules\\express\\lib\\router\\route.js:149:13)\n    at Route.dispatch (C:\\Users\\Oscar\\OneDrive\\Documentos\\MyGasolineraBBDD\\MyGasolineraBackEnd\\node_modules\\express\\lib\\router\\route.js:119:3)\n    at Layer.handle [as handle_request] (C:\\Users\\Oscar\\OneDrive\\Documentos\\MyGasolineraBBDD\\MyGasolineraBackEnd\\node_modules\\express\\lib\\router\\layer.js:95:5)\n    at C:\\Users\\Oscar\\OneDrive\\Documentos\\MyGasolineraBBDD\\MyGasolineraBackEnd\\node_modules\\express\\lib\\router\\index.js:284:15\n    at Function.process_params (C:\\Users\\Oscar\\OneDrive\\Documentos\\MyGasolineraBBDD\\MyGasolineraBackEnd\\node_modules\\express\\lib\\router\\index.js:346:12)\n    at next (C:\\Users\\Oscar\\OneDrive\\Documentos\\MyGasolineraBBDD\\MyGasolineraBackEnd\\node_modules\\express\\lib\\router\\index.js:280:10)\n    at Function.handle (C:\\Users\\Oscar\\OneDrive\\Documentos\\MyGasolineraBBDD\\MyGasolineraBackEnd\\node_modules\\express\\lib\\router\\index.js:175:3)"
}
[2026-02-14 14:21:08] [ERROR] Error del servidor {
  "service": "my-gasolinera-api",
  "metodo": "GET",
  "url": "/api/gasolineras?id_provincia=03",
  "status": 500,
  "duracion_ms": 1,
  "usuario_id": "anónimo",
  "ip": "127.0.0.1",
  "respuesta": {
    "success": false,
    "message": "Error interno del servidor"
  }
}
[2026-02-14 14:21:08] [ERROR] Error del servidor {
  "service": "my-gasolinera-api",
  "metodo": "GET",
  "url": "/api/gasolineras?id_provincia=03",
  "status": 500,
  "duracion_ms": 2,
  "usuario_id": "anónimo",
  "ip": "127.0.0.1",
  "respuesta": "{\"success\":false,\"message\":\"Error interno del servidor\"}"
}
