[2026-01-31 18:38:01] [ERROR] Error en login {
  "service": "my-gasolinera-api",
  "error": "Server requests authentication using unknown plugin auth_gssapi_client. See TODO: add plugins doco here on how to configure or author authentication plugins.",
  "stack": "Error: Server requests authentication using unknown plugin auth_gssapi_client. See TODO: add plugins doco here on how to configure or author authentication plugins.\n    at PromisePool.query (C:\\Users\\Oscar\\OneDrive\\Documentos\\MyGasolineraBBDD\\MyGasolineraBackEnd\\node_modules\\mysql2\\lib\\promise\\pool.js:36:22)\n    at exports.login (C:\\Users\\Oscar\\OneDrive\\Documentos\\MyGasolineraBBDD\\MyGasolineraBackEnd\\controllers\\authController.js:87:35)\n    at Layer.handle [as handle_request] (C:\\Users\\Oscar\\OneDrive\\Documentos\\MyGasolineraBBDD\\MyGasolineraBackEnd\\node_modules\\express\\lib\\router\\layer.js:95:5)\n    at next (C:\\Users\\Oscar\\OneDrive\\Documentos\\MyGasolineraBBDD\\MyGasolineraBackEnd\\node_modules\\express\\lib\\router\\route.js:149:13)\n    at Route.dispatch (C:\\Users\\Oscar\\OneDrive\\Documentos\\MyGasolineraBBDD\\MyGasolineraBackEnd\\node_modules\\express\\lib\\router\\route.js:119:3)\n    at Layer.handle [as handle_request] (C:\\Users\\Oscar\\OneDrive\\Documentos\\MyGasolineraBBDD\\MyGasolineraBackEnd\\node_modules\\express\\lib\\router\\layer.js:95:5)\n    at C:\\Users\\Oscar\\OneDrive\\Documentos\\MyGasolineraBBDD\\MyGasolineraBackEnd\\node_modules\\express\\lib\\router\\index.js:284:15\n    at router.process_params (C:\\Users\\Oscar\\OneDrive\\Documentos\\MyGasolineraBBDD\\MyGasolineraBackEnd\\node_modules\\express\\lib\\router\\index.js:346:12)\n    at next (C:\\Users\\Oscar\\OneDrive\\Documentos\\MyGasolineraBBDD\\MyGasolineraBackEnd\\node_modules\\express\\lib\\router\\index.js:280:10)\n    at router.handle (C:\\Users\\Oscar\\OneDrive\\Documentos\\MyGasolineraBBDD\\MyGasolineraBackEnd\\node_modules\\express\\lib\\router\\index.js:175:3)",
  "email": "juan@juan.com"
}
[2026-01-31 18:38:01] [ERROR] Error del servidor {
  "service": "my-gasolinera-api",
  "metodo": "POST",
  "url": "/login",
  "status": 500,
  "duracion_ms": 134,
  "usuario_id": "anónimo",
  "ip": "127.0.0.1",
  "respuesta": {
    "status": "error",
    "message": "Error en el servidor: Server requests authentication using unknown plugin auth_gssapi_client. See TODO: add plugins doco here on how to configure or author authentication plugins."
  }
}
[2026-01-31 18:38:01] [ERROR] Error del servidor {
  "service": "my-gasolinera-api",
  "metodo": "POST",
  "url": "/login",
  "status": 500,
  "duracion_ms": 135,
  "usuario_id": "anónimo",
  "ip": "127.0.0.1",
  "respuesta": "{\"status\":\"error\",\"message\":\"Error en el servidor: Server requests authentication using unknown plugin auth_gssapi_client. See TODO: add plugins doco here on how to configure or author authentication plugins.\"}"
}
[2026-01-31 18:38:40] [ERROR] Error en login {
  "service": "my-gasolinera-api",
  "error": "Server requests authentication using unknown plugin auth_gssapi_client. See TODO: add plugins doco here on how to configure or author authentication plugins.",
  "stack": "Error: Server requests authentication using unknown plugin auth_gssapi_client. See TODO: add plugins doco here on how to configure or author authentication plugins.\n    at PromisePool.query (C:\\Users\\Oscar\\OneDrive\\Documentos\\MyGasolineraBBDD\\MyGasolineraBackEnd\\node_modules\\mysql2\\lib\\promise\\pool.js:36:22)\n    at exports.login (C:\\Users\\Oscar\\OneDrive\\Documentos\\MyGasolineraBBDD\\MyGasolineraBackEnd\\controllers\\authController.js:87:35)\n    at Layer.handle [as handle_request] (C:\\Users\\Oscar\\OneDrive\\Documentos\\MyGasolineraBBDD\\MyGasolineraBackEnd\\node_modules\\express\\lib\\router\\layer.js:95:5)\n    at next (C:\\Users\\Oscar\\OneDrive\\Documentos\\MyGasolineraBBDD\\MyGasolineraBackEnd\\node_modules\\express\\lib\\router\\route.js:149:13)\n    at Route.dispatch (C:\\Users\\Oscar\\OneDrive\\Documentos\\MyGasolineraBBDD\\MyGasolineraBackEnd\\node_modules\\express\\lib\\router\\route.js:119:3)\n    at Layer.handle [as handle_request] (C:\\Users\\Oscar\\OneDrive\\Documentos\\MyGasolineraBBDD\\MyGasolineraBackEnd\\node_modules\\express\\lib\\router\\layer.js:95:5)\n    at C:\\Users\\Oscar\\OneDrive\\Documentos\\MyGasolineraBBDD\\MyGasolineraBackEnd\\node_modules\\express\\lib\\router\\index.js:284:15\n    at router.process_params (C:\\Users\\Oscar\\OneDrive\\Documentos\\MyGasolineraBBDD\\MyGasolineraBackEnd\\node_modules\\express\\lib\\router\\index.js:346:12)\n    at next (C:\\Users\\Oscar\\OneDrive\\Documentos\\MyGasolineraBBDD\\MyGasolineraBackEnd\\node_modules\\express\\lib\\router\\index.js:280:10)\n    at router.handle (C:\\Users\\Oscar\\OneDrive\\Documentos\\MyGasolineraBBDD\\MyGasolineraBackEnd\\node_modules\\express\\lib\\router\\index.js:175:3)",
  "email": "juan@juan.com"
}
[2026-01-31 18:38:40] [ERROR] Error del servidor {
  "service": "my-gasolinera-api",
  "metodo": "POST",
  "url": "/login",
  "status": 500,
  "duracion_ms": 4,
  "usuario_id": "anónimo",
  "ip": "127.0.0.1",
  "respuesta": {
    "status": "error",
    "message": "Error en el servidor: Server requests authentication using unknown plugin auth_gssapi_client. See TODO: add plugins doco here on how to configure or author authentication plugins."
  }
}
[2026-01-31 18:38:40] [ERROR] Error del servidor {
  "service": "my-gasolinera-api",
  "metodo": "POST",
  "url": "/login",
  "status": 500,
  "duracion_ms": 4,
  "usuario_id": "anónimo",
  "ip": "127.0.0.1",
  "respuesta": "{\"status\":\"error\",\"message\":\"Error en el servidor: Server requests authentication using unknown plugin auth_gssapi_client. See TODO: add plugins doco here on how to configure or author authentication plugins.\"}"
}
[2026-01-31 18:41:26] [ERROR] Error en login {
  "service": "my-gasolinera-api",
  "error": "Server requests authentication using unknown plugin auth_gssapi_client. See TODO: add plugins doco here on how to configure or author authentication plugins.",
  "stack": "Error: Server requests authentication using unknown plugin auth_gssapi_client. See TODO: add plugins doco here on how to configure or author authentication plugins.\n    at PromisePool.query (C:\\Users\\Oscar\\OneDrive\\Documentos\\MyGasolineraBBDD\\MyGasolineraBackEnd\\node_modules\\mysql2\\lib\\promise\\pool.js:36:22)\n    at exports.login (C:\\Users\\Oscar\\OneDrive\\Documentos\\MyGasolineraBBDD\\MyGasolineraBackEnd\\controllers\\authController.js:87:35)\n    at Layer.handle [as handle_request] (C:\\Users\\Oscar\\OneDrive\\Documentos\\MyGasolineraBBDD\\MyGasolineraBackEnd\\node_modules\\express\\lib\\router\\layer.js:95:5)\n    at next (C:\\Users\\Oscar\\OneDrive\\Documentos\\MyGasolineraBBDD\\MyGasolineraBackEnd\\node_modules\\express\\lib\\router\\route.js:149:13)\n    at Route.dispatch (C:\\Users\\Oscar\\OneDrive\\Documentos\\MyGasolineraBBDD\\MyGasolineraBackEnd\\node_modules\\express\\lib\\router\\route.js:119:3)\n    at Layer.handle [as handle_request] (C:\\Users\\Oscar\\OneDrive\\Documentos\\MyGasolineraBBDD\\MyGasolineraBackEnd\\node_modules\\express\\lib\\router\\layer.js:95:5)\n    at C:\\Users\\Oscar\\OneDrive\\Documentos\\MyGasolineraBBDD\\MyGasolineraBackEnd\\node_modules\\express\\lib\\router\\index.js:284:15\n    at router.process_params (C:\\Users\\Oscar\\OneDrive\\Documentos\\MyGasolineraBBDD\\MyGasolineraBackEnd\\node_modules\\express\\lib\\router\\index.js:346:12)\n    at next (C:\\Users\\Oscar\\OneDrive\\Documentos\\MyGasolineraBBDD\\MyGasolineraBackEnd\\node_modules\\express\\lib\\router\\index.js:280:10)\n    at router.handle (C:\\Users\\Oscar\\OneDrive\\Documentos\\MyGasolineraBBDD\\MyGasolineraBackEnd\\node_modules\\express\\lib\\router\\index.js:175:3)",
  "email": "juan@juan.com"
}
[2026-01-31 18:41:26] [ERROR] Error del servidor {
  "service": "my-gasolinera-api",
  "metodo": "POST",
  "url": "/login",
  "status": 500,
  "duracion_ms": 30,
  "usuario_id": "anónimo",
  "ip": "127.0.0.1",
  "respuesta": {
    "status": "error",
    "message": "Error en el servidor: Server requests authentication using unknown plugin auth_gssapi_client. See TODO: add plugins doco here on how to configure or author authentication plugins."
  }
}
[2026-01-31 18:41:26] [ERROR] Error del servidor {
  "service": "my-gasolinera-api",
  "metodo": "POST",
  "url": "/login",
  "status": 500,
  "duracion_ms": 31,
  "usuario_id": "anónimo",
  "ip": "127.0.0.1",
  "respuesta": "{\"status\":\"error\",\"message\":\"Error en el servidor: Server requests authentication using unknown plugin auth_gssapi_client. See TODO: add plugins doco here on how to configure or author authentication plugins.\"}"
}
[2026-01-31 18:41:48] [ERROR] Error en login {
  "service": "my-gasolinera-api",
  "error": "Server requests authentication using unknown plugin auth_gssapi_client. See TODO: add plugins doco here on how to configure or author authentication plugins.",
  "stack": "Error: Server requests authentication using unknown plugin auth_gssapi_client. See TODO: add plugins doco here on how to configure or author authentication plugins.\n    at PromisePool.query (C:\\Users\\Oscar\\OneDrive\\Documentos\\MyGasolineraBBDD\\MyGasolineraBackEnd\\node_modules\\mysql2\\lib\\promise\\pool.js:36:22)\n    at exports.login (C:\\Users\\Oscar\\OneDrive\\Documentos\\MyGasolineraBBDD\\MyGasolineraBackEnd\\controllers\\authController.js:87:35)\n    at Layer.handle [as handle_request] (C:\\Users\\Oscar\\OneDrive\\Documentos\\MyGasolineraBBDD\\MyGasolineraBackEnd\\node_modules\\express\\lib\\router\\layer.js:95:5)\n    at next (C:\\Users\\Oscar\\OneDrive\\Documentos\\MyGasolineraBBDD\\MyGasolineraBackEnd\\node_modules\\express\\lib\\router\\route.js:149:13)\n    at Route.dispatch (C:\\Users\\Oscar\\OneDrive\\Documentos\\MyGasolineraBBDD\\MyGasolineraBackEnd\\node_modules\\express\\lib\\router\\route.js:119:3)\n    at Layer.handle [as handle_request] (C:\\Users\\Oscar\\OneDrive\\Documentos\\MyGasolineraBBDD\\MyGasolineraBackEnd\\node_modules\\express\\lib\\router\\layer.js:95:5)\n    at C:\\Users\\Oscar\\OneDrive\\Documentos\\MyGasolineraBBDD\\MyGasolineraBackEnd\\node_modules\\express\\lib\\router\\index.js:284:15\n    at router.process_params (C:\\Users\\Oscar\\OneDrive\\Documentos\\MyGasolineraBBDD\\MyGasolineraBackEnd\\node_modules\\express\\lib\\router\\index.js:346:12)\n    at next (C:\\Users\\Oscar\\OneDrive\\Documentos\\MyGasolineraBBDD\\MyGasolineraBackEnd\\node_modules\\express\\lib\\router\\index.js:280:10)\n    at router.handle (C:\\Users\\Oscar\\OneDrive\\Documentos\\MyGasolineraBBDD\\MyGasolineraBackEnd\\node_modules\\express\\lib\\router\\index.js:175:3)",
  "email": "juan@juan.com"
}
[2026-01-31 18:41:48] [ERROR] Error del servidor {
  "service": "my-gasolinera-api",
  "metodo": "POST",
  "url": "/login",
  "status": 500,
  "duracion_ms": 4,
  "usuario_id": "anónimo",
  "ip": "127.0.0.1",
  "respuesta": {
    "status": "error",
    "message": "Error en el servidor: Server requests authentication using unknown plugin auth_gssapi_client. See TODO: add plugins doco here on how to configure or author authentication plugins."
  }
}
[2026-01-31 18:41:48] [ERROR] Error del servidor {
  "service": "my-gasolinera-api",
  "metodo": "POST",
  "url": "/login",
  "status": 500,
  "duracion_ms": 5,
  "usuario_id": "anónimo",
  "ip": "127.0.0.1",
  "respuesta": "{\"status\":\"error\",\"message\":\"Error en el servidor: Server requests authentication using unknown plugin auth_gssapi_client. See TODO: add plugins doco here on how to configure or author authentication plugins.\"}"
}
[2026-01-31 18:47:45] [ERROR] Error en login {
  "service": "my-gasolinera-api",
  "error": "secretOrPrivateKey must have a value",
  "stack": "Error: secretOrPrivateKey must have a value\n    at module.exports [as sign] (C:\\Users\\Oscar\\OneDrive\\Documentos\\MyGasolineraBBDD\\MyGasolineraBackEnd\\node_modules\\jsonwebtoken\\sign.js:111:20)\n    at exports.login (C:\\Users\\Oscar\\OneDrive\\Documentos\\MyGasolineraBBDD\\MyGasolineraBackEnd\\controllers\\authController.js:111:27)",
  "email": "juan@juan.com"
}
[2026-01-31 18:47:45] [ERROR] Error del servidor {
  "service": "my-gasolinera-api",
  "metodo": "POST",
  "url": "/login",
  "status": 500,
  "duracion_ms": 96,
  "usuario_id": "anónimo",
  "ip": "127.0.0.1",
  "respuesta": {
    "status": "error",
    "message": "Error en el servidor: secretOrPrivateKey must have a value"
  }
}
[2026-01-31 18:47:45] [ERROR] Error del servidor {
  "service": "my-gasolinera-api",
  "metodo": "POST",
  "url": "/login",
  "status": 500,
  "duracion_ms": 96,
  "usuario_id": "anónimo",
  "ip": "127.0.0.1",
  "respuesta": "{\"status\":\"error\",\"message\":\"Error en el servidor: secretOrPrivateKey must have a value\"}"
}
[2026-02-14 14:17:20] [ERROR] Error obteniendo gasolineras: {
  "service": "my-gasolinera-api",
  "error": "Unknown column 'id_provincia' in 'SELECT'",
  "stack": "Error: Unknown column 'id_provincia' in 'SELECT'\n    at PromisePool.execute (C:\\Users\\Oscar\\OneDrive\\Documentos\\MyGasolineraBBDD\\MyGasolineraBackEnd\\node_modules\\mysql2\\lib\\promise\\pool.js:54:22)\n    at exports.getGasolineras (C:\\Users\\Oscar\\OneDrive\\Documentos\\MyGasolineraBBDD\\MyGasolineraBackEnd\\controllers\\gasolinerasController.js:64:35)\n    at Layer.handle [as handle_request] (C:\\Users\\Oscar\\OneDrive\\Documentos\\MyGasolineraBBDD\\MyGasolineraBackEnd\\node_modules\\express\\lib\\router\\layer.js:95:5)\n    at next (C:\\Users\\Oscar\\OneDrive\\Documentos\\MyGasolineraBBDD\\MyGasolineraBackEnd\\node_modules\\express\\lib\\router\\route.js:149:13)\n    at Route.dispatch (C:\\Users\\Oscar\\OneDrive\\Documentos\\MyGasolineraBBDD\\MyGasolineraBackEnd\\node_modules\\express\\lib\\router\\route.js:119:3)\n    at Layer.handle [as handle_request] (C:\\Users\\Oscar\\OneDrive\\Documentos\\MyGasolineraBBDD\\MyGasolineraBackEnd\\node_modules\\express\\lib\\router\\layer.js:95:5)\n    at C:\\Users\\Oscar\\OneDrive\\Documentos\\MyGasolineraBBDD\\MyGasolineraBackEnd\\node_modules\\express\\lib\\router\\index.js:284:15\n    at router.process_params (C:\\Users\\Oscar\\OneDrive\\Documentos\\MyGasolineraBBDD\\MyGasolineraBackEnd\\node_modules\\express\\lib\\router\\index.js:346:12)\n    at next (C:\\Users\\Oscar\\OneDrive\\Documentos\\MyGasolineraBBDD\\MyGasolineraBackEnd\\node_modules\\express\\lib\\router\\index.js:280:10)\n    at router.handle (C:\\Users\\Oscar\\OneDrive\\Documentos\\MyGasolineraBBDD\\MyGasolineraBackEnd\\node_modules\\express\\lib\\router\\index.js:175:3)"
}
[2026-02-14 14:17:20] [ERROR] Error del servidor {
  "service": "my-gasolinera-api",
  "metodo": "GET",
  "url": "/api/gasolineras?id_provincia=46",
  "status": 500,
  "duracion_ms": 7,
  "usuario_id": "anónimo",
  "ip": "127.0.0.1",
  "respuesta": {
    "success": false,
    "message": "Error interno del servidor"
  }
}
[2026-02-14 14:17:20] [ERROR] Error del servidor {
  "service": "my-gasolinera-api",
  "metodo": "GET",
  "url": "/api/gasolineras?id_provincia=46",
  "status": 500,
  "duracion_ms": 8,
  "usuario_id": "anónimo",
  "ip": "127.0.0.1",
  "respuesta": "{\"success\":false,\"message\":\"Error interno del servidor\"}"
}
[2026-02-14 14:17:20] [ERROR] Error obteniendo gasolineras: {
  "service": "my-gasolinera-api",
  "error": "Unknown column 'id_provincia' in 'SELECT'",
  "stack": "Error: Unknown column 'id_provincia' in 'SELECT'\n    at PromisePool.execute (C:\\Users\\Oscar\\OneDrive\\Documentos\\MyGasolineraBBDD\\MyGasolineraBackEnd\\node_modules\\mysql2\\lib\\promise\\pool.js:54:22)\n    at exports.getGasolineras (C:\\Users\\Oscar\\OneDrive\\Documentos\\MyGasolineraBBDD\\MyGasolineraBackEnd\\controllers\\gasolinerasController.js:64:35)\n    at Layer.handle [as handle_request] (C:\\Users\\Oscar\\OneDrive\\Documentos\\MyGasolineraBBDD\\MyGasolineraBackEnd\\node_modules\\express\\lib\\router\\layer.js:95:5)\n    at next (C:\\Users\\Oscar\\OneDrive\\Documentos\\MyGasolineraBBDD\\MyGasolineraBackEnd\\node_modules\\express\\lib\\router\\route.js:149:13)\n    at Route.dispatch (C:\\Users\\Oscar\\OneDrive\\Documentos\\MyGasolineraBBDD\\MyGasolineraBackEnd\\node_modules\\express\\lib\\router\\route.js:119:3)\n    at Layer.handle [as handle_request] (C:\\Users\\Oscar\\OneDrive\\Documentos\\MyGasolineraBBDD\\MyGasolineraBackEnd\\node_modules\\express\\lib\\router\\layer.js:95:5)\n    at C:\\Users\\Oscar\\OneDrive\\Documentos\\MyGasolineraBBDD\\MyGasolineraBackEnd\\node_modules\\express\\lib\\router\\index.js:284:15\n    at router.process_params (C:\\Users\\Oscar\\OneDrive\\Documentos\\MyGasolineraBBDD\\MyGasolineraBackEnd\\node_modules\\express\\lib\\router\\index.js:346:12)\n    at next (C:\\Users\\Oscar\\OneDrive\\Documentos\\MyGasolineraBBDD\\MyGasolineraBackEnd\\node_modules\\express\\lib\\router\\index.js:280:10)\n    at router.handle (C:\\Users\\Oscar\\OneDrive\\Documentos\\MyGasolineraBBDD\\MyGasolineraBackEnd\\node_modules\\express\\lib\\router\\index.js:175:3)"
}
[2026-02-14 14:17:20] [ERROR] Error del servidor {
  "service": "my-gasolinera-api",
  "metodo": "GET",
  "url": "/api/gasolineras?id_provincia=12",
  "status": 500,
  "duracion_ms": 1,
  "usuario_id": "anónimo",
  "ip": "127.0.0.1",
  "respuesta": {
    "success": false,
    "message": "Error interno del servidor"
  }
}
[2026-02-14 14:17:20] [ERROR] Error del servidor {
  "service": "my-gasolinera-api",
  "metodo": "GET",
  "url": "/api/gasolineras?id_provincia=12",
  "status": 500,
  "duracion_ms": 2,
  "usuario_id": "anónimo",
  "ip": "127.0.0.1",
  "respuesta": "{\"success\":false,\"message\":\"Error interno del servidor\"}"
}
[2026-02-14 14:17:20] [ERROR] Error obteniendo gasolineras: {
  "service": "my-gasolinera-api",
  "error": "Unknown column 'id_provincia' in 'SELECT'",
  "stack": "Error: Unknown column 'id_provincia' in 'SELECT'\n    at PromisePool.execute (C:\\Users\\Oscar\\OneDrive\\Documentos\\MyGasolineraBBDD\\MyGasolineraBackEnd\\node_modules\\mysql2\\lib\\promise\\pool.js:54:22)\n    at exports.getGasolineras (C:\\Users\\Oscar\\OneDrive\\Documentos\\MyGasolineraBBDD\\MyGasolineraBackEnd\\controllers\\gasolinerasController.js:64:35)\n    at Layer.handle [as handle_request] (C:\\Users\\Oscar\\OneDrive\\Documentos\\MyGasolineraBBDD\\MyGasolineraBackEnd\\node_modules\\express\\lib\\router\\layer.js:95:5)\n    at next (C:\\Users\\Oscar\\OneDrive\\Documentos\\MyGasolineraBBDD\\MyGasolineraBackEnd\\node_modules\\express\\lib\\router\\route.js:149:13)\n    at Route.dispatch (C:\\Users\\Oscar\\OneDrive\\Documentos\\MyGasolineraBBDD\\MyGasolineraBackEnd\\node_modules\\express\\lib\\router\\route.js:119:3)\n    at Layer.handle [as handle_request] (C:\\Users\\Oscar\\OneDrive\\Documentos\\MyGasolineraBBDD\\MyGasolineraBackEnd\\node_modules\\express\\lib\\router\\layer.js:95:5)\n    at C:\\Users\\Oscar\\OneDrive\\Documentos\\MyGasolineraBBDD\\MyGasolineraBackEnd\\node_modules\\express\\lib\\router\\index.js:284:15\n    at router.process_params (C:\\Users\\Oscar\\OneDrive\\Documentos\\MyGasolineraBBDD\\MyGasolineraBackEnd\\node_modules\\express\\lib\\router\\index.js:346:12)\n    at next (C:\\Users\\Oscar\\OneDrive\\Documentos\\MyGasolineraBBDD\\MyGasolineraBackEnd\\node_modules\\express\\lib\\router\\index.js:280:10)\n    at router.handle (C:\\Users\\Oscar\\OneDrive\\Documentos\\MyGasolineraBBDD\\MyGasolineraBackEnd\\node_modules\\express\\lib\\router\\index.js:175:3)"
}
[2026-02-14 14:17:20] [ERROR] Error del servidor {
  "service": "my-gasolinera-api",
  "metodo": "GET",
  "url": "/api/gasolineras?id_provincia=44",
  "status": 500,
  "duracion_ms": 2,
  "usuario_id": "anónimo",
  "ip": "127.0.0.1",
  "respuesta": {
    "success": false,
    "message": "Error interno del servidor"
  }
}
[2026-02-14 14:17:20] [ERROR] Error del servidor {
  "service": "my-gasolinera-api",
  "metodo": "GET",
  "url": "/api/gasolineras?id_provincia=44",
  "status": 500,
  "duracion_ms": 2,
  "usuario_id": "anónimo",
  "ip": "127.0.0.1",
  "respuesta": "{\"success\":false,\"message\":\"Error interno del servidor\"}"
}
[2026-02-14 14:17:20] [ERROR] Error obteniendo gasolineras: {
  "service": "my-gasolinera-api",
  "error": "Unknown column 'id_provincia' in 'SELECT'",
  "stack": "Error: Unknown column 'id_provincia' in 'SELECT'\n    at PromisePool.execute (C:\\Users\\Oscar\\OneDrive\\Documentos\\MyGasolineraBBDD\\MyGasolineraBackEnd\\node_modules\\mysql2\\lib\\promise\\pool.js:54:22)\n    at exports.getGasolineras (C:\\Users\\Oscar\\OneDrive\\Documentos\\MyGasolineraBBDD\\MyGasolineraBackEnd\\controllers\\gasolinerasController.js:64:35)\n    at Layer.handle [as handle_request] (C:\\Users\\Oscar\\OneDrive\\Documentos\\MyGasolineraBBDD\\MyGasolineraBackEnd\\node_modules\\express\\lib\\router\\layer.js:95:5)\n    at next (C:\\Users\\Oscar\\OneDrive\\Documentos\\MyGasolineraBBDD\\MyGasolineraBackEnd\\node_modules\\express\\lib\\router\\route.js:149:13)\n    at Route.dispatch (C:\\Users\\Oscar\\OneDrive\\Documentos\\MyGasolineraBBDD\\MyGasolineraBackEnd\\node_modules\\express\\lib\\router\\route.js:119:3)\n    at Layer.handle [as handle_request] (C:\\Users\\Oscar\\OneDrive\\Documentos\\MyGasolineraBBDD\\MyGasolineraBackEnd\\node_modules\\express\\lib\\router\\layer.js:95:5)\n    at C:\\Users\\Oscar\\OneDrive\\Documentos\\MyGasolineraBBDD\\MyGasolineraBackEnd\\node_modules\\express\\lib\\router\\index.js:284:15\n    at router.process_params (C:\\Users\\Oscar\\OneDrive\\Documentos\\MyGasolineraBBDD\\MyGasolineraBackEnd\\node_modules\\express\\lib\\router\\index.js:346:12)\n    at next (C:\\Users\\Oscar\\OneDrive\\Documentos\\MyGasolineraBBDD\\MyGasolineraBackEnd\\node_modules\\express\\lib\\router\\index.js:280:10)\n    at router.handle (C:\\Users\\Oscar\\OneDrive\\Documentos\\MyGasolineraBBDD\\MyGasolineraBackEnd\\node_modules\\express\\lib\\router\\index.js:175:3)"
}
[2026-02-14 14:17:20] [ERROR] Error del servidor {
  "service": "my-gasolinera-api",
  "metodo": "GET",
  "url": "/api/gasolineras?id_provincia=16",
  "status": 500,
  "duracion_ms": 2,
  "usuario_id": "anónimo",
  "ip": "127.0.0.1",
  "respuesta": {
    "success": false,
    "message": "Error interno del servidor"
  }
}
[2026-02-14 14:17:20] [ERROR] Error del servidor {
  "service": "my-gasolinera-api",
  "metodo": "GET",
  "url": "/api/gasolineras?id_provincia=16",
  "status": 500,
  "duracion_ms": 3,
  "usuario_id": "anónimo",
  "ip": "127.0.0.1",
  "respuesta": "{\"success\":false,\"message\":\"Error interno del servidor\"}"
}
[2026-02-14 14:17:20] [ERROR] Error obteniendo gasolineras: {
  "service": "my-gasolinera-api",
  "error": "Unknown column 'id_provincia' in 'SELECT'",
  "stack": "Error: Unknown column 'id_provincia' in 'SELECT'\n    at PromisePool.execute (C:\\Users\\Oscar\\OneDrive\\Documentos\\MyGasolineraBBDD\\MyGasolineraBackEnd\\node_modules\\mysql2\\lib\\promise\\pool.js:54:22)\n    at exports.getGasolineras (C:\\Users\\Oscar\\OneDrive\\Documentos\\MyGasolineraBBDD\\MyGasolineraBackEnd\\controllers\\gasolinerasController.js:64:35)\n    at Layer.handle [as handle_request] (C:\\Users\\Oscar\\OneDrive\\Documentos\\MyGasolineraBBDD\\MyGasolineraBackEnd\\node_modules\\express\\lib\\router\\layer.js:95:5)\n    at next (C:\\Users\\Oscar\\OneDrive\\Documentos\\MyGasolineraBBDD\\MyGasolineraBackEnd\\node_modules\\express\\lib\\router\\route.js:149:13)\n    at Route.dispatch (C:\\Users\\Oscar\\OneDrive\\Documentos\\MyGasolineraBBDD\\MyGasolineraBackEnd\\node_modules\\express\\lib\\router\\route.js:119:3)\n    at Layer.handle [as handle_request] (C:\\Users\\Oscar\\OneDrive\\Documentos\\MyGasolineraBBDD\\MyGasolineraBackEnd\\node_modules\\express\\lib\\router\\layer.js:95:5)\n    at C:\\Users\\Oscar\\OneDrive\\Documentos\\MyGasolineraBBDD\\MyGasolineraBackEnd\\node_modules\\express\\lib\\router\\index.js:284:15\n    at router.process_params (C:\\Users\\Oscar\\OneDrive\\Documentos\\MyGasolineraBBDD\\MyGasolineraBackEnd\\node_modules\\express\\lib\\router\\index.js:346:12)\n    at next (C:\\Users\\Oscar\\OneDrive\\Documentos\\MyGasolineraBBDD\\MyGasolineraBackEnd\\node_modules\\express\\lib\\router\\index.js:280:10)\n    at router.handle (C:\\Users\\Oscar\\OneDrive\\Documentos\\MyGasolineraBBDD\\MyGasolineraBackEnd\\node_modules\\express\\lib\\router\\index.js:175:3)"
}
[2026-02-14 14:17:20] [ERROR] Error del servidor {
  "service": "my-gasolinera-api",
  "metodo": "GET",
  "url": "/api/gasolineras?id_provincia=03",
  "status": 500,
  "duracion_ms": 3,
  "usuario_id": "anónimo",
  "ip": "127.0.0.1",
  "respuesta": {
    "success": false,
    "message": "Error interno del servidor"
  }
}
[2026-02-14 14:17:20] [ERROR] Error del servidor {
  "service": "my-gasolinera-api",
  "metodo": "GET",
  "url": "/api/gasolineras?id_provincia=03",
  "status": 500,
  "duracion_ms": 3,
  "usuario_id": "anónimo",
  "ip": "127.0.0.1",
  "respuesta": "{\"success\":false,\"message\":\"Error interno del servidor\"}"
}
[2026-02-14 14:17:21] [ERROR] Error obteniendo gasolineras: {
  "service": "my-gasolinera-api",
  "error": "Unknown column 'id_provincia' in 'SELECT'",
  "stack": "Error: Unknown column 'id_provincia' in 'SELECT'\n    at PromisePool.execute (C:\\Users\\Oscar\\OneDrive\\Documentos\\MyGasolineraBBDD\\MyGasolineraBackEnd\\node_modules\\mysql2\\lib\\promise\\pool.js:54:22)\n    at exports.getGasolineras (C:\\Users\\Oscar\\OneDrive\\Documentos\\MyGasolineraBBDD\\MyGasolineraBackEnd\\controllers\\gasolinerasController.js:64:35)\n    at Layer.handle [as handle_request] (C:\\Users\\Oscar\\OneDrive\\Documentos\\MyGasolineraBBDD\\MyGasolineraBackEnd\\node_modules\\express\\lib\\router\\layer.js:95:5)\n    at next (C:\\Users\\Oscar\\OneDrive\\Documentos\\MyGasolineraBBDD\\MyGasolineraBackEnd\\node_modules\\express\\lib\\router\\route.js:149:13)\n    at Route.dispatch (C:\\Users\\Oscar\\OneDrive\\Documentos\\MyGasolineraBBDD\\MyGasolineraBackEnd\\node_modules\\express\\lib\\router\\route.js:119:3)\n    at Layer.handle [as handle_request] (C:\\Users\\Oscar\\OneDrive\\Documentos\\MyGasolineraBBDD\\MyGasolineraBackEnd\\node_modules\\express\\lib\\router\\layer.js:95:5)\n    at C:\\Users\\Oscar\\OneDrive\\Documentos\\MyGasolineraBBDD\\MyGasolineraBackEnd\\node_modules\\express\\lib\\router\\index.js:284:15\n    at router.process_params (C:\\Users\\Oscar\\OneDrive\\Documentos\\MyGasolineraBBDD\\MyGasolineraBackEnd\\node_modules\\express\\lib\\router\\index.js:346:12)\n    at next (C:\\Users\\Oscar\\OneDrive\\Documentos\\MyGasolineraBBDD\\MyGasolineraBackEnd\\node_modules\\express\\lib\\router\\index.js:280:10)\n    at router.handle (C:\\Users\\Oscar\\OneDrive\\Documentos\\MyGasolineraBBDD\\MyGasolineraBackEnd\\node_modules\\express\\lib\\router\\index.js:175:3)"
}
[2026-02-14 14:17:21] [ERROR] Error del servidor {
  "service": "my-gasolinera-api",
  "metodo": "GET",
  "url": "/api/gasolineras?id_provincia=46",
  "status": 500,
  "duracion_ms": 1,
  "usuario_id": "anónimo",
  "ip": "127.0.0.1",
  "respuesta": {
    "success": false,
    "message": "Error interno del servidor"
  }
}
[2026-02-14 14:17:21] [ERROR] Error del servidor {
  "service": "my-gasolinera-api",
  "metodo": "GET",
  "url": "/api/gasolineras?id_provincia=46",
  "status": 500,
  "duracion_ms": 1,
  "usuario_id": "anónimo",
  "ip": "127.0.0.1",
  "respuesta": "{\"success\":false,\"message\":\"Error interno del servidor\"}"
}
[2026-02-14 14:17:21] [ERROR] Error obteniendo gasolineras: {
  "service": "my-gasolinera-api",
  "error": "Unknown column 'id_provincia' in 'SELECT'",
  "stack": "Error: Unknown column 'id_provincia' in 'SELECT'\n    at PromisePool.execute (C:\\Users\\Oscar\\OneDrive\\Documentos\\MyGasolineraBBDD\\MyGasolineraBackEnd\\node_modules\\mysql2\\lib\\promise\\pool.js:54:22)\n    at exports.getGasolineras (C:\\Users\\Oscar\\OneDrive\\Documentos\\MyGasolineraBBDD\\MyGasolineraBackEnd\\controllers\\gasolinerasController.js:64:35)\n    at Layer.handle [as handle_request] (C:\\Users\\Oscar\\OneDrive\\Documentos\\MyGasolineraBBDD\\MyGasolineraBackEnd\\node_modules\\express\\lib\\router\\layer.js:95:5)\n    at next (C:\\Users\\Oscar\\OneDrive\\Documentos\\MyGasolineraBBDD\\MyGasolineraBackEnd\\node_modules\\express\\lib\\router\\route.js:149:13)\n    at Route.dispatch (C:\\Users\\Oscar\\OneDrive\\Documentos\\MyGasolineraBBDD\\MyGasolineraBackEnd\\node_modules\\express\\lib\\router\\route.js:119:3)\n    at Layer.handle [as handle_request] (C:\\Users\\Oscar\\OneDrive\\Documentos\\MyGasolineraBBDD\\MyGasolineraBackEnd\\node_modules\\express\\lib\\router\\layer.js:95:5)\n    at C:\\Users\\Oscar\\OneDrive\\Documentos\\MyGasolineraBBDD\\MyGasolineraBackEnd\\node_modules\\express\\lib\\router\\index.js:284:15\n    at router.process_params (C:\\Users\\Oscar\\OneDrive\\Documentos\\MyGasolineraBBDD\\MyGasolineraBackEnd\\node_modules\\express\\lib\\router\\index.js:346:12)\n    at next (C:\\Users\\Oscar\\OneDrive\\Documentos\\MyGasolineraBBDD\\MyGasolineraBackEnd\\node_modules\\express\\lib\\router\\index.js:280:10)\n    at router.handle (C:\\Users\\Oscar\\OneDrive\\Documentos\\MyGasolineraBBDD\\MyGasolineraBackEnd\\node_modules\\express\\lib\\router\\index.js:175:3)"
}
[2026-02-14 14:17:21] [ERROR] Error del servidor {
  "service": "my-gasolinera-api",
  "metodo": "GET",
  "url": "/api/gasolineras?id_provincia=12",
  "status": 500,
  "duracion_ms": 2,
  "usuario_id": "anónimo",
  "ip": "127.0.0.1",
  "respuesta": {
    "success": false,
    "message": "Error interno del servidor"
  }
}
[2026-02-14 14:17:21] [ERROR] Error del servidor {
  "service": "my-gasolinera-api",
  "metodo": "GET",
  "url": "/api/gasolineras?id_provincia=12",
  "status": 500,
  "duracion_ms": 2,
  "usuario_id": "anónimo",
  "ip": "127.0.0.1",
  "respuesta": "{\"success\":false,\"message\":\"Error interno del servidor\"}"
}
[2026-02-14 14:17:21] [ERROR] Error obteniendo gasolineras: {
  "service": "my-gasolinera-api",
  "error": "Unknown column 'id_provincia' in 'SELECT'",
  "stack": "Error: Unknown column 'id_provincia' in 'SELECT'\n    at PromisePool.execute (C:\\Users\\Oscar\\OneDrive\\Documentos\\MyGasolineraBBDD\\MyGasolineraBackEnd\\node_modules\\mysql2\\lib\\promise\\pool.js:54:22)\n    at exports.getGasolineras (C:\\Users\\Oscar\\OneDrive\\Documentos\\MyGasolineraBBDD\\MyGasolineraBackEnd\\controllers\\gasolinerasController.js:64:35)\n    at Layer.handle [as handle_request] (C:\\Users\\Oscar\\OneDrive\\Documentos\\MyGasolineraBBDD\\MyGasolineraBackEnd\\node_modules\\express\\lib\\router\\layer.js:95:5)\n    at next (C:\\Users\\Oscar\\OneDrive\\Documentos\\MyGasolineraBBDD\\MyGasolineraBackEnd\\node_modules\\express\\lib\\router\\route.js:149:13)\n    at Route.dispatch (C:\\Users\\Oscar\\OneDrive\\Documentos\\MyGasolineraBBDD\\MyGasolineraBackEnd\\node_modules\\express\\lib\\router\\route.js:119:3)\n    at Layer.handle [as handle_request] (C:\\Users\\Oscar\\OneDrive\\Documentos\\MyGasolineraBBDD\\MyGasolineraBackEnd\\node_modules\\express\\lib\\router\\layer.js:95:5)\n    at C:\\Users\\Oscar\\OneDrive\\Documentos\\MyGasolineraBBDD\\MyGasolineraBackEnd\\node_modules\\express\\lib\\router\\index.js:284:15\n    at router.process_params (C:\\Users\\Oscar\\OneDrive\\Documentos\\MyGasolineraBBDD\\MyGasolineraBackEnd\\node_modules\\express\\lib\\router\\index.js:346:12)\n    at next (C:\\Users\\Oscar\\OneDrive\\Documentos\\MyGasolineraBBDD\\MyGasolineraBackEnd\\node_modules\\express\\lib\\router\\index.js:280:10)\n    at router.handle (C:\\Users\\Oscar\\OneDrive\\Documentos\\MyGasolineraBBDD\\MyGasolineraBackEnd\\node_modules\\express\\lib\\router\\index.js:175:3)"
}
[2026-02-14 14:17:21] [ERROR] Error del servidor {
  "service": "my-gasolinera-api",
  "metodo": "GET",
  "url": "/api/gasolineras?id_provincia=44",
  "status": 500,
  "duracion_ms": 2,
  "usuario_id": "anónimo",
  "ip": "127.0.0.1",
  "respuesta": {
    "success": false,
    "message": "Error interno del servidor"
  }
}
[2026-02-14 14:17:21] [ERROR] Error del servidor {
  "service": "my-gasolinera-api",
  "metodo": "GET",
  "url": "/api/gasolineras?id_provincia=44",
  "status": 500,
  "duracion_ms": 2,
  "usuario_id": "anónimo",
  "ip": "127.0.0.1",
  "respuesta": "{\"success\":false,\"message\":\"Error interno del servidor\"}"
}
[2026-02-14 14:17:21] [ERROR] Error obteniendo gasolineras: {
  "service": "my-gasolinera-api",
  "error": "Unknown column 'id_provincia' in 'SELECT'",
  "stack": "Error: Unknown column 'id_provincia' in 'SELECT'\n    at PromisePool.execute (C:\\Users\\Oscar\\OneDrive\\Documentos\\MyGasolineraBBDD\\MyGasolineraBackEnd\\node_modules\\mysql2\\lib\\promise\\pool.js:54:22)\n    at exports.getGasolineras (C:\\Users\\Oscar\\OneDrive\\Documentos\\MyGasolineraBBDD\\MyGasolineraBackEnd\\controllers\\gasolinerasController.js:64:35)\n    at Layer.handle [as handle_request] (C:\\Users\\Oscar\\OneDrive\\Documentos\\MyGasolineraBBDD\\MyGasolineraBackEnd\\node_modules\\express\\lib\\router\\layer.js:95:5)\n    at next (C:\\Users\\Oscar\\OneDrive\\Documentos\\MyGasolineraBBDD\\MyGasolineraBackEnd\\node_modules\\express\\lib\\router\\route.js:149:13)\n    at Route.dispatch (C:\\Users\\Oscar\\OneDrive\\Documentos\\MyGasolineraBBDD\\MyGasolineraBackEnd\\node_modules\\express\\lib\\router\\route.js:119:3)\n    at Layer.handle [as handle_request] (C:\\Users\\Oscar\\OneDrive\\Documentos\\MyGasolineraBBDD\\MyGasolineraBackEnd\\node_modules\\express\\lib\\router\\layer.js:95:5)\n    at C:\\Users\\Oscar\\OneDrive\\Documentos\\MyGasolineraBBDD\\MyGasolineraBackEnd\\node_modules\\express\\lib\\router\\index.js:284:15\n    at router.process_params (C:\\Users\\Oscar\\OneDrive\\Documentos\\MyGasolineraBBDD\\MyGasolineraBackEnd\\node_modules\\express\\lib\\router\\index.js:346:12)\n    at next (C:\\Users\\Oscar\\OneDrive\\Documentos\\MyGasolineraBBDD\\MyGasolineraBackEnd\\node_modules\\express\\lib\\router\\index.js:280:10)\n    at router.handle (C:\\Users\\Oscar\\OneDrive\\Documentos\\MyGasolineraBBDD\\MyGasolineraBackEnd\\node_modules\\express\\lib\\router\\index.js:175:3)"
}
[2026-02-14 14:17:21] [ERROR] Error del servidor {
  "service": "my-gasolinera-api",
  "metodo": "GET",
  "url": "/api/gasolineras?id_provincia=16",
  "status": 500,
  "duracion_ms": 2,
  "usuario_id": "anónimo",
  "ip": "127.0.0.1",
  "respuesta": {
    "success": false,
    "message": "Error interno del servidor"
  }
}
[2026-02-14 14:17:21] [ERROR] Error del servidor {
  "service": "my-gasolinera-api",
  "metodo": "GET",
  "url": "/api/gasolineras?id_provincia=16",
  "status": 500,
  "duracion_ms": 3,
  "usuario_id": "anónimo",
  "ip": "127.0.0.1",
  "respuesta": "{\"success\":false,\"message\":\"Error interno del servidor\"}"
}
[2026-02-14 14:17:21] [ERROR] Error obteniendo gasolineras: {
  "service": "my-gasolinera-api",
  "error": "Unknown column 'id_provincia' in 'SELECT'",
  "stack": "Error: Unknown column 'id_provincia' in 'SELECT'\n    at PromisePool.execute (C:\\Users\\Oscar\\OneDrive\\Documentos\\MyGasolineraBBDD\\MyGasolineraBackEnd\\node_modules\\mysql2\\lib\\promise\\pool.js:54:22)\n    at exports.getGasolineras (C:\\Users\\Oscar\\OneDrive\\Documentos\\MyGasolineraBBDD\\MyGasolineraBackEnd\\controllers\\gasolinerasController.js:64:35)\n    at Layer.handle [as handle_request] (C:\\Users\\Oscar\\OneDrive\\Documentos\\MyGasolineraBBDD\\MyGasolineraBackEnd\\node_modules\\express\\lib\\router\\layer.js:95:5)\n    at next (C:\\Users\\Oscar\\OneDrive\\Documentos\\MyGasolineraBBDD\\MyGasolineraBackEnd\\node_modules\\express\\lib\\router\\route.js:149:13)\n    at Route.dispatch (C:\\Users\\Oscar\\OneDrive\\Documentos\\MyGasolineraBBDD\\MyGasolineraBackEnd\\node_modules\\express\\lib\\router\\route.js:119:3)\n    at Layer.handle [as handle_request] (C:\\Users\\Oscar\\OneDrive\\Documentos\\MyGasolineraBBDD\\MyGasolineraBackEnd\\node_modules\\express\\lib\\router\\layer.js:95:5)\n    at C:\\Users\\Oscar\\OneDrive\\Documentos\\MyGasolineraBBDD\\MyGasolineraBackEnd\\node_modules\\express\\lib\\router\\index.js:284:15\n    at router.process_params (C:\\Users\\Oscar\\OneDrive\\Documentos\\MyGasolineraBBDD\\MyGasolineraBackEnd\\node_modules\\express\\lib\\router\\index.js:346:12)\n    at next (C:\\Users\\Oscar\\OneDrive\\Documentos\\MyGasolineraBBDD\\MyGasolineraBackEnd\\node_modules\\express\\lib\\router\\index.js:280:10)\n    at router.handle (C:\\Users\\Oscar\\OneDrive\\Documentos\\MyGasolineraBBDD\\MyGasolineraBackEnd\\node_modules\\express\\lib\\router\\index.js:175:3)"
}
[2026-02-14 14:17:21] [ERROR] Error del servidor {
  "service": "my-gasolinera-api",
  "metodo": "GET",
  "url": "/api/gasolineras?id_provincia=03",
  "status": 500,
  "duracion_ms": 2,
  "usuario_id": "anónimo",
  "ip": "127.0.0.1",
  "respuesta": {
    "success": false,
    "message": "Error interno del servidor"
  }
}
[2026-02-14 14:17:21] [ERROR] Error del servidor {
  "service": "my-gasolinera-api",
  "metodo": "GET",
  "url": "/api/gasolineras?id_provincia=03",
  "status": 500,
  "duracion_ms": 3,
  "usuario_id": "anónimo",
  "ip": "127.0.0.1",
  "respuesta": "{\"success\":false,\"message\":\"Error interno del servidor\"}"
}
[2026-02-14 14:17:24] [ERROR] Error obteniendo gasolineras: {
  "service": "my-gasolinera-api",
  "error": "Unknown column 'id_provincia' in 'SELECT'",
  "stack": "Error: Unknown column 'id_provincia' in 'SELECT'\n    at PromisePool.execute (C:\\Users\\Oscar\\OneDrive\\Documentos\\MyGasolineraBBDD\\MyGasolineraBackEnd\\node_modules\\mysql2\\lib\\promise\\pool.js:54:22)\n    at exports.getGasolineras (C:\\Users\\Oscar\\OneDrive\\Documentos\\MyGasolineraBBDD\\MyGasolineraBackEnd\\controllers\\gasolinerasController.js:64:35)\n    at Layer.handle [as handle_request] (C:\\Users\\Oscar\\OneDrive\\Documentos\\MyGasolineraBBDD\\MyGasolineraBackEnd\\node_modules\\express\\lib\\router\\layer.js:95:5)\n    at next (C:\\Users\\Oscar\\OneDrive\\Documentos\\MyGasolineraBBDD\\MyGasolineraBackEnd\\node_modules\\express\\lib\\router\\route.js:149:13)\n    at Route.dispatch (C:\\Users\\Oscar\\OneDrive\\Documentos\\MyGasolineraBBDD\\MyGasolineraBackEnd\\node_modules\\express\\lib\\router\\route.js:119:3)\n    at Layer.handle [as handle_request] (C:\\Users\\Oscar\\OneDrive\\Documentos\\MyGasolineraBBDD\\MyGasolineraBackEnd\\node_modules\\express\\lib\\router\\layer.js:95:5)\n    at C:\\Users\\Oscar\\OneDrive\\Documentos\\MyGasolineraBBDD\\MyGasolineraBackEnd\\node_modules\\express\\lib\\router\\index.js:284:15\n    at router.process_params (C:\\Users\\Oscar\\OneDrive\\Documentos\\MyGasolineraBBDD\\MyGasolineraBackEnd\\node_modules\\express\\lib\\router\\index.js:346:12)\n    at next (C:\\Users\\Oscar\\OneDrive\\Documentos\\MyGasolineraBBDD\\MyGasolineraBackEnd\\node_modules\\express\\lib\\router\\index.js:280:10)\n    at router.handle (C:\\Users\\Oscar\\OneDrive\\Documentos\\MyGasolineraBBDD\\MyGasolineraBackEnd\\node_modules\\express\\lib\\router\\index.js:175:3)"
}
[2026-02-14 14:17:24] [ERROR] Error del servidor {
  "service": "my-gasolinera-api",
  "metodo": "GET",
  "url": "/api/gasolineras?id_provincia=46",
  "status": 500,
  "duracion_ms": 2,
  "usuario_id": "anónimo",
  "ip": "127.0.0.1",
  "respuesta": {
    "success": false,
    "message": "Error interno del servidor"
  }
}
[2026-02-14 14:17:24] [ERROR] Error del servidor {
  "service": "my-gasolinera-api",
  "metodo": "GET",
  "url": "/api/gasolineras?id_provincia=46",
  "status": 500,
  "duracion_ms": 3,
  "usuario_id": "anónimo",
  "ip": "127.0.0.1",
  "respuesta": "{\"success\":false,\"message\":\"Error interno del servidor\"}"
}
[2026-02-14 14:17:24] [ERROR] Error obteniendo gasolineras: {
  "service": "my-gasolinera-api",
  "error": "Unknown column 'id_provincia' in 'SELECT'",
  "stack": "Error: Unknown column 'id_provincia' in 'SELECT'\n    at PromisePool.execute (C:\\Users\\Oscar\\OneDrive\\Documentos\\MyGasolineraBBDD\\MyGasolineraBackEnd\\node_modules\\mysql2\\lib\\promise\\pool.js:54:22)\n    at exports.getGasolineras (C:\\Users\\Oscar\\OneDrive\\Documentos\\MyGasolineraBBDD\\MyGasolineraBackEnd\\controllers\\gasolinerasController.js:64:35)\n    at Layer.handle [as handle_request] (C:\\Users\\Oscar\\OneDrive\\Documentos\\MyGasolineraBBDD\\MyGasolineraBackEnd\\node_modules\\express\\lib\\router\\layer.js:95:5)\n    at next (C:\\Users\\Oscar\\OneDrive\\Documentos\\MyGasolineraBBDD\\MyGasolineraBackEnd\\node_modules\\express\\lib\\router\\route.js:149:13)\n    at Route.dispatch (C:\\Users\\Oscar\\OneDrive\\Documentos\\MyGasolineraBBDD\\MyGasolineraBackEnd\\node_modules\\express\\lib\\router\\route.js:119:3)\n    at Layer.handle [as handle_request] (C:\\Users\\Oscar\\OneDrive\\Documentos\\MyGasolineraBBDD\\MyGasolineraBackEnd\\node_modules\\express\\lib\\router\\layer.js:95:5)\n    at C:\\Users\\Oscar\\OneDrive\\Documentos\\MyGasolineraBBDD\\MyGasolineraBackEnd\\node_modules\\express\\lib\\router\\index.js:284:15\n    at router.process_params (C:\\Users\\Oscar\\OneDrive\\Documentos\\MyGasolineraBBDD\\MyGasolineraBackEnd\\node_modules\\express\\lib\\router\\index.js:346:12)\n    at next (C:\\Users\\Oscar\\OneDrive\\Documentos\\MyGasolineraBBDD\\MyGasolineraBackEnd\\node_modules\\express\\lib\\router\\index.js:280:10)\n    at router.handle (C:\\Users\\Oscar\\OneDrive\\Documentos\\MyGasolineraBBDD\\MyGasolineraBackEnd\\node_modules\\express\\lib\\router\\index.js:175:3)"
}
[2026-02-14 14:17:24] [ERROR] Error del servidor {
  "service": "my-gasolinera-api",
  "metodo": "GET",
  "url": "/api/gasolineras?id_provincia=12",
  "status": 500,
  "duracion_ms": 1,
  "usuario_id": "anónimo",
  "ip": "127.0.0.1",
  "respuesta": {
    "success": false,
    "message": "Error interno del servidor"
  }
}
[2026-02-14 14:17:24] [ERROR] Error del servidor {
  "service": "my-gasolinera-api",
  "metodo": "GET",
  "url": "/api/gasolineras?id_provincia=12",
  "status": 500,
  "duracion_ms": 2,
  "usuario_id": "anónimo",
  "ip": "127.0.0.1",
  "respuesta": "{\"success\":false,\"message\":\"Error interno del servidor\"}"
}
[2026-02-14 14:17:24] [ERROR] Error obteniendo gasolineras: {
  "service": "my-gasolinera-api",
  "error": "Unknown column 'id_provincia' in 'SELECT'",
  "stack": "Error: Unknown column 'id_provincia' in 'SELECT'\n    at PromisePool.execute (C:\\Users\\Oscar\\OneDrive\\Documentos\\MyGasolineraBBDD\\MyGasolineraBackEnd\\node_modules\\mysql2\\lib\\promise\\pool.js:54:22)\n    at exports.getGasolineras (C:\\Users\\Oscar\\OneDrive\\Documentos\\MyGasolineraBBDD\\MyGasolineraBackEnd\\controllers\\gasolinerasController.js:64:35)\n    at Layer.handle [as handle_request] (C:\\Users\\Oscar\\OneDrive\\Documentos\\MyGasolineraBBDD\\MyGasolineraBackEnd\\node_modules\\express\\lib\\router\\layer.js:95:5)\n    at next (C:\\Users\\Oscar\\OneDrive\\Documentos\\MyGasolineraBBDD\\MyGasolineraBackEnd\\node_modules\\express\\lib\\router\\route.js:149:13)\n    at Route.dispatch (C:\\Users\\Oscar\\OneDrive\\Documentos\\MyGasolineraBBDD\\MyGasolineraBackEnd\\node_modules\\express\\lib\\router\\route.js:119:3)\n    at Layer.handle [as handle_request] (C:\\Users\\Oscar\\OneDrive\\Documentos\\MyGasolineraBBDD\\MyGasolineraBackEnd\\node_modules\\express\\lib\\router\\layer.js:95:5)\n    at C:\\Users\\Oscar\\OneDrive\\Documentos\\MyGasolineraBBDD\\MyGasolineraBackEnd\\node_modules\\express\\lib\\router\\index.js:284:15\n    at router.process_params (C:\\Users\\Oscar\\OneDrive\\Documentos\\MyGasolineraBBDD\\MyGasolineraBackEnd\\node_modules\\express\\lib\\router\\index.js:346:12)\n    at next (C:\\Users\\Oscar\\OneDrive\\Documentos\\MyGasolineraBBDD\\MyGasolineraBackEnd\\node_modules\\express\\lib\\router\\index.js:280:10)\n    at router.handle (C:\\Users\\Oscar\\OneDrive\\Documentos\\MyGasolineraBBDD\\MyGasolineraBackEnd\\node_modules\\express\\lib\\router\\index.js:175:3)"
}
[2026-02-14 14:17:24] [ERROR] Error del servidor {
  "service": "my-gasolinera-api",
  "metodo": "GET",
  "url": "/api/gasolineras?id_provincia=44",
  "status": 500,
  "duracion_ms": 2,
  "usuario_id": "anónimo",
  "ip": "127.0.0.1",
  "respuesta": {
    "success": false,
    "message": "Error interno del servidor"
  }
}
[2026-02-14 14:17:24] [ERROR] Error del servidor {
  "service": "my-gasolinera-api",
  "metodo": "GET",
  "url": "/api/gasolineras?id_provincia=44",
  "status": 500,
  "duracion_ms": 2,
  "usuario_id": "anónimo",
  "ip": "127.0.0.1",
  "respuesta": "{\"success\":false,\"message\":\"Error interno del servidor\"}"
}
[2026-02-14 14:17:24] [ERROR] Error obteniendo gasolineras: {
  "service": "my-gasolinera-api",
  "error": "Unknown column 'id_provincia' in 'SELECT'",
  "stack": "Error: Unknown column 'id_provincia' in 'SELECT'\n    at PromisePool.execute (C:\\Users\\Oscar\\OneDrive\\Documentos\\MyGasolineraBBDD\\MyGasolineraBackEnd\\node_modules\\mysql2\\lib\\promise\\pool.js:54:22)\n    at exports.getGasolineras (C:\\Users\\Oscar\\OneDrive\\Documentos\\MyGasolineraBBDD\\MyGasolineraBackEnd\\controllers\\gasolinerasController.js:64:35)\n    at Layer.handle [as handle_request] (C:\\Users\\Oscar\\OneDrive\\Documentos\\MyGasolineraBBDD\\MyGasolineraBackEnd\\node_modules\\express\\lib\\router\\layer.js:95:5)\n    at next (C:\\Users\\Oscar\\OneDrive\\Documentos\\MyGasolineraBBDD\\MyGasolineraBackEnd\\node_modules\\express\\lib\\router\\route.js:149:13)\n    at Route.dispatch (C:\\Users\\Oscar\\OneDrive\\Documentos\\MyGasolineraBBDD\\MyGasolineraBackEnd\\node_modules\\express\\lib\\router\\route.js:119:3)\n    at Layer.handle [as handle_request] (C:\\Users\\Oscar\\OneDrive\\Documentos\\MyGasolineraBBDD\\MyGasolineraBackEnd\\node_modules\\express\\lib\\router\\layer.js:95:5)\n    at C:\\Users\\Oscar\\OneDrive\\Documentos\\MyGasolineraBBDD\\MyGasolineraBackEnd\\node_modules\\express\\lib\\router\\index.js:284:15\n    at router.process_params (C:\\Users\\Oscar\\OneDrive\\Documentos\\MyGasolineraBBDD\\MyGasolineraBackEnd\\node_modules\\express\\lib\\router\\index.js:346:12)\n    at next (C:\\Users\\Oscar\\OneDrive\\Documentos\\MyGasolineraBBDD\\MyGasolineraBackEnd\\node_modules\\express\\lib\\router\\index.js:280:10)\n    at router.handle (C:\\Users\\Oscar\\OneDrive\\Documentos\\MyGasolineraBBDD\\MyGasolineraBackEnd\\node_modules\\express\\lib\\router\\index.js:175:3)"
}
[2026-02-14 14:17:24] [ERROR] Error del servidor {
  "service": "my-gasolinera-api",
  "metodo": "GET",
  "url": "/api/gasolineras?id_provincia=16",
  "status": 500,
  "duracion_ms": 3,
  "usuario_id": "anónimo",
  "ip": "127.0.0.1",
  "respuesta": {
    "success": false,
    "message": "Error interno del servidor"
  }
}
[2026-02-14 14:17:24] [ERROR] Error del servidor {
  "service": "my-gasolinera-api",
  "metodo": "GET",
  "url": "/api/gasolineras?id_provincia=16",
  "status": 500,
  "duracion_ms": 3,
  "usuario_id": "anónimo",
  "ip": "127.0.0.1",
  "respuesta": "{\"success\":false,\"message\":\"Error interno del servidor\"}"
}
[2026-02-14 14:17:24] [ERROR] Error obteniendo gasolineras: {
  "service": "my-gasolinera-api",
  "error": "Unknown column 'id_provincia' in 'SELECT'",
  "stack": "Error: Unknown column 'id_provincia' in 'SELECT'\n    at PromisePool.execute (C:\\Users\\Oscar\\OneDrive\\Documentos\\MyGasolineraBBDD\\MyGasolineraBackEnd\\node_modules\\mysql2\\lib\\promise\\pool.js:54:22)\n    at exports.getGasolineras (C:\\Users\\Oscar\\OneDrive\\Documentos\\MyGasolineraBBDD\\MyGasolineraBackEnd\\controllers\\gasolinerasController.js:64:35)\n    at Layer.handle [as handle_request] (C:\\Users\\Oscar\\OneDrive\\Documentos\\MyGasolineraBBDD\\MyGasolineraBackEnd\\node_modules\\express\\lib\\router\\layer.js:95:5)\n    at next (C:\\Users\\Oscar\\OneDrive\\Documentos\\MyGasolineraBBDD\\MyGasolineraBackEnd\\node_modules\\express\\lib\\router\\route.js:149:13)\n    at Route.dispatch (C:\\Users\\Oscar\\OneDrive\\Documentos\\MyGasolineraBBDD\\MyGasolineraBackEnd\\node_modules\\express\\lib\\router\\route.js:119:3)\n    at Layer.handle [as handle_request] (C:\\Users\\Oscar\\OneDrive\\Documentos\\MyGasolineraBBDD\\MyGasolineraBackEnd\\node_modules\\express\\lib\\router\\layer.js:95:5)\n    at C:\\Users\\Oscar\\OneDrive\\Documentos\\MyGasolineraBBDD\\MyGasolineraBackEnd\\node_modules\\express\\lib\\router\\index.js:284:15\n    at router.process_params (C:\\Users\\Oscar\\OneDrive\\Documentos\\MyGasolineraBBDD\\MyGasolineraBackEnd\\node_modules\\express\\lib\\router\\index.js:346:12)\n    at next (C:\\Users\\Oscar\\OneDrive\\Documentos\\MyGasolineraBBDD\\MyGasolineraBackEnd\\node_modules\\express\\lib\\router\\index.js:280:10)\n    at router.handle (C:\\Users\\Oscar\\OneDrive\\Documentos\\MyGasolineraBBDD\\MyGasolineraBackEnd\\node_modules\\express\\lib\\router\\index.js:175:3)"
}
[2026-02-14 14:17:24] [ERROR] Error del servidor {
  "service": "my-gasolinera-api",
  "metodo": "GET",
  "url": "/api/gasolineras?id_provincia=03",
  "status": 500,
  "duracion_ms": 3,
  "usuario_id": "anónimo",
  "ip": "127.0.0.1",
  "respuesta": {
    "success": false,
    "message": "Error interno del servidor"
  }
}
[2026-02-14 14:17:24] [ERROR] Error del servidor {
  "service": "my-gasolinera-api",
  "metodo": "GET",
  "url": "/api/gasolineras?id_provincia=03",
  "status": 500,
  "duracion_ms": 3,
  "usuario_id": "anónimo",
  "ip": "127.0.0.1",
  "respuesta": "{\"success\":false,\"message\":\"Error interno del servidor\"}"
}
[2026-02-14 14:17:25] [ERROR] Error obteniendo gasolineras: {
  "service": "my-gasolinera-api",
  "error": "Unknown column 'id_provincia' in 'SELECT'",
  "stack": "Error: Unknown column 'id_provincia' in 'SELECT'\n    at PromisePool.execute (C:\\Users\\Oscar\\OneDrive\\Documentos\\MyGasolineraBBDD\\MyGasolineraBackEnd\\node_modules\\mysql2\\lib\\promise\\pool.js:54:22)\n    at exports.getGasolineras (C:\\Users\\Oscar\\OneDrive\\Documentos\\MyGasolineraBBDD\\MyGasolineraBackEnd\\controllers\\gasolinerasController.js:64:35)\n    at Layer.handle [as handle_request] (C:\\Users\\Oscar\\OneDrive\\Documentos\\MyGasolineraBBDD\\MyGasolineraBackEnd\\node_modules\\express\\lib\\router\\layer.js:95:5)\n    at next (C:\\Users\\Oscar\\OneDrive\\Documentos\\MyGasolineraBBDD\\MyGasolineraBackEnd\\node_modules\\express\\lib\\router\\route.js:149:13)\n    at Route.dispatch (C:\\Users\\Oscar\\OneDrive\\Documentos\\MyGasolineraBBDD\\MyGasolineraBackEnd\\node_modules\\express\\lib\\router\\route.js:119:3)\n    at Layer.handle [as handle_request] (C:\\Users\\Oscar\\OneDrive\\Documentos\\MyGasolineraBBDD\\MyGasolineraBackEnd\\node_modules\\express\\lib\\router\\layer.js:95:5)\n    at C:\\Users\\Oscar\\OneDrive\\Documentos\\MyGasolineraBBDD\\MyGasolineraBackEnd\\node_modules\\express\\lib\\router\\index.js:284:15\n    at router.process_params (C:\\Users\\Oscar\\OneDrive\\Documentos\\MyGasolineraBBDD\\MyGasolineraBackEnd\\node_modules\\express\\lib\\router\\index.js:346:12)\n    at next (C:\\Users\\Oscar\\OneDrive\\Documentos\\MyGasolineraBBDD\\MyGasolineraBackEnd\\node_modules\\express\\lib\\router\\index.js:280:10)\n    at router.handle (C:\\Users\\Oscar\\OneDrive\\Documentos\\MyGasolineraBBDD\\MyGasolineraBackEnd\\node_modules\\express\\lib\\router\\index.js:175:3)"
}
[2026-02-14 14:17:25] [ERROR] Error del servidor {
  "service": "my-gasolinera-api",
  "metodo": "GET",
  "url": "/api/gasolineras?id_provincia=46",
  "status": 500,
  "duracion_ms": 2,
  "usuario_id": "anónimo",
  "ip": "127.0.0.1",
  "respuesta": {
    "success": false,
    "message": "Error interno del servidor"
  }
}
[2026-02-14 14:17:25] [ERROR] Error del servidor {
  "service": "my-gasolinera-api",
  "metodo": "GET",
  "url": "/api/gasolineras?id_provincia=46",
  "status": 500,
  "duracion_ms": 2,
  "usuario_id": "anónimo",
  "ip": "127.0.0.1",
  "respuesta": "{\"success\":false,\"message\":\"Error interno del servidor\"}"
}
[2026-02-14 14:17:25] [ERROR] Error obteniendo gasolineras: {
  "service": "my-gasolinera-api",
  "error": "Unknown column 'id_provincia' in 'SELECT'",
  "stack": "Error: Unknown column 'id_provincia' in 'SELECT'\n    at PromisePool.execute (C:\\Users\\Oscar\\OneDrive\\Documentos\\MyGasolineraBBDD\\MyGasolineraBackEnd\\node_modules\\mysql2\\lib\\promise\\pool.js:54:22)\n    at exports.getGasolineras (C:\\Users\\Oscar\\OneDrive\\Documentos\\MyGasolineraBBDD\\MyGasolineraBackEnd\\controllers\\gasolinerasController.js:64:35)\n    at Layer.handle [as handle_request] (C:\\Users\\Oscar\\OneDrive\\Documentos\\MyGasolineraBBDD\\MyGasolineraBackEnd\\node_modules\\express\\lib\\router\\layer.js:95:5)\n    at next (C:\\Users\\Oscar\\OneDrive\\Documentos\\MyGasolineraBBDD\\MyGasolineraBackEnd\\node_modules\\express\\lib\\router\\route.js:149:13)\n    at Route.dispatch (C:\\Users\\Oscar\\OneDrive\\Documentos\\MyGasolineraBBDD\\MyGasolineraBackEnd\\node_modules\\express\\lib\\router\\route.js:119:3)\n    at Layer.handle [as handle_request] (C:\\Users\\Oscar\\OneDrive\\Documentos\\MyGasolineraBBDD\\MyGasolineraBackEnd\\node_modules\\express\\lib\\router\\layer.js:95:5)\n    at C:\\Users\\Oscar\\OneDrive\\Documentos\\MyGasolineraBBDD\\MyGasolineraBackEnd\\node_modules\\express\\lib\\router\\index.js:284:15\n    at router.process_params (C:\\Users\\Oscar\\OneDrive\\Documentos\\MyGasolineraBBDD\\MyGasolineraBackEnd\\node_modules\\express\\lib\\router\\index.js:346:12)\n    at next (C:\\Users\\Oscar\\OneDrive\\Documentos\\MyGasolineraBBDD\\MyGasolineraBackEnd\\node_modules\\express\\lib\\router\\index.js:280:10)\n    at router.handle (C:\\Users\\Oscar\\OneDrive\\Documentos\\MyGasolineraBBDD\\MyGasolineraBackEnd\\node_modules\\express\\lib\\router\\index.js:175:3)"
}
[2026-02-14 14:17:25] [ERROR] Error del servidor {
  "service": "my-gasolinera-api",
  "metodo": "GET",
  "url": "/api/gasolineras?id_provincia=12",
  "status": 500,
  "duracion_ms": 2,
  "usuario_id": "anónimo",
  "ip": "127.0.0.1",
  "respuesta": {
    "success": false,
    "message": "Error interno del servidor"
  }
}
[2026-02-14 14:17:25] [ERROR] Error del servidor {
  "service": "my-gasolinera-api",
  "metodo": "GET",
  "url": "/api/gasolineras?id_provincia=12",
  "status": 500,
  "duracion_ms": 2,
  "usuario_id": "anónimo",
  "ip": "127.0.0.1",
  "respuesta": "{\"success\":false,\"message\":\"Error interno del servidor\"}"
}
[2026-02-14 14:17:25] [ERROR] Error obteniendo gasolineras: {
  "service": "my-gasolinera-api",
  "error": "Unknown column 'id_provincia' in 'SELECT'",
  "stack": "Error: Unknown column 'id_provincia' in 'SELECT'\n    at PromisePool.execute (C:\\Users\\Oscar\\OneDrive\\Documentos\\MyGasolineraBBDD\\MyGasolineraBackEnd\\node_modules\\mysql2\\lib\\promise\\pool.js:54:22)\n    at exports.getGasolineras (C:\\Users\\Oscar\\OneDrive\\Documentos\\MyGasolineraBBDD\\MyGasolineraBackEnd\\controllers\\gasolinerasController.js:64:35)\n    at Layer.handle [as handle_request] (C:\\Users\\Oscar\\OneDrive\\Documentos\\MyGasolineraBBDD\\MyGasolineraBackEnd\\node_modules\\express\\lib\\router\\layer.js:95:5)\n    at next (C:\\Users\\Oscar\\OneDrive\\Documentos\\MyGasolineraBBDD\\MyGasolineraBackEnd\\node_modules\\express\\lib\\router\\route.js:149:13)\n    at Route.dispatch (C:\\Users\\Oscar\\OneDrive\\Documentos\\MyGasolineraBBDD\\MyGasolineraBackEnd\\node_modules\\express\\lib\\router\\route.js:119:3)\n    at Layer.handle [as handle_request] (C:\\Users\\Oscar\\OneDrive\\Documentos\\MyGasolineraBBDD\\MyGasolineraBackEnd\\node_modules\\express\\lib\\router\\layer.js:95:5)\n    at C:\\Users\\Oscar\\OneDrive\\Documentos\\MyGasolineraBBDD\\MyGasolineraBackEnd\\node_modules\\express\\lib\\router\\index.js:284:15\n    at router.process_params (C:\\Users\\Oscar\\OneDrive\\Documentos\\MyGasolineraBBDD\\MyGasolineraBackEnd\\node_modules\\express\\lib\\router\\index.js:346:12)\n    at next (C:\\Users\\Oscar\\OneDrive\\Documentos\\MyGasolineraBBDD\\MyGasolineraBackEnd\\node_modules\\express\\lib\\router\\index.js:280:10)\n    at router.handle (C:\\Users\\Oscar\\OneDrive\\Documentos\\MyGasolineraBBDD\\MyGasolineraBackEnd\\node_modules\\express\\lib\\router\\index.js:175:3)"
}
[2026-02-14 14:17:25] [ERROR] Error del servidor {
  "service": "my-gasolinera-api",
  "metodo": "GET",
  "url": "/api/gasolineras?id_provincia=44",
  "status": 500,
  "duracion_ms": 1,
  "usuario_id": "anónimo",
  "ip": "127.0.0.1",
  "respuesta": {
    "success": false,
    "message": "Error interno del servidor"
  }
}
[2026-02-14 14:17:25] [ERROR] Error del servidor {
  "service": "my-gasolinera-api",
  "metodo": "GET",
  "url": "/api/gasolineras?id_provincia=44",
  "status": 500,
  "duracion_ms": 1,
  "usuario_id": "anónimo",
  "ip": "127.0.0.1",
  "respuesta": "{\"success\":false,\"message\":\"Error interno del servidor\"}"
}
[2026-02-14 14:17:25] [ERROR] Error obteniendo gasolineras: {
  "service": "my-gasolinera-api",
  "error": "Unknown column 'id_provincia' in 'SELECT'",
  "stack": "Error: Unknown column 'id_provincia' in 'SELECT'\n    at PromisePool.execute (C:\\Users\\Oscar\\OneDrive\\Documentos\\MyGasolineraBBDD\\MyGasolineraBackEnd\\node_modules\\mysql2\\lib\\promise\\pool.js:54:22)\n    at exports.getGasolineras (C:\\Users\\Oscar\\OneDrive\\Documentos\\MyGasolineraBBDD\\MyGasolineraBackEnd\\controllers\\gasolinerasController.js:64:35)\n    at Layer.handle [as handle_request] (C:\\Users\\Oscar\\OneDrive\\Documentos\\MyGasolineraBBDD\\MyGasolineraBackEnd\\node_modules\\express\\lib\\router\\layer.js:95:5)\n    at next (C:\\Users\\Oscar\\OneDrive\\Documentos\\MyGasolineraBBDD\\MyGasolineraBackEnd\\node_modules\\express\\lib\\router\\route.js:149:13)\n    at Route.dispatch (C:\\Users\\Oscar\\OneDrive\\Documentos\\MyGasolineraBBDD\\MyGasolineraBackEnd\\node_modules\\express\\lib\\router\\route.js:119:3)\n    at Layer.handle [as handle_request] (C:\\Users\\Oscar\\OneDrive\\Documentos\\MyGasolineraBBDD\\MyGasolineraBackEnd\\node_modules\\express\\lib\\router\\layer.js:95:5)\n    at C:\\Users\\Oscar\\OneDrive\\Documentos\\MyGasolineraBBDD\\MyGasolineraBackEnd\\node_modules\\express\\lib\\router\\index.js:284:15\n    at router.process_params (C:\\Users\\Oscar\\OneDrive\\Documentos\\MyGasolineraBBDD\\MyGasolineraBackEnd\\node_modules\\express\\lib\\router\\index.js:346:12)\n    at next (C:\\Users\\Oscar\\OneDrive\\Documentos\\MyGasolineraBBDD\\MyGasolineraBackEnd\\node_modules\\express\\lib\\router\\index.js:280:10)\n    at router.handle (C:\\Users\\Oscar\\OneDrive\\Documentos\\MyGasolineraBBDD\\MyGasolineraBackEnd\\node_modules\\express\\lib\\router\\index.js:175:3)"
}
[2026-02-14 14:17:25] [ERROR] Error del servidor {
  "service": "my-gasolinera-api",
  "metodo": "GET",
  "url": "/api/gasolineras?id_provincia=16",
  "status": 500,
  "duracion_ms": 2,
  "usuario_id": "anónimo",
  "ip": "127.0.0.1",
  "respuesta": {
    "success": false,
    "message": "Error interno del servidor"
  }
}
[2026-02-14 14:17:25] [ERROR] Error del servidor {
  "service": "my-gasolinera-api",
  "metodo": "GET",
  "url": "/api/gasolineras?id_provincia=16",
  "status": 500,
  "duracion_ms": 2,
  "usuario_id": "anónimo",
  "ip": "127.0.0.1",
  "respuesta": "{\"success\":false,\"message\":\"Error interno del servidor\"}"
}
[2026-02-14 14:17:25] [ERROR] Error obteniendo gasolineras: {
  "service": "my-gasolinera-api",
  "error": "Unknown column 'id_provincia' in 'SELECT'",
  "stack": "Error: Unknown column 'id_provincia' in 'SELECT'\n    at PromisePool.execute (C:\\Users\\Oscar\\OneDrive\\Documentos\\MyGasolineraBBDD\\MyGasolineraBackEnd\\node_modules\\mysql2\\lib\\promise\\pool.js:54:22)\n    at exports.getGasolineras (C:\\Users\\Oscar\\OneDrive\\Documentos\\MyGasolineraBBDD\\MyGasolineraBackEnd\\controllers\\gasolinerasController.js:64:35)\n    at Layer.handle [as handle_request] (C:\\Users\\Oscar\\OneDrive\\Documentos\\MyGasolineraBBDD\\MyGasolineraBackEnd\\node_modules\\express\\lib\\router\\layer.js:95:5)\n    at next (C:\\Users\\Oscar\\OneDrive\\Documentos\\MyGasolineraBBDD\\MyGasolineraBackEnd\\node_modules\\express\\lib\\router\\route.js:149:13)\n    at Route.dispatch (C:\\Users\\Oscar\\OneDrive\\Documentos\\MyGasolineraBBDD\\MyGasolineraBackEnd\\node_modules\\express\\lib\\router\\route.js:119:3)\n    at Layer.handle [as handle_request] (C:\\Users\\Oscar\\OneDrive\\Documentos\\MyGasolineraBBDD\\MyGasolineraBackEnd\\node_modules\\express\\lib\\router\\layer.js:95:5)\n    at C:\\Users\\Oscar\\OneDrive\\Documentos\\MyGasolineraBBDD\\MyGasolineraBackEnd\\node_modules\\express\\lib\\router\\index.js:284:15\n    at router.process_params (C:\\Users\\Oscar\\OneDrive\\Documentos\\MyGasolineraBBDD\\MyGasolineraBackEnd\\node_modules\\express\\lib\\router\\index.js:346:12)\n    at next (C:\\Users\\Oscar\\OneDrive\\Documentos\\MyGasolineraBBDD\\MyGasolineraBackEnd\\node_modules\\express\\lib\\router\\index.js:280:10)\n    at router.handle (C:\\Users\\Oscar\\OneDrive\\Documentos\\MyGasolineraBBDD\\MyGasolineraBackEnd\\node_modules\\express\\lib\\router\\index.js:175:3)"
}
[2026-02-14 14:17:25] [ERROR] Error del servidor {
  "service": "my-gasolinera-api",
  "metodo": "GET",
  "url": "/api/gasolineras?id_provincia=03",
  "status": 500,
  "duracion_ms": 1,
  "usuario_id": "anónimo",
  "ip": "127.0.0.1",
  "respuesta": {
    "success": false,
    "message": "Error interno del servidor"
  }
}
[2026-02-14 14:17:25] [ERROR] Error del servidor {
  "service": "my-gasolinera-api",
  "metodo": "GET",
  "url": "/api/gasolineras?id_provincia=03",
  "status": 500,
  "duracion_ms": 2,
  "usuario_id": "anónimo",
  "ip": "127.0.0.1",
  "respuesta": "{\"success\":false,\"message\":\"Error interno del servidor\"}"
}
[2026-02-14 14:17:26] [ERROR] Error obteniendo gasolineras: {
  "service": "my-gasolinera-api",
  "error": "Unknown column 'id_provincia' in 'SELECT'",
  "stack": "Error: Unknown column 'id_provincia' in 'SELECT'\n    at PromisePool.execute (C:\\Users\\Oscar\\OneDrive\\Documentos\\MyGasolineraBBDD\\MyGasolineraBackEnd\\node_modules\\mysql2\\lib\\promise\\pool.js:54:22)\n    at exports.getGasolineras (C:\\Users\\Oscar\\OneDrive\\Documentos\\MyGasolineraBBDD\\MyGasolineraBackEnd\\controllers\\gasolinerasController.js:64:35)\n    at Layer.handle [as handle_request] (C:\\Users\\Oscar\\OneDrive\\Documentos\\MyGasolineraBBDD\\MyGasolineraBackEnd\\node_modules\\express\\lib\\router\\layer.js:95:5)\n    at next (C:\\Users\\Oscar\\OneDrive\\Documentos\\MyGasolineraBBDD\\MyGasolineraBackEnd\\node_modules\\express\\lib\\router\\route.js:149:13)\n    at Route.dispatch (C:\\Users\\Oscar\\OneDrive\\Documentos\\MyGasolineraBBDD\\MyGasolineraBackEnd\\node_modules\\express\\lib\\router\\route.js:119:3)\n    at Layer.handle [as handle_request] (C:\\Users\\Oscar\\OneDrive\\Documentos\\MyGasolineraBBDD\\MyGasolineraBackEnd\\node_modules\\express\\lib\\router\\layer.js:95:5)\n    at C:\\Users\\Oscar\\OneDrive\\Documentos\\MyGasolineraBBDD\\MyGasolineraBackEnd\\node_modules\\express\\lib\\router\\index.js:284:15\n    at router.process_params (C:\\Users\\Oscar\\OneDrive\\Documentos\\MyGasolineraBBDD\\MyGasolineraBackEnd\\node_modules\\express\\lib\\router\\index.js:346:12)\n    at next (C:\\Users\\Oscar\\OneDrive\\Documentos\\MyGasolineraBBDD\\MyGasolineraBackEnd\\node_modules\\express\\lib\\router\\index.js:280:10)\n    at router.handle (C:\\Users\\Oscar\\OneDrive\\Documentos\\MyGasolineraBBDD\\MyGasolineraBackEnd\\node_modules\\express\\lib\\router\\index.js:175:3)"
}
[2026-02-14 14:17:26] [ERROR] Error del servidor {
  "service": "my-gasolinera-api",
  "metodo": "GET",
  "url": "/api/gasolineras?id_provincia=46",
  "status": 500,
  "duracion_ms": 1,
  "usuario_id": "anónimo",
  "ip": "127.0.0.1",
  "respuesta": {
    "success": false,
    "message": "Error interno del servidor"
  }
}
[2026-02-14 14:17:26] [ERROR] Error del servidor {
  "service": "my-gasolinera-api",
  "metodo": "GET",
  "url": "/api/gasolineras?id_provincia=46",
  "status": 500,
  "duracion_ms": 2,
  "usuario_id": "anónimo",
  "ip": "127.0.0.1",
  "respuesta": "{\"success\":false,\"message\":\"Error interno del servidor\"}"
}
[2026-02-14 14:17:26] [ERROR] Error obteniendo gasolineras: {
  "service": "my-gasolinera-api",
  "error": "Unknown column 'id_provincia' in 'SELECT'",
  "stack": "Error: Unknown column 'id_provincia' in 'SELECT'\n    at PromisePool.execute (C:\\Users\\Oscar\\OneDrive\\Documentos\\MyGasolineraBBDD\\MyGasolineraBackEnd\\node_modules\\mysql2\\lib\\promise\\pool.js:54:22)\n    at exports.getGasolineras (C:\\Users\\Oscar\\OneDrive\\Documentos\\MyGasolineraBBDD\\MyGasolineraBackEnd\\controllers\\gasolinerasController.js:64:35)\n    at Layer.handle [as handle_request] (C:\\Users\\Oscar\\OneDrive\\Documentos\\MyGasolineraBBDD\\MyGasolineraBackEnd\\node_modules\\express\\lib\\router\\layer.js:95:5)\n    at next (C:\\Users\\Oscar\\OneDrive\\Documentos\\MyGasolineraBBDD\\MyGasolineraBackEnd\\node_modules\\express\\lib\\router\\route.js:149:13)\n    at Route.dispatch (C:\\Users\\Oscar\\OneDrive\\Documentos\\MyGasolineraBBDD\\MyGasolineraBackEnd\\node_modules\\express\\lib\\router\\route.js:119:3)\n    at Layer.handle [as handle_request] (C:\\Users\\Oscar\\OneDrive\\Documentos\\MyGasolineraBBDD\\MyGasolineraBackEnd\\node_modules\\express\\lib\\router\\layer.js:95:5)\n    at C:\\Users\\Oscar\\OneDrive\\Documentos\\MyGasolineraBBDD\\MyGasolineraBackEnd\\node_modules\\express\\lib\\router\\index.js:284:15\n    at router.process_params (C:\\Users\\Oscar\\OneDrive\\Documentos\\MyGasolineraBBDD\\MyGasolineraBackEnd\\node_modules\\express\\lib\\router\\index.js:346:12)\n    at next (C:\\Users\\Oscar\\OneDrive\\Documentos\\MyGasolineraBBDD\\MyGasolineraBackEnd\\node_modules\\express\\lib\\router\\index.js:280:10)\n    at router.handle (C:\\Users\\Oscar\\OneDrive\\Documentos\\MyGasolineraBBDD\\MyGasolineraBackEnd\\node_modules\\express\\lib\\router\\index.js:175:3)"
}
[2026-02-14 14:17:26] [ERROR] Error del servidor {
  "service": "my-gasolinera-api",
  "metodo": "GET",
  "url": "/api/gasolineras?id_provincia=12",
  "status": 500,
  "duracion_ms": 1,
  "usuario_id": "anónimo",
  "ip": "127.0.0.1",
  "respuesta": {
    "success": false,
    "message": "Error interno del servidor"
  }
}
[2026-02-14 14:17:26] [ERROR] Error del servidor {
  "service": "my-gasolinera-api",
  "metodo": "GET",
  "url": "/api/gasolineras?id_provincia=12",
  "status": 500,
  "duracion_ms": 1,
  "usuario_id": "anónimo",
  "ip": "127.0.0.1",
  "respuesta": "{\"success\":false,\"message\":\"Error interno del servidor\"}"
}
[2026-02-14 14:17:26] [ERROR] Error obteniendo gasolineras: {
  "service": "my-gasolinera-api",
  "error": "Unknown column 'id_provincia' in 'SELECT'",
  "stack": "Error: Unknown column 'id_provincia' in 'SELECT'\n    at PromisePool.execute (C:\\Users\\Oscar\\OneDrive\\Documentos\\MyGasolineraBBDD\\MyGasolineraBackEnd\\node_modules\\mysql2\\lib\\promise\\pool.js:54:22)\n    at exports.getGasolineras (C:\\Users\\Oscar\\OneDrive\\Documentos\\MyGasolineraBBDD\\MyGasolineraBackEnd\\controllers\\gasolinerasController.js:64:35)\n    at Layer.handle [as handle_request] (C:\\Users\\Oscar\\OneDrive\\Documentos\\MyGasolineraBBDD\\MyGasolineraBackEnd\\node_modules\\express\\lib\\router\\layer.js:95:5)\n    at next (C:\\Users\\Oscar\\OneDrive\\Documentos\\MyGasolineraBBDD\\MyGasolineraBackEnd\\node_modules\\express\\lib\\router\\route.js:149:13)\n    at Route.dispatch (C:\\Users\\Oscar\\OneDrive\\Documentos\\MyGasolineraBBDD\\MyGasolineraBackEnd\\node_modules\\express\\lib\\router\\route.js:119:3)\n    at Layer.handle [as handle_request] (C:\\Users\\Oscar\\OneDrive\\Documentos\\MyGasolineraBBDD\\MyGasolineraBackEnd\\node_modules\\express\\lib\\router\\layer.js:95:5)\n    at C:\\Users\\Oscar\\OneDrive\\Documentos\\MyGasolineraBBDD\\MyGasolineraBackEnd\\node_modules\\express\\lib\\router\\index.js:284:15\n    at router.process_params (C:\\Users\\Oscar\\OneDrive\\Documentos\\MyGasolineraBBDD\\MyGasolineraBackEnd\\node_modules\\express\\lib\\router\\index.js:346:12)\n    at next (C:\\Users\\Oscar\\OneDrive\\Documentos\\MyGasolineraBBDD\\MyGasolineraBackEnd\\node_modules\\express\\lib\\router\\index.js:280:10)\n    at router.handle (C:\\Users\\Oscar\\OneDrive\\Documentos\\MyGasolineraBBDD\\MyGasolineraBackEnd\\node_modules\\express\\lib\\router\\index.js:175:3)"
}
[2026-02-14 14:17:26] [ERROR] Error del servidor {
  "service": "my-gasolinera-api",
  "metodo": "GET",
  "url": "/api/gasolineras?id_provincia=44",
  "status": 500,
  "duracion_ms": 2,
  "usuario_id": "anónimo",
  "ip": "127.0.0.1",
  "respuesta": {
    "success": false,
    "message": "Error interno del servidor"
  }
}
[2026-02-14 14:17:26] [ERROR] Error del servidor {
  "service": "my-gasolinera-api",
  "metodo": "GET",
  "url": "/api/gasolineras?id_provincia=44",
  "status": 500,
  "duracion_ms": 2,
  "usuario_id": "anónimo",
  "ip": "127.0.0.1",
  "respuesta": "{\"success\":false,\"message\":\"Error interno del servidor\"}"
}
[2026-02-14 14:17:26] [ERROR] Error obteniendo gasolineras: {
  "service": "my-gasolinera-api",
  "error": "Unknown column 'id_provincia' in 'SELECT'",
  "stack": "Error: Unknown column 'id_provincia' in 'SELECT'\n    at PromisePool.execute (C:\\Users\\Oscar\\OneDrive\\Documentos\\MyGasolineraBBDD\\MyGasolineraBackEnd\\node_modules\\mysql2\\lib\\promise\\pool.js:54:22)\n    at exports.getGasolineras (C:\\Users\\Oscar\\OneDrive\\Documentos\\MyGasolineraBBDD\\MyGasolineraBackEnd\\controllers\\gasolinerasController.js:64:35)\n    at Layer.handle [as handle_request] (C:\\Users\\Oscar\\OneDrive\\Documentos\\MyGasolineraBBDD\\MyGasolineraBackEnd\\node_modules\\express\\lib\\router\\layer.js:95:5)\n    at next (C:\\Users\\Oscar\\OneDrive\\Documentos\\MyGasolineraBBDD\\MyGasolineraBackEnd\\node_modules\\express\\lib\\router\\route.js:149:13)\n    at Route.dispatch (C:\\Users\\Oscar\\OneDrive\\Documentos\\MyGasolineraBBDD\\MyGasolineraBackEnd\\node_modules\\express\\lib\\router\\route.js:119:3)\n    at Layer.handle [as handle_request] (C:\\Users\\Oscar\\OneDrive\\Documentos\\MyGasolineraBBDD\\MyGasolineraBackEnd\\node_modules\\express\\lib\\router\\layer.js:95:5)\n    at C:\\Users\\Oscar\\OneDrive\\Documentos\\MyGasolineraBBDD\\MyGasolineraBackEnd\\node_modules\\express\\lib\\router\\index.js:284:15\n    at router.process_params (C:\\Users\\Oscar\\OneDrive\\Documentos\\MyGasolineraBBDD\\MyGasolineraBackEnd\\node_modules\\express\\lib\\router\\index.js:346:12)\n    at next (C:\\Users\\Oscar\\OneDrive\\Documentos\\MyGasolineraBBDD\\MyGasolineraBackEnd\\node_modules\\express\\lib\\router\\index.js:280:10)\n    at router.handle (C:\\Users\\Oscar\\OneDrive\\Documentos\\MyGasolineraBBDD\\MyGasolineraBackEnd\\node_modules\\express\\lib\\router\\index.js:175:3)"
}
[2026-02-14 14:17:26] [ERROR] Error del servidor {
  "service": "my-gasolinera-api",
  "metodo": "GET",
  "url": "/api/gasolineras?id_provincia=16",
  "status": 500,
  "duracion_ms": 1,
  "usuario_id": "anónimo",
  "ip": "127.0.0.1",
  "respuesta": {
    "success": false,
    "message": "Error interno del servidor"
  }
}
[2026-02-14 14:17:26] [ERROR] Error del servidor {
  "service": "my-gasolinera-api",
  "metodo": "GET",
  "url": "/api/gasolineras?id_provincia=16",
  "status": 500,
  "duracion_ms": 2,
  "usuario_id": "anónimo",
  "ip": "127.0.0.1",
  "respuesta": "{\"success\":false,\"message\":\"Error interno del servidor\"}"
}
[2026-02-14 14:17:26] [ERROR] Error obteniendo gasolineras: {
  "service": "my-gasolinera-api",
  "error": "Unknown column 'id_provincia' in 'SELECT'",
  "stack": "Error: Unknown column 'id_provincia' in 'SELECT'\n    at PromisePool.execute (C:\\Users\\Oscar\\OneDrive\\Documentos\\MyGasolineraBBDD\\MyGasolineraBackEnd\\node_modules\\mysql2\\lib\\promise\\pool.js:54:22)\n    at exports.getGasolineras (C:\\Users\\Oscar\\OneDrive\\Documentos\\MyGasolineraBBDD\\MyGasolineraBackEnd\\controllers\\gasolinerasController.js:64:35)\n    at Layer.handle [as handle_request] (C:\\Users\\Oscar\\OneDrive\\Documentos\\MyGasolineraBBDD\\MyGasolineraBackEnd\\node_modules\\express\\lib\\router\\layer.js:95:5)\n    at next (C:\\Users\\Oscar\\OneDrive\\Documentos\\MyGasolineraBBDD\\MyGasolineraBackEnd\\node_modules\\express\\lib\\router\\route.js:149:13)\n    at Route.dispatch (C:\\Users\\Oscar\\OneDrive\\Documentos\\MyGasolineraBBDD\\MyGasolineraBackEnd\\node_modules\\express\\lib\\router\\route.js:119:3)\n    at Layer.handle [as handle_request] (C:\\Users\\Oscar\\OneDrive\\Documentos\\MyGasolineraBBDD\\MyGasolineraBackEnd\\node_modules\\express\\lib\\router\\layer.js:95:5)\n    at C:\\Users\\Oscar\\OneDrive\\Documentos\\MyGasolineraBBDD\\MyGasolineraBackEnd\\node_modules\\express\\lib\\router\\index.js:284:15\n    at router.process_params (C:\\Users\\Oscar\\OneDrive\\Documentos\\MyGasolineraBBDD\\MyGasolineraBackEnd\\node_modules\\express\\lib\\router\\index.js:346:12)\n    at next (C:\\Users\\Oscar\\OneDrive\\Documentos\\MyGasolineraBBDD\\MyGasolineraBackEnd\\node_modules\\express\\lib\\router\\index.js:280:10)\n    at router.handle (C:\\Users\\Oscar\\OneDrive\\Documentos\\MyGasolineraBBDD\\MyGasolineraBackEnd\\node_modules\\express\\lib\\router\\index.js:175:3)"
}
[2026-02-14 14:17:26] [ERROR] Error del servidor {
  "service": "my-gasolinera-api",
  "metodo": "GET",
  "url": "/api/gasolineras?id_provincia=03",
  "status": 500,
  "duracion_ms": 1,
  "usuario_id": "anónimo",
  "ip": "127.0.0.1",
  "respuesta": {
    "success": false,
    "message": "Error interno del servidor"
  }
}
[2026-02-14 14:17:26] [ERROR] Error del servidor {
  "service": "my-gasolinera-api",
  "metodo": "GET",
  "url": "/api/gasolineras?id_provincia=03",
  "status": 500,
  "duracion_ms": 2,
  "usuario_id": "anónimo",
  "ip": "127.0.0.1",
  "respuesta": "{\"success\":false,\"message\":\"Error interno del servidor\"}"
}
[2026-02-14 14:17:27] [ERROR] Error obteniendo gasolineras: {
  "service": "my-gasolinera-api",
  "error": "Unknown column 'id_provincia' in 'SELECT'",
  "stack": "Error: Unknown column 'id_provincia' in 'SELECT'\n    at PromisePool.execute (C:\\Users\\Oscar\\OneDrive\\Documentos\\MyGasolineraBBDD\\MyGasolineraBackEnd\\node_modules\\mysql2\\lib\\promise\\pool.js:54:22)\n    at exports.getGasolineras (C:\\Users\\Oscar\\OneDrive\\Documentos\\MyGasolineraBBDD\\MyGasolineraBackEnd\\controllers\\gasolinerasController.js:64:35)\n    at Layer.handle [as handle_request] (C:\\Users\\Oscar\\OneDrive\\Documentos\\MyGasolineraBBDD\\MyGasolineraBackEnd\\node_modules\\express\\lib\\router\\layer.js:95:5)\n    at next (C:\\Users\\Oscar\\OneDrive\\Documentos\\MyGasolineraBBDD\\MyGasolineraBackEnd\\node_modules\\express\\lib\\router\\route.js:149:13)\n    at Route.dispatch (C:\\Users\\Oscar\\OneDrive\\Documentos\\MyGasolineraBBDD\\MyGasolineraBackEnd\\node_modules\\express\\lib\\router\\route.js:119:3)\n    at Layer.handle [as handle_request] (C:\\Users\\Oscar\\OneDrive\\Documentos\\MyGasolineraBBDD\\MyGasolineraBackEnd\\node_modules\\express\\lib\\router\\layer.js:95:5)\n    at C:\\Users\\Oscar\\OneDrive\\Documentos\\MyGasolineraBBDD\\MyGasolineraBackEnd\\node_modules\\express\\lib\\router\\index.js:284:15\n    at router.process_params (C:\\Users\\Oscar\\OneDrive\\Documentos\\MyGasolineraBBDD\\MyGasolineraBackEnd\\node_modules\\express\\lib\\router\\index.js:346:12)\n    at next (C:\\Users\\Oscar\\OneDrive\\Documentos\\MyGasolineraBBDD\\MyGasolineraBackEnd\\node_modules\\express\\lib\\router\\index.js:280:10)\n    at router.handle (C:\\Users\\Oscar\\OneDrive\\Documentos\\MyGasolineraBBDD\\MyGasolineraBackEnd\\node_modules\\express\\lib\\router\\index.js:175:3)"
}
[2026-02-14 14:17:27] [ERROR] Error del servidor {
  "service": "my-gasolinera-api",
  "metodo": "GET",
  "url": "/api/gasolineras?id_provincia=46",
  "status": 500,
  "duracion_ms": 1,
  "usuario_id": "anónimo",
  "ip": "127.0.0.1",
  "respuesta": {
    "success": false,
    "message": "Error interno del servidor"
  }
}
[2026-02-14 14:17:27] [ERROR] Error del servidor {
  "service": "my-gasolinera-api",
  "metodo": "GET",
  "url": "/api/gasolineras?id_provincia=46",
  "status": 500,
  "duracion_ms": 1,
  "usuario_id": "anónimo",
  "ip": "127.0.0.1",
  "respuesta": "{\"success\":false,\"message\":\"Error interno del servidor\"}"
}
[2026-02-14 14:17:27] [ERROR] Error obteniendo gasolineras: {
  "service": "my-gasolinera-api",
  "error": "Unknown column 'id_provincia' in 'SELECT'",
  "stack": "Error: Unknown column 'id_provincia' in 'SELECT'\n    at PromisePool.execute (C:\\Users\\Oscar\\OneDrive\\Documentos\\MyGasolineraBBDD\\MyGasolineraBackEnd\\node_modules\\mysql2\\lib\\promise\\pool.js:54:22)\n    at exports.getGasolineras (C:\\Users\\Oscar\\OneDrive\\Documentos\\MyGasolineraBBDD\\MyGasolineraBackEnd\\controllers\\gasolinerasController.js:64:35)\n    at Layer.handle [as handle_request] (C:\\Users\\Oscar\\OneDrive\\Documentos\\MyGasolineraBBDD\\MyGasolineraBackEnd\\node_modules\\express\\lib\\router\\layer.js:95:5)\n    at next (C:\\Users\\Oscar\\OneDrive\\Documentos\\MyGasolineraBBDD\\MyGasolineraBackEnd\\node_modules\\express\\lib\\router\\route.js:149:13)\n    at Route.dispatch (C:\\Users\\Oscar\\OneDrive\\Documentos\\MyGasolineraBBDD\\MyGasolineraBackEnd\\node_modules\\express\\lib\\router\\route.js:119:3)\n    at Layer.handle [as handle_request] (C:\\Users\\Oscar\\OneDrive\\Documentos\\MyGasolineraBBDD\\MyGasolineraBackEnd\\node_modules\\express\\lib\\router\\layer.js:95:5)\n    at C:\\Users\\Oscar\\OneDrive\\Documentos\\MyGasolineraBBDD\\MyGasolineraBackEnd\\node_modules\\express\\lib\\router\\index.js:284:15\n    at router.process_params (C:\\Users\\Oscar\\OneDrive\\Documentos\\MyGasolineraBBDD\\MyGasolineraBackEnd\\node_modules\\express\\lib\\router\\index.js:346:12)\n    at next (C:\\Users\\Oscar\\OneDrive\\Documentos\\MyGasolineraBBDD\\MyGasolineraBackEnd\\node_modules\\express\\lib\\router\\index.js:280:10)\n    at router.handle (C:\\Users\\Oscar\\OneDrive\\Documentos\\MyGasolineraBBDD\\MyGasolineraBackEnd\\node_modules\\express\\lib\\router\\index.js:175:3)"
}
[2026-02-14 14:17:27] [ERROR] Error del servidor {
  "service": "my-gasolinera-api",
  "metodo": "GET",
  "url": "/api/gasolineras?id_provincia=12",
  "status": 500,
  "duracion_ms": 2,
  "usuario_id": "anónimo",
  "ip": "127.0.0.1",
  "respuesta": {
    "success": false,
    "message": "Error interno del servidor"
  }
}
[2026-02-14 14:17:27] [ERROR] Error del servidor {
  "service": "my-gasolinera-api",
  "metodo": "GET",
  "url": "/api/gasolineras?id_provincia=12",
  "status": 500,
  "duracion_ms": 2,
  "usuario_id": "anónimo",
  "ip": "127.0.0.1",
  "respuesta": "{\"success\":false,\"message\":\"Error interno del servidor\"}"
}
[2026-02-14 14:17:27] [ERROR] Error obteniendo gasolineras: {
  "service": "my-gasolinera-api",
  "error": "Unknown column 'id_provincia' in 'SELECT'",
  "stack": "Error: Unknown column 'id_provincia' in 'SELECT'\n    at PromisePool.execute (C:\\Users\\Oscar\\OneDrive\\Documentos\\MyGasolineraBBDD\\MyGasolineraBackEnd\\node_modules\\mysql2\\lib\\promise\\pool.js:54:22)\n    at exports.getGasolineras (C:\\Users\\Oscar\\OneDrive\\Documentos\\MyGasolineraBBDD\\MyGasolineraBackEnd\\controllers\\gasolinerasController.js:64:35)\n    at Layer.handle [as handle_request] (C:\\Users\\Oscar\\OneDrive\\Documentos\\MyGasolineraBBDD\\MyGasolineraBackEnd\\node_modules\\express\\lib\\router\\layer.js:95:5)\n    at next (C:\\Users\\Oscar\\OneDrive\\Documentos\\MyGasolineraBBDD\\MyGasolineraBackEnd\\node_modules\\express\\lib\\router\\route.js:149:13)\n    at Route.dispatch (C:\\Users\\Oscar\\OneDrive\\Documentos\\MyGasolineraBBDD\\MyGasolineraBackEnd\\node_modules\\express\\lib\\router\\route.js:119:3)\n    at Layer.handle [as handle_request] (C:\\Users\\Oscar\\OneDrive\\Documentos\\MyGasolineraBBDD\\MyGasolineraBackEnd\\node_modules\\express\\lib\\router\\layer.js:95:5)\n    at C:\\Users\\Oscar\\OneDrive\\Documentos\\MyGasolineraBBDD\\MyGasolineraBackEnd\\node_modules\\express\\lib\\router\\index.js:284:15\n    at router.process_params (C:\\Users\\Oscar\\OneDrive\\Documentos\\MyGasolineraBBDD\\MyGasolineraBackEnd\\node_modules\\express\\lib\\router\\index.js:346:12)\n    at next (C:\\Users\\Oscar\\OneDrive\\Documentos\\MyGasolineraBBDD\\MyGasolineraBackEnd\\node_modules\\express\\lib\\router\\index.js:280:10)\n    at router.handle (C:\\Users\\Oscar\\OneDrive\\Documentos\\MyGasolineraBBDD\\MyGasolineraBackEnd\\node_modules\\express\\lib\\router\\index.js:175:3)"
}
[2026-02-14 14:17:27] [ERROR] Error del servidor {
  "service": "my-gasolinera-api",
  "metodo": "GET",
  "url": "/api/gasolineras?id_provincia=44",
  "status": 500,
  "duracion_ms": 1,
  "usuario_id": "anónimo",
  "ip": "127.0.0.1",
  "respuesta": {
    "success": false,
    "message": "Error interno del servidor"
  }
}
[2026-02-14 14:17:27] [ERROR] Error del servidor {
  "service": "my-gasolinera-api",
  "metodo": "GET",
  "url": "/api/gasolineras?id_provincia=44",
  "status": 500,
  "duracion_ms": 1,
  "usuario_id": "anónimo",
  "ip": "127.0.0.1",
  "respuesta": "{\"success\":false,\"message\":\"Error interno del servidor\"}"
}
[2026-02-14 14:17:27] [ERROR] Error obteniendo gasolineras: {
  "service": "my-gasolinera-api",
  "error": "Unknown column 'id_provincia' in 'SELECT'",
  "stack": "Error: Unknown column 'id_provincia' in 'SELECT'\n    at PromisePool.execute (C:\\Users\\Oscar\\OneDrive\\Documentos\\MyGasolineraBBDD\\MyGasolineraBackEnd\\node_modules\\mysql2\\lib\\promise\\pool.js:54:22)\n    at exports.getGasolineras (C:\\Users\\Oscar\\OneDrive\\Documentos\\MyGasolineraBBDD\\MyGasolineraBackEnd\\controllers\\gasolinerasController.js:64:35)\n    at Layer.handle [as handle_request] (C:\\Users\\Oscar\\OneDrive\\Documentos\\MyGasolineraBBDD\\MyGasolineraBackEnd\\node_modules\\express\\lib\\router\\layer.js:95:5)\n    at next (C:\\Users\\Oscar\\OneDrive\\Documentos\\MyGasolineraBBDD\\MyGasolineraBackEnd\\node_modules\\express\\lib\\router\\route.js:149:13)\n    at Route.dispatch (C:\\Users\\Oscar\\OneDrive\\Documentos\\MyGasolineraBBDD\\MyGasolineraBackEnd\\node_modules\\express\\lib\\router\\route.js:119:3)\n    at Layer.handle [as handle_request] (C:\\Users\\Oscar\\OneDrive\\Documentos\\MyGasolineraBBDD\\MyGasolineraBackEnd\\node_modules\\express\\lib\\router\\layer.js:95:5)\n    at C:\\Users\\Oscar\\OneDrive\\Documentos\\MyGasolineraBBDD\\MyGasolineraBackEnd\\node_modules\\express\\lib\\router\\index.js:284:15\n    at router.process_params (C:\\Users\\Oscar\\OneDrive\\Documentos\\MyGasolineraBBDD\\MyGasolineraBackEnd\\node_modules\\express\\lib\\router\\index.js:346:12)\n    at next (C:\\Users\\Oscar\\OneDrive\\Documentos\\MyGasolineraBBDD\\MyGasolineraBackEnd\\node_modules\\express\\lib\\router\\index.js:280:10)\n    at router.handle (C:\\Users\\Oscar\\OneDrive\\Documentos\\MyGasolineraBBDD\\MyGasolineraBackEnd\\node_modules\\express\\lib\\router\\index.js:175:3)"
}
[2026-02-14 14:17:27] [ERROR] Error del servidor {
  "service": "my-gasolinera-api",
  "metodo": "GET",
  "url": "/api/gasolineras?id_provincia=16",
  "status": 500,
  "duracion_ms": 3,
  "usuario_id": "anónimo",
  "ip": "127.0.0.1",
  "respuesta": {
    "success": false,
    "message": "Error interno del servidor"
  }
}
[2026-02-14 14:17:27] [ERROR] Error del servidor {
  "service": "my-gasolinera-api",
  "metodo": "GET",
  "url": "/api/gasolineras?id_provincia=16",
  "status": 500,
  "duracion_ms": 3,
  "usuario_id": "anónimo",
  "ip": "127.0.0.1",
  "respuesta": "{\"success\":false,\"message\":\"Error interno del servidor\"}"
}
[2026-02-14 14:17:27] [ERROR] Error obteniendo gasolineras: {
  "service": "my-gasolinera-api",
  "error": "Unknown column 'id_provincia' in 'SELECT'",
  "stack": "Error: Unknown column 'id_provincia' in 'SELECT'\n    at PromisePool.execute (C:\\Users\\Oscar\\OneDrive\\Documentos\\MyGasolineraBBDD\\MyGasolineraBackEnd\\node_modules\\mysql2\\lib\\promise\\pool.js:54:22)\n    at exports.getGasolineras (C:\\Users\\Oscar\\OneDrive\\Documentos\\MyGasolineraBBDD\\MyGasolineraBackEnd\\controllers\\gasolinerasController.js:64:35)\n    at Layer.handle [as handle_request] (C:\\Users\\Oscar\\OneDrive\\Documentos\\MyGasolineraBBDD\\MyGasolineraBackEnd\\node_modules\\express\\lib\\router\\layer.js:95:5)\n    at next (C:\\Users\\Oscar\\OneDrive\\Documentos\\MyGasolineraBBDD\\MyGasolineraBackEnd\\node_modules\\express\\lib\\router\\route.js:149:13)\n    at Route.dispatch (C:\\Users\\Oscar\\OneDrive\\Documentos\\MyGasolineraBBDD\\MyGasolineraBackEnd\\node_modules\\express\\lib\\router\\route.js:119:3)\n    at Layer.handle [as handle_request] (C:\\Users\\Oscar\\OneDrive\\Documentos\\MyGasolineraBBDD\\MyGasolineraBackEnd\\node_modules\\express\\lib\\router\\layer.js:95:5)\n    at C:\\Users\\Oscar\\OneDrive\\Documentos\\MyGasolineraBBDD\\MyGasolineraBackEnd\\node_modules\\express\\lib\\router\\index.js:284:15\n    at router.process_params (C:\\Users\\Oscar\\OneDrive\\Documentos\\MyGasolineraBBDD\\MyGasolineraBackEnd\\node_modules\\express\\lib\\router\\index.js:346:12)\n    at next (C:\\Users\\Oscar\\OneDrive\\Documentos\\MyGasolineraBBDD\\MyGasolineraBackEnd\\node_modules\\express\\lib\\router\\index.js:280:10)\n    at router.handle (C:\\Users\\Oscar\\OneDrive\\Documentos\\MyGasolineraBBDD\\MyGasolineraBackEnd\\node_modules\\express\\lib\\router\\index.js:175:3)"
}
[2026-02-14 14:17:27] [ERROR] Error del servidor {
  "service": "my-gasolinera-api",
  "metodo": "GET",
  "url": "/api/gasolineras?id_provincia=03",
  "status": 500,
  "duracion_ms": 3,
  "usuario_id": "anónimo",
  "ip": "127.0.0.1",
  "respuesta": {
    "success": false,
    "message": "Error interno del servidor"
  }
}
[2026-02-14 14:17:27] [ERROR] Error del servidor {
  "service": "my-gasolinera-api",
  "metodo": "GET",
  "url": "/api/gasolineras?id_provincia=03",
  "status": 500,
  "duracion_ms": 3,
  "usuario_id": "anónimo",
  "ip": "127.0.0.1",
  "respuesta": "{\"success\":false,\"message\":\"Error interno del servidor\"}"
}
[2026-02-14 14:17:28] [ERROR] Error obteniendo gasolineras: {
  "service": "my-gasolinera-api",
  "error": "Unknown column 'id_provincia' in 'SELECT'",
  "stack": "Error: Unknown column 'id_provincia' in 'SELECT'\n    at PromisePool.execute (C:\\Users\\Oscar\\OneDrive\\Documentos\\MyGasolineraBBDD\\MyGasolineraBackEnd\\node_modules\\mysql2\\lib\\promise\\pool.js:54:22)\n    at exports.getGasolineras (C:\\Users\\Oscar\\OneDrive\\Documentos\\MyGasolineraBBDD\\MyGasolineraBackEnd\\controllers\\gasolinerasController.js:64:35)\n    at Layer.handle [as handle_request] (C:\\Users\\Oscar\\OneDrive\\Documentos\\MyGasolineraBBDD\\MyGasolineraBackEnd\\node_modules\\express\\lib\\router\\layer.js:95:5)\n    at next (C:\\Users\\Oscar\\OneDrive\\Documentos\\MyGasolineraBBDD\\MyGasolineraBackEnd\\node_modules\\express\\lib\\router\\route.js:149:13)\n    at Route.dispatch (C:\\Users\\Oscar\\OneDrive\\Documentos\\MyGasolineraBBDD\\MyGasolineraBackEnd\\node_modules\\express\\lib\\router\\route.js:119:3)\n    at Layer.handle [as handle_request] (C:\\Users\\Oscar\\OneDrive\\Documentos\\MyGasolineraBBDD\\MyGasolineraBackEnd\\node_modules\\express\\lib\\router\\layer.js:95:5)\n    at C:\\Users\\Oscar\\OneDrive\\Documentos\\MyGasolineraBBDD\\MyGasolineraBackEnd\\node_modules\\express\\lib\\router\\index.js:284:15\n    at router.process_params (C:\\Users\\Oscar\\OneDrive\\Documentos\\MyGasolineraBBDD\\MyGasolineraBackEnd\\node_modules\\express\\lib\\router\\index.js:346:12)\n    at next (C:\\Users\\Oscar\\OneDrive\\Documentos\\MyGasolineraBBDD\\MyGasolineraBackEnd\\node_modules\\express\\lib\\router\\index.js:280:10)\n    at router.handle (C:\\Users\\Oscar\\OneDrive\\Documentos\\MyGasolineraBBDD\\MyGasolineraBackEnd\\node_modules\\express\\lib\\router\\index.js:175:3)"
}
[2026-02-14 14:17:28] [ERROR] Error del servidor {
  "service": "my-gasolinera-api",
  "metodo": "GET",
  "url": "/api/gasolineras?id_provincia=46",
  "status": 500,
  "duracion_ms": 1,
  "usuario_id": "anónimo",
  "ip": "127.0.0.1",
  "respuesta": {
    "success": false,
    "message": "Error interno del servidor"
  }
}
[2026-02-14 14:17:28] [ERROR] Error del servidor {
  "service": "my-gasolinera-api",
  "metodo": "GET",
  "url": "/api/gasolineras?id_provincia=46",
  "status": 500,
  "duracion_ms": 2,
  "usuario_id": "anónimo",
  "ip": "127.0.0.1",
  "respuesta": "{\"success\":false,\"message\":\"Error interno del servidor\"}"
}
[2026-02-14 14:17:28] [ERROR] Error obteniendo gasolineras: {
  "service": "my-gasolinera-api",
  "error": "Unknown column 'id_provincia' in 'SELECT'",
  "stack": "Error: Unknown column 'id_provincia' in 'SELECT'\n    at PromisePool.execute (C:\\Users\\Oscar\\OneDrive\\Documentos\\MyGasolineraBBDD\\MyGasolineraBackEnd\\node_modules\\mysql2\\lib\\promise\\pool.js:54:22)\n    at exports.getGasolineras (C:\\Users\\Oscar\\OneDrive\\Documentos\\MyGasolineraBBDD\\MyGasolineraBackEnd\\controllers\\gasolinerasController.js:64:35)\n    at Layer.handle [as handle_request] (C:\\Users\\Oscar\\OneDrive\\Documentos\\MyGasolineraBBDD\\MyGasolineraBackEnd\\node_modules\\express\\lib\\router\\layer.js:95:5)\n    at next (C:\\Users\\Oscar\\OneDrive\\Documentos\\MyGasolineraBBDD\\MyGasolineraBackEnd\\node_modules\\express\\lib\\router\\route.js:149:13)\n    at Route.dispatch (C:\\Users\\Oscar\\OneDrive\\Documentos\\MyGasolineraBBDD\\MyGasolineraBackEnd\\node_modules\\express\\lib\\router\\route.js:119:3)\n    at Layer.handle [as handle_request] (C:\\Users\\Oscar\\OneDrive\\Documentos\\MyGasolineraBBDD\\MyGasolineraBackEnd\\node_modules\\express\\lib\\router\\layer.js:95:5)\n    at C:\\Users\\Oscar\\OneDrive\\Documentos\\MyGasolineraBBDD\\MyGasolineraBackEnd\\node_modules\\express\\lib\\router\\index.js:284:15\n    at router.process_params (C:\\Users\\Oscar\\OneDrive\\Documentos\\MyGasolineraBBDD\\MyGasolineraBackEnd\\node_modules\\express\\lib\\router\\index.js:346:12)\n    at next (C:\\Users\\Oscar\\OneDrive\\Documentos\\MyGasolineraBBDD\\MyGasolineraBackEnd\\node_modules\\express\\lib\\router\\index.js:280:10)\n    at router.handle (C:\\Users\\Oscar\\OneDrive\\Documentos\\MyGasolineraBBDD\\MyGasolineraBackEnd\\node_modules\\express\\lib\\router\\index.js:175:3)"
}
[2026-02-14 14:17:28] [ERROR] Error del servidor {
  "service": "my-gasolinera-api",
  "metodo": "GET",
  "url": "/api/gasolineras?id_provincia=12",
  "status": 500,
  "duracion_ms": 2,
  "usuario_id": "anónimo",
  "ip": "127.0.0.1",
  "respuesta": {
    "success": false,
    "message": "Error interno del servidor"
  }
}
[2026-02-14 14:17:28] [ERROR] Error del servidor {
  "service": "my-gasolinera-api",
  "metodo": "GET",
  "url": "/api/gasolineras?id_provincia=12",
  "status": 500,
  "duracion_ms": 2,
  "usuario_id": "anónimo",
  "ip": "127.0.0.1",
  "respuesta": "{\"success\":false,\"message\":\"Error interno del servidor\"}"
}
[2026-02-14 14:17:28] [ERROR] Error obteniendo gasolineras: {
  "service": "my-gasolinera-api",
  "error": "Unknown column 'id_provincia' in 'SELECT'",
  "stack": "Error: Unknown column 'id_provincia' in 'SELECT'\n    at PromisePool.execute (C:\\Users\\Oscar\\OneDrive\\Documentos\\MyGasolineraBBDD\\MyGasolineraBackEnd\\node_modules\\mysql2\\lib\\promise\\pool.js:54:22)\n    at exports.getGasolineras (C:\\Users\\Oscar\\OneDrive\\Documentos\\MyGasolineraBBDD\\MyGasolineraBackEnd\\controllers\\gasolinerasController.js:64:35)\n    at Layer.handle [as handle_request] (C:\\Users\\Oscar\\OneDrive\\Documentos\\MyGasolineraBBDD\\MyGasolineraBackEnd\\node_modules\\express\\lib\\router\\layer.js:95:5)\n    at next (C:\\Users\\Oscar\\OneDrive\\Documentos\\MyGasolineraBBDD\\MyGasolineraBackEnd\\node_modules\\express\\lib\\router\\route.js:149:13)\n    at Route.dispatch (C:\\Users\\Oscar\\OneDrive\\Documentos\\MyGasolineraBBDD\\MyGasolineraBackEnd\\node_modules\\express\\lib\\router\\route.js:119:3)\n    at Layer.handle [as handle_request] (C:\\Users\\Oscar\\OneDrive\\Documentos\\MyGasolineraBBDD\\MyGasolineraBackEnd\\node_modules\\express\\lib\\router\\layer.js:95:5)\n    at C:\\Users\\Oscar\\OneDrive\\Documentos\\MyGasolineraBBDD\\MyGasolineraBackEnd\\node_modules\\express\\lib\\router\\index.js:284:15\n    at router.process_params (C:\\Users\\Oscar\\OneDrive\\Documentos\\MyGasolineraBBDD\\MyGasolineraBackEnd\\node_modules\\express\\lib\\router\\index.js:346:12)\n    at next (C:\\Users\\Oscar\\OneDrive\\Documentos\\MyGasolineraBBDD\\MyGasolineraBackEnd\\node_modules\\express\\lib\\router\\index.js:280:10)\n    at router.handle (C:\\Users\\Oscar\\OneDrive\\Documentos\\MyGasolineraBBDD\\MyGasolineraBackEnd\\node_modules\\express\\lib\\router\\index.js:175:3)"
}
[2026-02-14 14:17:28] [ERROR] Error del servidor {
  "service": "my-gasolinera-api",
  "metodo": "GET",
  "url": "/api/gasolineras?id_provincia=44",
  "status": 500,
  "duracion_ms": 2,
  "usuario_id": "anónimo",
  "ip": "127.0.0.1",
  "respuesta": {
    "success": false,
    "message": "Error interno del servidor"
  }
}
[2026-02-14 14:17:28] [ERROR] Error del servidor {
  "service": "my-gasolinera-api",
  "metodo": "GET",
  "url": "/api/gasolineras?id_provincia=44",
  "status": 500,
  "duracion_ms": 2,
  "usuario_id": "anónimo",
  "ip": "127.0.0.1",
  "respuesta": "{\"success\":false,\"message\":\"Error interno del servidor\"}"
}
[2026-02-14 14:17:28] [ERROR] Error obteniendo gasolineras: {
  "service": "my-gasolinera-api",
  "error": "Unknown column 'id_provincia' in 'SELECT'",
  "stack": "Error: Unknown column 'id_provincia' in 'SELECT'\n    at PromisePool.execute (C:\\Users\\Oscar\\OneDrive\\Documentos\\MyGasolineraBBDD\\MyGasolineraBackEnd\\node_modules\\mysql2\\lib\\promise\\pool.js:54:22)\n    at exports.getGasolineras (C:\\Users\\Oscar\\OneDrive\\Documentos\\MyGasolineraBBDD\\MyGasolineraBackEnd\\controllers\\gasolinerasController.js:64:35)\n    at Layer.handle [as handle_request] (C:\\Users\\Oscar\\OneDrive\\Documentos\\MyGasolineraBBDD\\MyGasolineraBackEnd\\node_modules\\express\\lib\\router\\layer.js:95:5)\n    at next (C:\\Users\\Oscar\\OneDrive\\Documentos\\MyGasolineraBBDD\\MyGasolineraBackEnd\\node_modules\\express\\lib\\router\\route.js:149:13)\n    at Route.dispatch (C:\\Users\\Oscar\\OneDrive\\Documentos\\MyGasolineraBBDD\\MyGasolineraBackEnd\\node_modules\\express\\lib\\router\\route.js:119:3)\n    at Layer.handle [as handle_request] (C:\\Users\\Oscar\\OneDrive\\Documentos\\MyGasolineraBBDD\\MyGasolineraBackEnd\\node_modules\\express\\lib\\router\\layer.js:95:5)\n    at C:\\Users\\Oscar\\OneDrive\\Documentos\\MyGasolineraBBDD\\MyGasolineraBackEnd\\node_modules\\express\\lib\\router\\index.js:284:15\n    at router.process_params (C:\\Users\\Oscar\\OneDrive\\Documentos\\MyGasolineraBBDD\\MyGasolineraBackEnd\\node_modules\\express\\lib\\router\\index.js:346:12)\n    at next (C:\\Users\\Oscar\\OneDrive\\Documentos\\MyGasolineraBBDD\\MyGasolineraBackEnd\\node_modules\\express\\lib\\router\\index.js:280:10)\n    at router.handle (C:\\Users\\Oscar\\OneDrive\\Documentos\\MyGasolineraBBDD\\MyGasolineraBackEnd\\node_modules\\express\\lib\\router\\index.js:175:3)"
}
[2026-02-14 14:17:28] [ERROR] Error del servidor {
  "service": "my-gasolinera-api",
  "metodo": "GET",
  "url": "/api/gasolineras?id_provincia=16",
  "status": 500,
  "duracion_ms": 1,
  "usuario_id": "anónimo",
  "ip": "127.0.0.1",
  "respuesta": {
    "success": false,
    "message": "Error interno del servidor"
  }
}
[2026-02-14 14:17:28] [ERROR] Error del servidor {
  "service": "my-gasolinera-api",
  "metodo": "GET",
  "url": "/api/gasolineras?id_provincia=16",
  "status": 500,
  "duracion_ms": 2,
  "usuario_id": "anónimo",
  "ip": "127.0.0.1",
  "respuesta": "{\"success\":false,\"message\":\"Error interno del servidor\"}"
}
[2026-02-14 14:17:28] [ERROR] Error obteniendo gasolineras: {
  "service": "my-gasolinera-api",
  "error": "Unknown column 'id_provincia' in 'SELECT'",
  "stack": "Error: Unknown column 'id_provincia' in 'SELECT'\n    at PromisePool.execute (C:\\Users\\Oscar\\OneDrive\\Documentos\\MyGasolineraBBDD\\MyGasolineraBackEnd\\node_modules\\mysql2\\lib\\promise\\pool.js:54:22)\n    at exports.getGasolineras (C:\\Users\\Oscar\\OneDrive\\Documentos\\MyGasolineraBBDD\\MyGasolineraBackEnd\\controllers\\gasolinerasController.js:64:35)\n    at Layer.handle [as handle_request] (C:\\Users\\Oscar\\OneDrive\\Documentos\\MyGasolineraBBDD\\MyGasolineraBackEnd\\node_modules\\express\\lib\\router\\layer.js:95:5)\n    at next (C:\\Users\\Oscar\\OneDrive\\Documentos\\MyGasolineraBBDD\\MyGasolineraBackEnd\\node_modules\\express\\lib\\router\\route.js:149:13)\n    at Route.dispatch (C:\\Users\\Oscar\\OneDrive\\Documentos\\MyGasolineraBBDD\\MyGasolineraBackEnd\\node_modules\\express\\lib\\router\\route.js:119:3)\n    at Layer.handle [as handle_request] (C:\\Users\\Oscar\\OneDrive\\Documentos\\MyGasolineraBBDD\\MyGasolineraBackEnd\\node_modules\\express\\lib\\router\\layer.js:95:5)\n    at C:\\Users\\Oscar\\OneDrive\\Documentos\\MyGasolineraBBDD\\MyGasolineraBackEnd\\node_modules\\express\\lib\\router\\index.js:284:15\n    at router.process_params (C:\\Users\\Oscar\\OneDrive\\Documentos\\MyGasolineraBBDD\\MyGasolineraBackEnd\\node_modules\\express\\lib\\router\\index.js:346:12)\n    at next (C:\\Users\\Oscar\\OneDrive\\Documentos\\MyGasolineraBBDD\\MyGasolineraBackEnd\\node_modules\\express\\lib\\router\\index.js:280:10)\n    at router.handle (C:\\Users\\Oscar\\OneDrive\\Documentos\\MyGasolineraBBDD\\MyGasolineraBackEnd\\node_modules\\express\\lib\\router\\index.js:175:3)"
}
[2026-02-14 14:17:28] [ERROR] Error del servidor {
  "service": "my-gasolinera-api",
  "metodo": "GET",
  "url": "/api/gasolineras?id_provincia=03",
  "status": 500,
  "duracion_ms": 2,
  "usuario_id": "anónimo",
  "ip": "127.0.0.1",
  "respuesta": {
    "success": false,
    "message": "Error interno del servidor"
  }
}
[2026-02-14 14:17:28] [ERROR] Error del servidor {
  "service": "my-gasolinera-api",
  "metodo": "GET",
  "url": "/api/gasolineras?id_provincia=03",
  "status": 500,
  "duracion_ms": 2,
  "usuario_id": "anónimo",
  "ip": "127.0.0.1",
  "respuesta": "{\"success\":false,\"message\":\"Error interno del servidor\"}"
}
[2026-02-14 14:17:28] [ERROR] Error obteniendo gasolineras: {
  "service": "my-gasolinera-api",
  "error": "Unknown column 'id_provincia' in 'SELECT'",
  "stack": "Error: Unknown column 'id_provincia' in 'SELECT'\n    at PromisePool.execute (C:\\Users\\Oscar\\OneDrive\\Documentos\\MyGasolineraBBDD\\MyGasolineraBackEnd\\node_modules\\mysql2\\lib\\promise\\pool.js:54:22)\n    at exports.getGasolineras (C:\\Users\\Oscar\\OneDrive\\Documentos\\MyGasolineraBBDD\\MyGasolineraBackEnd\\controllers\\gasolinerasController.js:64:35)\n    at Layer.handle [as handle_request] (C:\\Users\\Oscar\\OneDrive\\Documentos\\MyGasolineraBBDD\\MyGasolineraBackEnd\\node_modules\\express\\lib\\router\\layer.js:95:5)\n    at next (C:\\Users\\Oscar\\OneDrive\\Documentos\\MyGasolineraBBDD\\MyGasolineraBackEnd\\node_modules\\express\\lib\\router\\route.js:149:13)\n    at Route.dispatch (C:\\Users\\Oscar\\OneDrive\\Documentos\\MyGasolineraBBDD\\MyGasolineraBackEnd\\node_modules\\express\\lib\\router\\route.js:119:3)\n    at Layer.handle [as handle_request] (C:\\Users\\Oscar\\OneDrive\\Documentos\\MyGasolineraBBDD\\MyGasolineraBackEnd\\node_modules\\express\\lib\\router\\layer.js:95:5)\n    at C:\\Users\\Oscar\\OneDrive\\Documentos\\MyGasolineraBBDD\\MyGasolineraBackEnd\\node_modules\\express\\lib\\router\\index.js:284:15\n    at router.process_params (C:\\Users\\Oscar\\OneDrive\\Documentos\\MyGasolineraBBDD\\MyGasolineraBackEnd\\node_modules\\express\\lib\\router\\index.js:346:12)\n    at next (C:\\Users\\Oscar\\OneDrive\\Documentos\\MyGasolineraBBDD\\MyGasolineraBackEnd\\node_modules\\express\\lib\\router\\index.js:280:10)\n    at router.handle (C:\\Users\\Oscar\\OneDrive\\Documentos\\MyGasolineraBBDD\\MyGasolineraBackEnd\\node_modules\\express\\lib\\router\\index.js:175:3)"
}
[2026-02-14 14:17:28] [ERROR] Error del servidor {
  "service": "my-gasolinera-api",
  "metodo": "GET",
  "url": "/api/gasolineras?id_provincia=46",
  "status": 500,
  "duracion_ms": 2,
  "usuario_id": "anónimo",
  "ip": "127.0.0.1",
  "respuesta": {
    "success": false,
    "message": "Error interno del servidor"
  }
}
[2026-02-14 14:17:28] [ERROR] Error del servidor {
  "service": "my-gasolinera-api",
  "metodo": "GET",
  "url": "/api/gasolineras?id_provincia=46",
  "status": 500,
  "duracion_ms": 2,
  "usuario_id": "anónimo",
  "ip": "127.0.0.1",
  "respuesta": "{\"success\":false,\"message\":\"Error interno del servidor\"}"
}
[2026-02-14 14:17:28] [ERROR] Error obteniendo gasolineras: {
  "service": "my-gasolinera-api",
  "error": "Unknown column 'id_provincia' in 'SELECT'",
  "stack": "Error: Unknown column 'id_provincia' in 'SELECT'\n    at PromisePool.execute (C:\\Users\\Oscar\\OneDrive\\Documentos\\MyGasolineraBBDD\\MyGasolineraBackEnd\\node_modules\\mysql2\\lib\\promise\\pool.js:54:22)\n    at exports.getGasolineras (C:\\Users\\Oscar\\OneDrive\\Documentos\\MyGasolineraBBDD\\MyGasolineraBackEnd\\controllers\\gasolinerasController.js:64:35)\n    at Layer.handle [as handle_request] (C:\\Users\\Oscar\\OneDrive\\Documentos\\MyGasolineraBBDD\\MyGasolineraBackEnd\\node_modules\\express\\lib\\router\\layer.js:95:5)\n    at next (C:\\Users\\Oscar\\OneDrive\\Documentos\\MyGasolineraBBDD\\MyGasolineraBackEnd\\node_modules\\express\\lib\\router\\route.js:149:13)\n    at Route.dispatch (C:\\Users\\Oscar\\OneDrive\\Documentos\\MyGasolineraBBDD\\MyGasolineraBackEnd\\node_modules\\express\\lib\\router\\route.js:119:3)\n    at Layer.handle [as handle_request] (C:\\Users\\Oscar\\OneDrive\\Documentos\\MyGasolineraBBDD\\MyGasolineraBackEnd\\node_modules\\express\\lib\\router\\layer.js:95:5)\n    at C:\\Users\\Oscar\\OneDrive\\Documentos\\MyGasolineraBBDD\\MyGasolineraBackEnd\\node_modules\\express\\lib\\router\\index.js:284:15\n    at router.process_params (C:\\Users\\Oscar\\OneDrive\\Documentos\\MyGasolineraBBDD\\MyGasolineraBackEnd\\node_modules\\express\\lib\\router\\index.js:346:12)\n    at next (C:\\Users\\Oscar\\OneDrive\\Documentos\\MyGasolineraBBDD\\MyGasolineraBackEnd\\node_modules\\express\\lib\\router\\index.js:280:10)\n    at router.handle (C:\\Users\\Oscar\\OneDrive\\Documentos\\MyGasolineraBBDD\\MyGasolineraBackEnd\\node_modules\\express\\lib\\router\\index.js:175:3)"
}
[2026-02-14 14:17:28] [ERROR] Error del servidor {
  "service": "my-gasolinera-api",
  "metodo": "GET",
  "url": "/api/gasolineras?id_provincia=12",
  "status": 500,
  "duracion_ms": 2,
  "usuario_id": "anónimo",
  "ip": "127.0.0.1",
  "respuesta": {
    "success": false,
    "message": "Error interno del servidor"
  }
}
[2026-02-14 14:17:28] [ERROR] Error del servidor {
  "service": "my-gasolinera-api",
  "metodo": "GET",
  "url": "/api/gasolineras?id_provincia=12",
  "status": 500,
  "duracion_ms": 2,
  "usuario_id": "anónimo",
  "ip": "127.0.0.1",
  "respuesta": "{\"success\":false,\"message\":\"Error interno del servidor\"}"
}
[2026-02-14 14:17:29] [ERROR] Error obteniendo gasolineras: {
  "service": "my-gasolinera-api",
  "error": "Unknown column 'id_provincia' in 'SELECT'",
  "stack": "Error: Unknown column 'id_provincia' in 'SELECT'\n    at PromisePool.execute (C:\\Users\\Oscar\\OneDrive\\Documentos\\MyGasolineraBBDD\\MyGasolineraBackEnd\\node_modules\\mysql2\\lib\\promise\\pool.js:54:22)\n    at exports.getGasolineras (C:\\Users\\Oscar\\OneDrive\\Documentos\\MyGasolineraBBDD\\MyGasolineraBackEnd\\controllers\\gasolinerasController.js:64:35)\n    at Layer.handle [as handle_request] (C:\\Users\\Oscar\\OneDrive\\Documentos\\MyGasolineraBBDD\\MyGasolineraBackEnd\\node_modules\\express\\lib\\router\\layer.js:95:5)\n    at next (C:\\Users\\Oscar\\OneDrive\\Documentos\\MyGasolineraBBDD\\MyGasolineraBackEnd\\node_modules\\express\\lib\\router\\route.js:149:13)\n    at Route.dispatch (C:\\Users\\Oscar\\OneDrive\\Documentos\\MyGasolineraBBDD\\MyGasolineraBackEnd\\node_modules\\express\\lib\\router\\route.js:119:3)\n    at Layer.handle [as handle_request] (C:\\Users\\Oscar\\OneDrive\\Documentos\\MyGasolineraBBDD\\MyGasolineraBackEnd\\node_modules\\express\\lib\\router\\layer.js:95:5)\n    at C:\\Users\\Oscar\\OneDrive\\Documentos\\MyGasolineraBBDD\\MyGasolineraBackEnd\\node_modules\\express\\lib\\router\\index.js:284:15\n    at router.process_params (C:\\Users\\Oscar\\OneDrive\\Documentos\\MyGasolineraBBDD\\MyGasolineraBackEnd\\node_modules\\express\\lib\\router\\index.js:346:12)\n    at next (C:\\Users\\Oscar\\OneDrive\\Documentos\\MyGasolineraBBDD\\MyGasolineraBackEnd\\node_modules\\express\\lib\\router\\index.js:280:10)\n    at router.handle (C:\\Users\\Oscar\\OneDrive\\Documentos\\MyGasolineraBBDD\\MyGasolineraBackEnd\\node_modules\\express\\lib\\router\\index.js:175:3)"
}
[2026-02-14 14:17:29] [ERROR] Error del servidor {
  "service": "my-gasolinera-api",
  "metodo": "GET",
  "url": "/api/gasolineras?id_provincia=44",
  "status": 500,
  "duracion_ms": 1,
  "usuario_id": "anónimo",
  "ip": "127.0.0.1",
  "respuesta": {
    "success": false,
    "message": "Error interno del servidor"
  }
}
[2026-02-14 14:17:29] [ERROR] Error del servidor {
  "service": "my-gasolinera-api",
  "metodo": "GET",
  "url": "/api/gasolineras?id_provincia=44",
  "status": 500,
  "duracion_ms": 1,
  "usuario_id": "anónimo",
  "ip": "127.0.0.1",
  "respuesta": "{\"success\":false,\"message\":\"Error interno del servidor\"}"
}
[2026-02-14 14:17:29] [ERROR] Error obteniendo gasolineras: {
  "service": "my-gasolinera-api",
  "error": "Unknown column 'id_provincia' in 'SELECT'",
  "stack": "Error: Unknown column 'id_provincia' in 'SELECT'\n    at PromisePool.execute (C:\\Users\\Oscar\\OneDrive\\Documentos\\MyGasolineraBBDD\\MyGasolineraBackEnd\\node_modules\\mysql2\\lib\\promise\\pool.js:54:22)\n    at exports.getGasolineras (C:\\Users\\Oscar\\OneDrive\\Documentos\\MyGasolineraBBDD\\MyGasolineraBackEnd\\controllers\\gasolinerasController.js:64:35)\n    at Layer.handle [as handle_request] (C:\\Users\\Oscar\\OneDrive\\Documentos\\MyGasolineraBBDD\\MyGasolineraBackEnd\\node_modules\\express\\lib\\router\\layer.js:95:5)\n    at next (C:\\Users\\Oscar\\OneDrive\\Documentos\\MyGasolineraBBDD\\MyGasolineraBackEnd\\node_modules\\express\\lib\\router\\route.js:149:13)\n    at Route.dispatch (C:\\Users\\Oscar\\OneDrive\\Documentos\\MyGasolineraBBDD\\MyGasolineraBackEnd\\node_modules\\express\\lib\\router\\route.js:119:3)\n    at Layer.handle [as handle_request] (C:\\Users\\Oscar\\OneDrive\\Documentos\\MyGasolineraBBDD\\MyGasolineraBackEnd\\node_modules\\express\\lib\\router\\layer.js:95:5)\n    at C:\\Users\\Oscar\\OneDrive\\Documentos\\MyGasolineraBBDD\\MyGasolineraBackEnd\\node_modules\\express\\lib\\router\\index.js:284:15\n    at router.process_params (C:\\Users\\Oscar\\OneDrive\\Documentos\\MyGasolineraBBDD\\MyGasolineraBackEnd\\node_modules\\express\\lib\\router\\index.js:346:12)\n    at next (C:\\Users\\Oscar\\OneDrive\\Documentos\\MyGasolineraBBDD\\MyGasolineraBackEnd\\node_modules\\express\\lib\\router\\index.js:280:10)\n    at router.handle (C:\\Users\\Oscar\\OneDrive\\Documentos\\MyGasolineraBBDD\\MyGasolineraBackEnd\\node_modules\\express\\lib\\router\\index.js:175:3)"
}
[2026-02-14 14:17:29] [ERROR] Error del servidor {
  "service": "my-gasolinera-api",
  "metodo": "GET",
  "url": "/api/gasolineras?id_provincia=16",
  "status": 500,
  "duracion_ms": 2,
  "usuario_id": "anónimo",
  "ip": "127.0.0.1",
  "respuesta": {
    "success": false,
    "message": "Error interno del servidor"
  }
}
[2026-02-14 14:17:29] [ERROR] Error del servidor {
  "service": "my-gasolinera-api",
  "metodo": "GET",
  "url": "/api/gasolineras?id_provincia=16",
  "status": 500,
  "duracion_ms": 2,
  "usuario_id": "anónimo",
  "ip": "127.0.0.1",
  "respuesta": "{\"success\":false,\"message\":\"Error interno del servidor\"}"
}
[2026-02-14 14:17:29] [ERROR] Error obteniendo gasolineras: {
  "service": "my-gasolinera-api",
  "error": "Unknown column 'id_provincia' in 'SELECT'",
  "stack": "Error: Unknown column 'id_provincia' in 'SELECT'\n    at PromisePool.execute (C:\\Users\\Oscar\\OneDrive\\Documentos\\MyGasolineraBBDD\\MyGasolineraBackEnd\\node_modules\\mysql2\\lib\\promise\\pool.js:54:22)\n    at exports.getGasolineras (C:\\Users\\Oscar\\OneDrive\\Documentos\\MyGasolineraBBDD\\MyGasolineraBackEnd\\controllers\\gasolinerasController.js:64:35)\n    at Layer.handle [as handle_request] (C:\\Users\\Oscar\\OneDrive\\Documentos\\MyGasolineraBBDD\\MyGasolineraBackEnd\\node_modules\\express\\lib\\router\\layer.js:95:5)\n    at next (C:\\Users\\Oscar\\OneDrive\\Documentos\\MyGasolineraBBDD\\MyGasolineraBackEnd\\node_modules\\express\\lib\\router\\route.js:149:13)\n    at Route.dispatch (C:\\Users\\Oscar\\OneDrive\\Documentos\\MyGasolineraBBDD\\MyGasolineraBackEnd\\node_modules\\express\\lib\\router\\route.js:119:3)\n    at Layer.handle [as handle_request] (C:\\Users\\Oscar\\OneDrive\\Documentos\\MyGasolineraBBDD\\MyGasolineraBackEnd\\node_modules\\express\\lib\\router\\layer.js:95:5)\n    at C:\\Users\\Oscar\\OneDrive\\Documentos\\MyGasolineraBBDD\\MyGasolineraBackEnd\\node_modules\\express\\lib\\router\\index.js:284:15\n    at router.process_params (C:\\Users\\Oscar\\OneDrive\\Documentos\\MyGasolineraBBDD\\MyGasolineraBackEnd\\node_modules\\express\\lib\\router\\index.js:346:12)\n    at next (C:\\Users\\Oscar\\OneDrive\\Documentos\\MyGasolineraBBDD\\MyGasolineraBackEnd\\node_modules\\express\\lib\\router\\index.js:280:10)\n    at router.handle (C:\\Users\\Oscar\\OneDrive\\Documentos\\MyGasolineraBBDD\\MyGasolineraBackEnd\\node_modules\\express\\lib\\router\\index.js:175:3)"
}
[2026-02-14 14:17:29] [ERROR] Error del servidor {
  "service": "my-gasolinera-api",
  "metodo": "GET",
  "url": "/api/gasolineras?id_provincia=03",
  "status": 500,
  "duracion_ms": 2,
  "usuario_id": "anónimo",
  "ip": "127.0.0.1",
  "respuesta": {
    "success": false,
    "message": "Error interno del servidor"
  }
}
[2026-02-14 14:17:29] [ERROR] Error del servidor {
  "service": "my-gasolinera-api",
  "metodo": "GET",
  "url": "/api/gasolineras?id_provincia=03",
  "status": 500,
  "duracion_ms": 2,
  "usuario_id": "anónimo",
  "ip": "127.0.0.1",
  "respuesta": "{\"success\":false,\"message\":\"Error interno del servidor\"}"
}
[2026-02-14 14:17:29] [ERROR] Error obteniendo gasolineras: {
  "service": "my-gasolinera-api",
  "error": "Unknown column 'id_provincia' in 'SELECT'",
  "stack": "Error: Unknown column 'id_provincia' in 'SELECT'\n    at PromisePool.execute (C:\\Users\\Oscar\\OneDrive\\Documentos\\MyGasolineraBBDD\\MyGasolineraBackEnd\\node_modules\\mysql2\\lib\\promise\\pool.js:54:22)\n    at exports.getGasolineras (C:\\Users\\Oscar\\OneDrive\\Documentos\\MyGasolineraBBDD\\MyGasolineraBackEnd\\controllers\\gasolinerasController.js:64:35)\n    at Layer.handle [as handle_request] (C:\\Users\\Oscar\\OneDrive\\Documentos\\MyGasolineraBBDD\\MyGasolineraBackEnd\\node_modules\\express\\lib\\router\\layer.js:95:5)\n    at next (C:\\Users\\Oscar\\OneDrive\\Documentos\\MyGasolineraBBDD\\MyGasolineraBackEnd\\node_modules\\express\\lib\\router\\route.js:149:13)\n    at Route.dispatch (C:\\Users\\Oscar\\OneDrive\\Documentos\\MyGasolineraBBDD\\MyGasolineraBackEnd\\node_modules\\express\\lib\\router\\route.js:119:3)\n    at Layer.handle [as handle_request] (C:\\Users\\Oscar\\OneDrive\\Documentos\\MyGasolineraBBDD\\MyGasolineraBackEnd\\node_modules\\express\\lib\\router\\layer.js:95:5)\n    at C:\\Users\\Oscar\\OneDrive\\Documentos\\MyGasolineraBBDD\\MyGasolineraBackEnd\\node_modules\\express\\lib\\router\\index.js:284:15\n    at router.process_params (C:\\Users\\Oscar\\OneDrive\\Documentos\\MyGasolineraBBDD\\MyGasolineraBackEnd\\node_modules\\express\\lib\\router\\index.js:346:12)\n    at next (C:\\Users\\Oscar\\OneDrive\\Documentos\\MyGasolineraBBDD\\MyGasolineraBackEnd\\node_modules\\express\\lib\\router\\index.js:280:10)\n    at router.handle (C:\\Users\\Oscar\\OneDrive\\Documentos\\MyGasolineraBBDD\\MyGasolineraBackEnd\\node_modules\\express\\lib\\router\\index.js:175:3)"
}
[2026-02-14 14:17:29] [ERROR] Error del servidor {
  "service": "my-gasolinera-api",
  "metodo": "GET",
  "url": "/api/gasolineras?id_provincia=46",
  "status": 500,
  "duracion_ms": 1,
  "usuario_id": "anónimo",
  "ip": "127.0.0.1",
  "respuesta": {
    "success": false,
    "message": "Error interno del servidor"
  }
}
[2026-02-14 14:17:29] [ERROR] Error del servidor {
  "service": "my-gasolinera-api",
  "metodo": "GET",
  "url": "/api/gasolineras?id_provincia=46",
  "status": 500,
  "duracion_ms": 1,
  "usuario_id": "anónimo",
  "ip": "127.0.0.1",
  "respuesta": "{\"success\":false,\"message\":\"Error interno del servidor\"}"
}
[2026-02-14 14:17:29] [ERROR] Error obteniendo gasolineras: {
  "service": "my-gasolinera-api",
  "error": "Unknown column 'id_provincia' in 'SELECT'",
  "stack": "Error: Unknown column 'id_provincia' in 'SELECT'\n    at PromisePool.execute (C:\\Users\\Oscar\\OneDrive\\Documentos\\MyGasolineraBBDD\\MyGasolineraBackEnd\\node_modules\\mysql2\\lib\\promise\\pool.js:54:22)\n    at exports.getGasolineras (C:\\Users\\Oscar\\OneDrive\\Documentos\\MyGasolineraBBDD\\MyGasolineraBackEnd\\controllers\\gasolinerasController.js:64:35)\n    at Layer.handle [as handle_request] (C:\\Users\\Oscar\\OneDrive\\Documentos\\MyGasolineraBBDD\\MyGasolineraBackEnd\\node_modules\\express\\lib\\router\\layer.js:95:5)\n    at next (C:\\Users\\Oscar\\OneDrive\\Documentos\\MyGasolineraBBDD\\MyGasolineraBackEnd\\node_modules\\express\\lib\\router\\route.js:149:13)\n    at Route.dispatch (C:\\Users\\Oscar\\OneDrive\\Documentos\\MyGasolineraBBDD\\MyGasolineraBackEnd\\node_modules\\express\\lib\\router\\route.js:119:3)\n    at Layer.handle [as handle_request] (C:\\Users\\Oscar\\OneDrive\\Documentos\\MyGasolineraBBDD\\MyGasolineraBackEnd\\node_modules\\express\\lib\\router\\layer.js:95:5)\n    at C:\\Users\\Oscar\\OneDrive\\Documentos\\MyGasolineraBBDD\\MyGasolineraBackEnd\\node_modules\\express\\lib\\router\\index.js:284:15\n    at router.process_params (C:\\Users\\Oscar\\OneDrive\\Documentos\\MyGasolineraBBDD\\MyGasolineraBackEnd\\node_modules\\express\\lib\\router\\index.js:346:12)\n    at next (C:\\Users\\Oscar\\OneDrive\\Documentos\\MyGasolineraBBDD\\MyGasolineraBackEnd\\node_modules\\express\\lib\\router\\index.js:280:10)\n    at router.handle (C:\\Users\\Oscar\\OneDrive\\Documentos\\MyGasolineraBBDD\\MyGasolineraBackEnd\\node_modules\\express\\lib\\router\\index.js:175:3)"
}
[2026-02-14 14:17:29] [ERROR] Error del servidor {
  "service": "my-gasolinera-api",
  "metodo": "GET",
  "url": "/api/gasolineras?id_provincia=12",
  "status": 500,
  "duracion_ms": 1,
  "usuario_id": "anónimo",
  "ip": "127.0.0.1",
  "respuesta": {
    "success": false,
    "message": "Error interno del servidor"
  }
}
[2026-02-14 14:17:29] [ERROR] Error del servidor {
  "service": "my-gasolinera-api",
  "metodo": "GET",
  "url": "/api/gasolineras?id_provincia=12",
  "status": 500,
  "duracion_ms": 2,
  "usuario_id": "anónimo",
  "ip": "127.0.0.1",
  "respuesta": "{\"success\":false,\"message\":\"Error interno del servidor\"}"
}
[2026-02-14 14:17:29] [ERROR] Error obteniendo gasolineras: {
  "service": "my-gasolinera-api",
  "error": "Unknown column 'id_provincia' in 'SELECT'",
  "stack": "Error: Unknown column 'id_provincia' in 'SELECT'\n    at PromisePool.execute (C:\\Users\\Oscar\\OneDrive\\Documentos\\MyGasolineraBBDD\\MyGasolineraBackEnd\\node_modules\\mysql2\\lib\\promise\\pool.js:54:22)\n    at exports.getGasolineras (C:\\Users\\Oscar\\OneDrive\\Documentos\\MyGasolineraBBDD\\MyGasolineraBackEnd\\controllers\\gasolinerasController.js:64:35)\n    at Layer.handle [as handle_request] (C:\\Users\\Oscar\\OneDrive\\Documentos\\MyGasolineraBBDD\\MyGasolineraBackEnd\\node_modules\\express\\lib\\router\\layer.js:95:5)\n    at next (C:\\Users\\Oscar\\OneDrive\\Documentos\\MyGasolineraBBDD\\MyGasolineraBackEnd\\node_modules\\express\\lib\\router\\route.js:149:13)\n    at Route.dispatch (C:\\Users\\Oscar\\OneDrive\\Documentos\\MyGasolineraBBDD\\MyGasolineraBackEnd\\node_modules\\express\\lib\\router\\route.js:119:3)\n    at Layer.handle [as handle_request] (C:\\Users\\Oscar\\OneDrive\\Documentos\\MyGasolineraBBDD\\MyGasolineraBackEnd\\node_modules\\express\\lib\\router\\layer.js:95:5)\n    at C:\\Users\\Oscar\\OneDrive\\Documentos\\MyGasolineraBBDD\\MyGasolineraBackEnd\\node_modules\\express\\lib\\router\\index.js:284:15\n    at router.process_params (C:\\Users\\Oscar\\OneDrive\\Documentos\\MyGasolineraBBDD\\MyGasolineraBackEnd\\node_modules\\express\\lib\\router\\index.js:346:12)\n    at next (C:\\Users\\Oscar\\OneDrive\\Documentos\\MyGasolineraBBDD\\MyGasolineraBackEnd\\node_modules\\express\\lib\\router\\index.js:280:10)\n    at router.handle (C:\\Users\\Oscar\\OneDrive\\Documentos\\MyGasolineraBBDD\\MyGasolineraBackEnd\\node_modules\\express\\lib\\router\\index.js:175:3)"
}
[2026-02-14 14:17:29] [ERROR] Error del servidor {
  "service": "my-gasolinera-api",
  "metodo": "GET",
  "url": "/api/gasolineras?id_provincia=44",
  "status": 500,
  "duracion_ms": 1,
  "usuario_id": "anónimo",
  "ip": "127.0.0.1",
  "respuesta": {
    "success": false,
    "message": "Error interno del servidor"
  }
}
[2026-02-14 14:17:29] [ERROR] Error del servidor {
  "service": "my-gasolinera-api",
  "metodo": "GET",
  "url": "/api/gasolineras?id_provincia=44",
  "status": 500,
  "duracion_ms": 1,
  "usuario_id": "anónimo",
  "ip": "127.0.0.1",
  "respuesta": "{\"success\":false,\"message\":\"Error interno del servidor\"}"
}
[2026-02-14 14:17:29] [ERROR] Error obteniendo gasolineras: {
  "service": "my-gasolinera-api",
  "error": "Unknown column 'id_provincia' in 'SELECT'",
  "stack": "Error: Unknown column 'id_provincia' in 'SELECT'\n    at PromisePool.execute (C:\\Users\\Oscar\\OneDrive\\Documentos\\MyGasolineraBBDD\\MyGasolineraBackEnd\\node_modules\\mysql2\\lib\\promise\\pool.js:54:22)\n    at exports.getGasolineras (C:\\Users\\Oscar\\OneDrive\\Documentos\\MyGasolineraBBDD\\MyGasolineraBackEnd\\controllers\\gasolinerasController.js:64:35)\n    at Layer.handle [as handle_request] (C:\\Users\\Oscar\\OneDrive\\Documentos\\MyGasolineraBBDD\\MyGasolineraBackEnd\\node_modules\\express\\lib\\router\\layer.js:95:5)\n    at next (C:\\Users\\Oscar\\OneDrive\\Documentos\\MyGasolineraBBDD\\MyGasolineraBackEnd\\node_modules\\express\\lib\\router\\route.js:149:13)\n    at Route.dispatch (C:\\Users\\Oscar\\OneDrive\\Documentos\\MyGasolineraBBDD\\MyGasolineraBackEnd\\node_modules\\express\\lib\\router\\route.js:119:3)\n    at Layer.handle [as handle_request] (C:\\Users\\Oscar\\OneDrive\\Documentos\\MyGasolineraBBDD\\MyGasolineraBackEnd\\node_modules\\express\\lib\\router\\layer.js:95:5)\n    at C:\\Users\\Oscar\\OneDrive\\Documentos\\MyGasolineraBBDD\\MyGasolineraBackEnd\\node_modules\\express\\lib\\router\\index.js:284:15\n    at router.process_params (C:\\Users\\Oscar\\OneDrive\\Documentos\\MyGasolineraBBDD\\MyGasolineraBackEnd\\node_modules\\express\\lib\\router\\index.js:346:12)\n    at next (C:\\Users\\Oscar\\OneDrive\\Documentos\\MyGasolineraBBDD\\MyGasolineraBackEnd\\node_modules\\express\\lib\\router\\index.js:280:10)\n    at router.handle (C:\\Users\\Oscar\\OneDrive\\Documentos\\MyGasolineraBBDD\\MyGasolineraBackEnd\\node_modules\\express\\lib\\router\\index.js:175:3)"
}
[2026-02-14 14:17:29] [ERROR] Error del servidor {
  "service": "my-gasolinera-api",
  "metodo": "GET",
  "url": "/api/gasolineras?id_provincia=16",
  "status": 500,
  "duracion_ms": 2,
  "usuario_id": "anónimo",
  "ip": "127.0.0.1",
  "respuesta": {
    "success": false,
    "message": "Error interno del servidor"
  }
}
[2026-02-14 14:17:29] [ERROR] Error del servidor {
  "service": "my-gasolinera-api",
  "metodo": "GET",
  "url": "/api/gasolineras?id_provincia=16",
  "status": 500,
  "duracion_ms": 2,
  "usuario_id": "anónimo",
  "ip": "127.0.0.1",
  "respuesta": "{\"success\":false,\"message\":\"Error interno del servidor\"}"
}
[2026-02-14 14:17:29] [ERROR] Error obteniendo gasolineras: {
  "service": "my-gasolinera-api",
  "error": "Unknown column 'id_provincia' in 'SELECT'",
  "stack": "Error: Unknown column 'id_provincia' in 'SELECT'\n    at PromisePool.execute (C:\\Users\\Oscar\\OneDrive\\Documentos\\MyGasolineraBBDD\\MyGasolineraBackEnd\\node_modules\\mysql2\\lib\\promise\\pool.js:54:22)\n    at exports.getGasolineras (C:\\Users\\Oscar\\OneDrive\\Documentos\\MyGasolineraBBDD\\MyGasolineraBackEnd\\controllers\\gasolinerasController.js:64:35)\n    at Layer.handle [as handle_request] (C:\\Users\\Oscar\\OneDrive\\Documentos\\MyGasolineraBBDD\\MyGasolineraBackEnd\\node_modules\\express\\lib\\router\\layer.js:95:5)\n    at next (C:\\Users\\Oscar\\OneDrive\\Documentos\\MyGasolineraBBDD\\MyGasolineraBackEnd\\node_modules\\express\\lib\\router\\route.js:149:13)\n    at Route.dispatch (C:\\Users\\Oscar\\OneDrive\\Documentos\\MyGasolineraBBDD\\MyGasolineraBackEnd\\node_modules\\express\\lib\\router\\route.js:119:3)\n    at Layer.handle [as handle_request] (C:\\Users\\Oscar\\OneDrive\\Documentos\\MyGasolineraBBDD\\MyGasolineraBackEnd\\node_modules\\express\\lib\\router\\layer.js:95:5)\n    at C:\\Users\\Oscar\\OneDrive\\Documentos\\MyGasolineraBBDD\\MyGasolineraBackEnd\\node_modules\\express\\lib\\router\\index.js:284:15\n    at router.process_params (C:\\Users\\Oscar\\OneDrive\\Documentos\\MyGasolineraBBDD\\MyGasolineraBackEnd\\node_modules\\express\\lib\\router\\index.js:346:12)\n    at next (C:\\Users\\Oscar\\OneDrive\\Documentos\\MyGasolineraBBDD\\MyGasolineraBackEnd\\node_modules\\express\\lib\\router\\index.js:280:10)\n    at router.handle (C:\\Users\\Oscar\\OneDrive\\Documentos\\MyGasolineraBBDD\\MyGasolineraBackEnd\\node_modules\\express\\lib\\router\\index.js:175:3)"
}
[2026-02-14 14:17:29] [ERROR] Error del servidor {
  "service": "my-gasolinera-api",
  "metodo": "GET",
  "url": "/api/gasolineras?id_provincia=03",
  "status": 500,
  "duracion_ms": 2,
  "usuario_id": "anónimo",
  "ip": "127.0.0.1",
  "respuesta": {
    "success": false,
    "message": "Error interno del servidor"
  }
}
[2026-02-14 14:17:29] [ERROR] Error del servidor {
  "service": "my-gasolinera-api",
  "metodo": "GET",
  "url": "/api/gasolineras?id_provincia=03",
  "status": 500,
  "duracion_ms": 2,
  "usuario_id": "anónimo",
  "ip": "127.0.0.1",
  "respuesta": "{\"success\":false,\"message\":\"Error interno del servidor\"}"
}
[2026-02-14 14:17:30] [ERROR] Error obteniendo gasolineras: {
  "service": "my-gasolinera-api",
  "error": "Unknown column 'id_provincia' in 'SELECT'",
  "stack": "Error: Unknown column 'id_provincia' in 'SELECT'\n    at PromisePool.execute (C:\\Users\\Oscar\\OneDrive\\Documentos\\MyGasolineraBBDD\\MyGasolineraBackEnd\\node_modules\\mysql2\\lib\\promise\\pool.js:54:22)\n    at exports.getGasolineras (C:\\Users\\Oscar\\OneDrive\\Documentos\\MyGasolineraBBDD\\MyGasolineraBackEnd\\controllers\\gasolinerasController.js:64:35)\n    at Layer.handle [as handle_request] (C:\\Users\\Oscar\\OneDrive\\Documentos\\MyGasolineraBBDD\\MyGasolineraBackEnd\\node_modules\\express\\lib\\router\\layer.js:95:5)\n    at next (C:\\Users\\Oscar\\OneDrive\\Documentos\\MyGasolineraBBDD\\MyGasolineraBackEnd\\node_modules\\express\\lib\\router\\route.js:149:13)\n    at Route.dispatch (C:\\Users\\Oscar\\OneDrive\\Documentos\\MyGasolineraBBDD\\MyGasolineraBackEnd\\node_modules\\express\\lib\\router\\route.js:119:3)\n    at Layer.handle [as handle_request] (C:\\Users\\Oscar\\OneDrive\\Documentos\\MyGasolineraBBDD\\MyGasolineraBackEnd\\node_modules\\express\\lib\\router\\layer.js:95:5)\n    at C:\\Users\\Oscar\\OneDrive\\Documentos\\MyGasolineraBBDD\\MyGasolineraBackEnd\\node_modules\\express\\lib\\router\\index.js:284:15\n    at router.process_params (C:\\Users\\Oscar\\OneDrive\\Documentos\\MyGasolineraBBDD\\MyGasolineraBackEnd\\node_modules\\express\\lib\\router\\index.js:346:12)\n    at next (C:\\Users\\Oscar\\OneDrive\\Documentos\\MyGasolineraBBDD\\MyGasolineraBackEnd\\node_modules\\express\\lib\\router\\index.js:280:10)\n    at router.handle (C:\\Users\\Oscar\\OneDrive\\Documentos\\MyGasolineraBBDD\\MyGasolineraBackEnd\\node_modules\\express\\lib\\router\\index.js:175:3)"
}
[2026-02-14 14:17:30] [ERROR] Error del servidor {
  "service": "my-gasolinera-api",
  "metodo": "GET",
  "url": "/api/gasolineras?id_provincia=46",
  "status": 500,
  "duracion_ms": 2,
  "usuario_id": "anónimo",
  "ip": "127.0.0.1",
  "respuesta": {
    "success": false,
    "message": "Error interno del servidor"
  }
}
[2026-02-14 14:17:30] [ERROR] Error del servidor {
  "service": "my-gasolinera-api",
  "metodo": "GET",
  "url": "/api/gasolineras?id_provincia=46",
  "status": 500,
  "duracion_ms": 2,
  "usuario_id": "anónimo",
  "ip": "127.0.0.1",
  "respuesta": "{\"success\":false,\"message\":\"Error interno del servidor\"}"
}
[2026-02-14 14:17:30] [ERROR] Error obteniendo gasolineras: {
  "service": "my-gasolinera-api",
  "error": "Unknown column 'id_provincia' in 'SELECT'",
  "stack": "Error: Unknown column 'id_provincia' in 'SELECT'\n    at PromisePool.execute (C:\\Users\\Oscar\\OneDrive\\Documentos\\MyGasolineraBBDD\\MyGasolineraBackEnd\\node_modules\\mysql2\\lib\\promise\\pool.js:54:22)\n    at exports.getGasolineras (C:\\Users\\Oscar\\OneDrive\\Documentos\\MyGasolineraBBDD\\MyGasolineraBackEnd\\controllers\\gasolinerasController.js:64:35)\n    at Layer.handle [as handle_request] (C:\\Users\\Oscar\\OneDrive\\Documentos\\MyGasolineraBBDD\\MyGasolineraBackEnd\\node_modules\\express\\lib\\router\\layer.js:95:5)\n    at next (C:\\Users\\Oscar\\OneDrive\\Documentos\\MyGasolineraBBDD\\MyGasolineraBackEnd\\node_modules\\express\\lib\\router\\route.js:149:13)\n    at Route.dispatch (C:\\Users\\Oscar\\OneDrive\\Documentos\\MyGasolineraBBDD\\MyGasolineraBackEnd\\node_modules\\express\\lib\\router\\route.js:119:3)\n    at Layer.handle [as handle_request] (C:\\Users\\Oscar\\OneDrive\\Documentos\\MyGasolineraBBDD\\MyGasolineraBackEnd\\node_modules\\express\\lib\\router\\layer.js:95:5)\n    at C:\\Users\\Oscar\\OneDrive\\Documentos\\MyGasolineraBBDD\\MyGasolineraBackEnd\\node_modules\\express\\lib\\router\\index.js:284:15\n    at router.process_params (C:\\Users\\Oscar\\OneDrive\\Documentos\\MyGasolineraBBDD\\MyGasolineraBackEnd\\node_modules\\express\\lib\\router\\index.js:346:12)\n    at next (C:\\Users\\Oscar\\OneDrive\\Documentos\\MyGasolineraBBDD\\MyGasolineraBackEnd\\node_modules\\express\\lib\\router\\index.js:280:10)\n    at router.handle (C:\\Users\\Oscar\\OneDrive\\Documentos\\MyGasolineraBBDD\\MyGasolineraBackEnd\\node_modules\\express\\lib\\router\\index.js:175:3)"
}
[2026-02-14 14:17:30] [ERROR] Error del servidor {
  "service": "my-gasolinera-api",
  "metodo": "GET",
  "url": "/api/gasolineras?id_provincia=12",
  "status": 500,
  "duracion_ms": 2,
  "usuario_id": "anónimo",
  "ip": "127.0.0.1",
  "respuesta": {
    "success": false,
    "message": "Error interno del servidor"
  }
}
[2026-02-14 14:17:30] [ERROR] Error del servidor {
  "service": "my-gasolinera-api",
  "metodo": "GET",
  "url": "/api/gasolineras?id_provincia=12",
  "status": 500,
  "duracion_ms": 2,
  "usuario_id": "anónimo",
  "ip": "127.0.0.1",
  "respuesta": "{\"success\":false,\"message\":\"Error interno del servidor\"}"
}
[2026-02-14 14:17:30] [ERROR] Error obteniendo gasolineras: {
  "service": "my-gasolinera-api",
  "error": "Unknown column 'id_provincia' in 'SELECT'",
  "stack": "Error: Unknown column 'id_provincia' in 'SELECT'\n    at PromisePool.execute (C:\\Users\\Oscar\\OneDrive\\Documentos\\MyGasolineraBBDD\\MyGasolineraBackEnd\\node_modules\\mysql2\\lib\\promise\\pool.js:54:22)\n    at exports.getGasolineras (C:\\Users\\Oscar\\OneDrive\\Documentos\\MyGasolineraBBDD\\MyGasolineraBackEnd\\controllers\\gasolinerasController.js:64:35)\n    at Layer.handle [as handle_request] (C:\\Users\\Oscar\\OneDrive\\Documentos\\MyGasolineraBBDD\\MyGasolineraBackEnd\\node_modules\\express\\lib\\router\\layer.js:95:5)\n    at next (C:\\Users\\Oscar\\OneDrive\\Documentos\\MyGasolineraBBDD\\MyGasolineraBackEnd\\node_modules\\express\\lib\\router\\route.js:149:13)\n    at Route.dispatch (C:\\Users\\Oscar\\OneDrive\\Documentos\\MyGasolineraBBDD\\MyGasolineraBackEnd\\node_modules\\express\\lib\\router\\route.js:119:3)\n    at Layer.handle [as handle_request] (C:\\Users\\Oscar\\OneDrive\\Documentos\\MyGasolineraBBDD\\MyGasolineraBackEnd\\node_modules\\express\\lib\\router\\layer.js:95:5)\n    at C:\\Users\\Oscar\\OneDrive\\Documentos\\MyGasolineraBBDD\\MyGasolineraBackEnd\\node_modules\\express\\lib\\router\\index.js:284:15\n    at router.process_params (C:\\Users\\Oscar\\OneDrive\\Documentos\\MyGasolineraBBDD\\MyGasolineraBackEnd\\node_modules\\express\\lib\\router\\index.js:346:12)\n    at next (C:\\Users\\Oscar\\OneDrive\\Documentos\\MyGasolineraBBDD\\MyGasolineraBackEnd\\node_modules\\express\\lib\\router\\index.js:280:10)\n    at router.handle (C:\\Users\\Oscar\\OneDrive\\Documentos\\MyGasolineraBBDD\\MyGasolineraBackEnd\\node_modules\\express\\lib\\router\\index.js:175:3)"
}
[2026-02-14 14:17:30] [ERROR] Error del servidor {
  "service": "my-gasolinera-api",
  "metodo": "GET",
  "url": "/api/gasolineras?id_provincia=44",
  "status": 500,
  "duracion_ms": 1,
  "usuario_id": "anónimo",
  "ip": "127.0.0.1",
  "respuesta": {
    "success": false,
    "message": "Error interno del servidor"
  }
}
[2026-02-14 14:17:30] [ERROR] Error del servidor {
  "service": "my-gasolinera-api",
  "metodo": "GET",
  "url": "/api/gasolineras?id_provincia=44",
  "status": 500,
  "duracion_ms": 2,
  "usuario_id": "anónimo",
  "ip": "127.0.0.1",
  "respuesta": "{\"success\":false,\"message\":\"Error interno del servidor\"}"
}
[2026-02-14 14:17:30] [ERROR] Error obteniendo gasolineras: {
  "service": "my-gasolinera-api",
  "error": "Unknown column 'id_provincia' in 'SELECT'",
  "stack": "Error: Unknown column 'id_provincia' in 'SELECT'\n    at PromisePool.execute (C:\\Users\\Oscar\\OneDrive\\Documentos\\MyGasolineraBBDD\\MyGasolineraBackEnd\\node_modules\\mysql2\\lib\\promise\\pool.js:54:22)\n    at exports.getGasolineras (C:\\Users\\Oscar\\OneDrive\\Documentos\\MyGasolineraBBDD\\MyGasolineraBackEnd\\controllers\\gasolinerasController.js:64:35)\n    at Layer.handle [as handle_request] (C:\\Users\\Oscar\\OneDrive\\Documentos\\MyGasolineraBBDD\\MyGasolineraBackEnd\\node_modules\\express\\lib\\router\\layer.js:95:5)\n    at next (C:\\Users\\Oscar\\OneDrive\\Documentos\\MyGasolineraBBDD\\MyGasolineraBackEnd\\node_modules\\express\\lib\\router\\route.js:149:13)\n    at Route.dispatch (C:\\Users\\Oscar\\OneDrive\\Documentos\\MyGasolineraBBDD\\MyGasolineraBackEnd\\node_modules\\express\\lib\\router\\route.js:119:3)\n    at Layer.handle [as handle_request] (C:\\Users\\Oscar\\OneDrive\\Documentos\\MyGasolineraBBDD\\MyGasolineraBackEnd\\node_modules\\express\\lib\\router\\layer.js:95:5)\n    at C:\\Users\\Oscar\\OneDrive\\Documentos\\MyGasolineraBBDD\\MyGasolineraBackEnd\\node_modules\\express\\lib\\router\\index.js:284:15\n    at router.process_params (C:\\Users\\Oscar\\OneDrive\\Documentos\\MyGasolineraBBDD\\MyGasolineraBackEnd\\node_modules\\express\\lib\\router\\index.js:346:12)\n    at next (C:\\Users\\Oscar\\OneDrive\\Documentos\\MyGasolineraBBDD\\MyGasolineraBackEnd\\node_modules\\express\\lib\\router\\index.js:280:10)\n    at router.handle (C:\\Users\\Oscar\\OneDrive\\Documentos\\MyGasolineraBBDD\\MyGasolineraBackEnd\\node_modules\\express\\lib\\router\\index.js:175:3)"
}
[2026-02-14 14:17:30] [ERROR] Error del servidor {
  "service": "my-gasolinera-api",
  "metodo": "GET",
  "url": "/api/gasolineras?id_provincia=16",
  "status": 500,
  "duracion_ms": 2,
  "usuario_id": "anónimo",
  "ip": "127.0.0.1",
  "respuesta": {
    "success": false,
    "message": "Error interno del servidor"
  }
}
[2026-02-14 14:17:30] [ERROR] Error del servidor {
  "service": "my-gasolinera-api",
  "metodo": "GET",
  "url": "/api/gasolineras?id_provincia=16",
  "status": 500,
  "duracion_ms": 3,
  "usuario_id": "anónimo",
  "ip": "127.0.0.1",
  "respuesta": "{\"success\":false,\"message\":\"Error interno del servidor\"}"
}
[2026-02-14 14:17:30] [ERROR] Error obteniendo gasolineras: {
  "service": "my-gasolinera-api",
  "error": "Unknown column 'id_provincia' in 'SELECT'",
  "stack": "Error: Unknown column 'id_provincia' in 'SELECT'\n    at PromisePool.execute (C:\\Users\\Oscar\\OneDrive\\Documentos\\MyGasolineraBBDD\\MyGasolineraBackEnd\\node_modules\\mysql2\\lib\\promise\\pool.js:54:22)\n    at exports.getGasolineras (C:\\Users\\Oscar\\OneDrive\\Documentos\\MyGasolineraBBDD\\MyGasolineraBackEnd\\controllers\\gasolinerasController.js:64:35)\n    at Layer.handle [as handle_request] (C:\\Users\\Oscar\\OneDrive\\Documentos\\MyGasolineraBBDD\\MyGasolineraBackEnd\\node_modules\\express\\lib\\router\\layer.js:95:5)\n    at next (C:\\Users\\Oscar\\OneDrive\\Documentos\\MyGasolineraBBDD\\MyGasolineraBackEnd\\node_modules\\express\\lib\\router\\route.js:149:13)\n    at Route.dispatch (C:\\Users\\Oscar\\OneDrive\\Documentos\\MyGasolineraBBDD\\MyGasolineraBackEnd\\node_modules\\express\\lib\\router\\route.js:119:3)\n    at Layer.handle [as handle_request] (C:\\Users\\Oscar\\OneDrive\\Documentos\\MyGasolineraBBDD\\MyGasolineraBackEnd\\node_modules\\express\\lib\\router\\layer.js:95:5)\n    at C:\\Users\\Oscar\\OneDrive\\Documentos\\MyGasolineraBBDD\\MyGasolineraBackEnd\\node_modules\\express\\lib\\router\\index.js:284:15\n    at router.process_params (C:\\Users\\Oscar\\OneDrive\\Documentos\\MyGasolineraBBDD\\MyGasolineraBackEnd\\node_modules\\express\\lib\\router\\index.js:346:12)\n    at next (C:\\Users\\Oscar\\OneDrive\\Documentos\\MyGasolineraBBDD\\MyGasolineraBackEnd\\node_modules\\express\\lib\\router\\index.js:280:10)\n    at router.handle (C:\\Users\\Oscar\\OneDrive\\Documentos\\MyGasolineraBBDD\\MyGasolineraBackEnd\\node_modules\\express\\lib\\router\\index.js:175:3)"
}
[2026-02-14 14:17:30] [ERROR] Error del servidor {
  "service": "my-gasolinera-api",
  "metodo": "GET",
  "url": "/api/gasolineras?id_provincia=03",
  "status": 500,
  "duracion_ms": 1,
  "usuario_id": "anónimo",
  "ip": "127.0.0.1",
  "respuesta": {
    "success": false,
    "message": "Error interno del servidor"
  }
}
[2026-02-14 14:17:30] [ERROR] Error del servidor {
  "service": "my-gasolinera-api",
  "metodo": "GET",
  "url": "/api/gasolineras?id_provincia=03",
  "status": 500,
  "duracion_ms": 1,
  "usuario_id": "anónimo",
  "ip": "127.0.0.1",
  "respuesta": "{\"success\":false,\"message\":\"Error interno del servidor\"}"
}
[2026-02-14 14:17:31] [ERROR] Error obteniendo gasolineras: {
  "service": "my-gasolinera-api",
  "error": "Unknown column 'id_provincia' in 'SELECT'",
  "stack": "Error: Unknown column 'id_provincia' in 'SELECT'\n    at PromisePool.execute (C:\\Users\\Oscar\\OneDrive\\Documentos\\MyGasolineraBBDD\\MyGasolineraBackEnd\\node_modules\\mysql2\\lib\\promise\\pool.js:54:22)\n    at exports.getGasolineras (C:\\Users\\Oscar\\OneDrive\\Documentos\\MyGasolineraBBDD\\MyGasolineraBackEnd\\controllers\\gasolinerasController.js:64:35)\n    at Layer.handle [as handle_request] (C:\\Users\\Oscar\\OneDrive\\Documentos\\MyGasolineraBBDD\\MyGasolineraBackEnd\\node_modules\\express\\lib\\router\\layer.js:95:5)\n    at next (C:\\Users\\Oscar\\OneDrive\\Documentos\\MyGasolineraBBDD\\MyGasolineraBackEnd\\node_modules\\express\\lib\\router\\route.js:149:13)\n    at Route.dispatch (C:\\Users\\Oscar\\OneDrive\\Documentos\\MyGasolineraBBDD\\MyGasolineraBackEnd\\node_modules\\express\\lib\\router\\route.js:119:3)\n    at Layer.handle [as handle_request] (C:\\Users\\Oscar\\OneDrive\\Documentos\\MyGasolineraBBDD\\MyGasolineraBackEnd\\node_modules\\express\\lib\\router\\layer.js:95:5)\n    at C:\\Users\\Oscar\\OneDrive\\Documentos\\MyGasolineraBBDD\\MyGasolineraBackEnd\\node_modules\\express\\lib\\router\\index.js:284:15\n    at router.process_params (C:\\Users\\Oscar\\OneDrive\\Documentos\\MyGasolineraBBDD\\MyGasolineraBackEnd\\node_modules\\express\\lib\\router\\index.js:346:12)\n    at next (C:\\Users\\Oscar\\OneDrive\\Documentos\\MyGasolineraBBDD\\MyGasolineraBackEnd\\node_modules\\express\\lib\\router\\index.js:280:10)\n    at router.handle (C:\\Users\\Oscar\\OneDrive\\Documentos\\MyGasolineraBBDD\\MyGasolineraBackEnd\\node_modules\\express\\lib\\router\\index.js:175:3)"
}
[2026-02-14 14:17:31] [ERROR] Error del servidor {
  "service": "my-gasolinera-api",
  "metodo": "GET",
  "url": "/api/gasolineras?id_provincia=46",
  "status": 500,
  "duracion_ms": 1,
  "usuario_id": "anónimo",
  "ip": "127.0.0.1",
  "respuesta": {
    "success": false,
    "message": "Error interno del servidor"
  }
}
[2026-02-14 14:17:31] [ERROR] Error del servidor {
  "service": "my-gasolinera-api",
  "metodo": "GET",
  "url": "/api/gasolineras?id_provincia=46",
  "status": 500,
  "duracion_ms": 2,
  "usuario_id": "anónimo",
  "ip": "127.0.0.1",
  "respuesta": "{\"success\":false,\"message\":\"Error interno del servidor\"}"
}
[2026-02-14 14:17:31] [ERROR] Error obteniendo gasolineras: {
  "service": "my-gasolinera-api",
  "error": "Unknown column 'id_provincia' in 'SELECT'",
  "stack": "Error: Unknown column 'id_provincia' in 'SELECT'\n    at PromisePool.execute (C:\\Users\\Oscar\\OneDrive\\Documentos\\MyGasolineraBBDD\\MyGasolineraBackEnd\\node_modules\\mysql2\\lib\\promise\\pool.js:54:22)\n    at exports.getGasolineras (C:\\Users\\Oscar\\OneDrive\\Documentos\\MyGasolineraBBDD\\MyGasolineraBackEnd\\controllers\\gasolinerasController.js:64:35)\n    at Layer.handle [as handle_request] (C:\\Users\\Oscar\\OneDrive\\Documentos\\MyGasolineraBBDD\\MyGasolineraBackEnd\\node_modules\\express\\lib\\router\\layer.js:95:5)\n    at next (C:\\Users\\Oscar\\OneDrive\\Documentos\\MyGasolineraBBDD\\MyGasolineraBackEnd\\node_modules\\express\\lib\\router\\route.js:149:13)\n    at Route.dispatch (C:\\Users\\Oscar\\OneDrive\\Documentos\\MyGasolineraBBDD\\MyGasolineraBackEnd\\node_modules\\express\\lib\\router\\route.js:119:3)\n    at Layer.handle [as handle_request] (C:\\Users\\Oscar\\OneDrive\\Documentos\\MyGasolineraBBDD\\MyGasolineraBackEnd\\node_modules\\express\\lib\\router\\layer.js:95:5)\n    at C:\\Users\\Oscar\\OneDrive\\Documentos\\MyGasolineraBBDD\\MyGasolineraBackEnd\\node_modules\\express\\lib\\router\\index.js:284:15\n    at router.process_params (C:\\Users\\Oscar\\OneDrive\\Documentos\\MyGasolineraBBDD\\MyGasolineraBackEnd\\node_modules\\express\\lib\\router\\index.js:346:12)\n    at next (C:\\Users\\Oscar\\OneDrive\\Documentos\\MyGasolineraBBDD\\MyGasolineraBackEnd\\node_modules\\express\\lib\\router\\index.js:280:10)\n    at router.handle (C:\\Users\\Oscar\\OneDrive\\Documentos\\MyGasolineraBBDD\\MyGasolineraBackEnd\\node_modules\\express\\lib\\router\\index.js:175:3)"
}
[2026-02-14 14:17:31] [ERROR] Error del servidor {
  "service": "my-gasolinera-api",
  "metodo": "GET",
  "url": "/api/gasolineras?id_provincia=12",
  "status": 500,
  "duracion_ms": 1,
  "usuario_id": "anónimo",
  "ip": "127.0.0.1",
  "respuesta": {
    "success": false,
    "message": "Error interno del servidor"
  }
}
[2026-02-14 14:17:31] [ERROR] Error del servidor {
  "service": "my-gasolinera-api",
  "metodo": "GET",
  "url": "/api/gasolineras?id_provincia=12",
  "status": 500,
  "duracion_ms": 2,
  "usuario_id": "anónimo",
  "ip": "127.0.0.1",
  "respuesta": "{\"success\":false,\"message\":\"Error interno del servidor\"}"
}
[2026-02-14 14:17:31] [ERROR] Error obteniendo gasolineras: {
  "service": "my-gasolinera-api",
  "error": "Unknown column 'id_provincia' in 'SELECT'",
  "stack": "Error: Unknown column 'id_provincia' in 'SELECT'\n    at PromisePool.execute (C:\\Users\\Oscar\\OneDrive\\Documentos\\MyGasolineraBBDD\\MyGasolineraBackEnd\\node_modules\\mysql2\\lib\\promise\\pool.js:54:22)\n    at exports.getGasolineras (C:\\Users\\Oscar\\OneDrive\\Documentos\\MyGasolineraBBDD\\MyGasolineraBackEnd\\controllers\\gasolinerasController.js:64:35)\n    at Layer.handle [as handle_request] (C:\\Users\\Oscar\\OneDrive\\Documentos\\MyGasolineraBBDD\\MyGasolineraBackEnd\\node_modules\\express\\lib\\router\\layer.js:95:5)\n    at next (C:\\Users\\Oscar\\OneDrive\\Documentos\\MyGasolineraBBDD\\MyGasolineraBackEnd\\node_modules\\express\\lib\\router\\route.js:149:13)\n    at Route.dispatch (C:\\Users\\Oscar\\OneDrive\\Documentos\\MyGasolineraBBDD\\MyGasolineraBackEnd\\node_modules\\express\\lib\\router\\route.js:119:3)\n    at Layer.handle [as handle_request] (C:\\Users\\Oscar\\OneDrive\\Documentos\\MyGasolineraBBDD\\MyGasolineraBackEnd\\node_modules\\express\\lib\\router\\layer.js:95:5)\n    at C:\\Users\\Oscar\\OneDrive\\Documentos\\MyGasolineraBBDD\\MyGasolineraBackEnd\\node_modules\\express\\lib\\router\\index.js:284:15\n    at router.process_params (C:\\Users\\Oscar\\OneDrive\\Documentos\\MyGasolineraBBDD\\MyGasolineraBackEnd\\node_modules\\express\\lib\\router\\index.js:346:12)\n    at next (C:\\Users\\Oscar\\OneDrive\\Documentos\\MyGasolineraBBDD\\MyGasolineraBackEnd\\node_modules\\express\\lib\\router\\index.js:280:10)\n    at router.handle (C:\\Users\\Oscar\\OneDrive\\Documentos\\MyGasolineraBBDD\\MyGasolineraBackEnd\\node_modules\\express\\lib\\router\\index.js:175:3)"
}
[2026-02-14 14:17:31] [ERROR] Error del servidor {
  "service": "my-gasolinera-api",
  "metodo": "GET",
  "url": "/api/gasolineras?id_provincia=44",
  "status": 500,
  "duracion_ms": 2,
  "usuario_id": "anónimo",
  "ip": "127.0.0.1",
  "respuesta": {
    "success": false,
    "message": "Error interno del servidor"
  }
}
[2026-02-14 14:17:31] [ERROR] Error del servidor {
  "service": "my-gasolinera-api",
  "metodo": "GET",
  "url": "/api/gasolineras?id_provincia=44",
  "status": 500,
  "duracion_ms": 2,
  "usuario_id": "anónimo",
  "ip": "127.0.0.1",
  "respuesta": "{\"success\":false,\"message\":\"Error interno del servidor\"}"
}
[2026-02-14 14:17:31] [ERROR] Error obteniendo gasolineras: {
  "service": "my-gasolinera-api",
  "error": "Unknown column 'id_provincia' in 'SELECT'",
  "stack": "Error: Unknown column 'id_provincia' in 'SELECT'\n    at PromisePool.execute (C:\\Users\\Oscar\\OneDrive\\Documentos\\MyGasolineraBBDD\\MyGasolineraBackEnd\\node_modules\\mysql2\\lib\\promise\\pool.js:54:22)\n    at exports.getGasolineras (C:\\Users\\Oscar\\OneDrive\\Documentos\\MyGasolineraBBDD\\MyGasolineraBackEnd\\controllers\\gasolinerasController.js:64:35)\n    at Layer.handle [as handle_request] (C:\\Users\\Oscar\\OneDrive\\Documentos\\MyGasolineraBBDD\\MyGasolineraBackEnd\\node_modules\\express\\lib\\router\\layer.js:95:5)\n    at next (C:\\Users\\Oscar\\OneDrive\\Documentos\\MyGasolineraBBDD\\MyGasolineraBackEnd\\node_modules\\express\\lib\\router\\route.js:149:13)\n    at Route.dispatch (C:\\Users\\Oscar\\OneDrive\\Documentos\\MyGasolineraBBDD\\MyGasolineraBackEnd\\node_modules\\express\\lib\\router\\route.js:119:3)\n    at Layer.handle [as handle_request] (C:\\Users\\Oscar\\OneDrive\\Documentos\\MyGasolineraBBDD\\MyGasolineraBackEnd\\node_modules\\express\\lib\\router\\layer.js:95:5)\n    at C:\\Users\\Oscar\\OneDrive\\Documentos\\MyGasolineraBBDD\\MyGasolineraBackEnd\\node_modules\\express\\lib\\router\\index.js:284:15\n    at router.process_params (C:\\Users\\Oscar\\OneDrive\\Documentos\\MyGasolineraBBDD\\MyGasolineraBackEnd\\node_modules\\express\\lib\\router\\index.js:346:12)\n    at next (C:\\Users\\Oscar\\OneDrive\\Documentos\\MyGasolineraBBDD\\MyGasolineraBackEnd\\node_modules\\express\\lib\\router\\index.js:280:10)\n    at router.handle (C:\\Users\\Oscar\\OneDrive\\Documentos\\MyGasolineraBBDD\\MyGasolineraBackEnd\\node_modules\\express\\lib\\router\\index.js:175:3)"
}
[2026-02-14 14:17:31] [ERROR] Error del servidor {
  "service": "my-gasolinera-api",
  "metodo": "GET",
  "url": "/api/gasolineras?id_provincia=16",
  "status": 500,
  "duracion_ms": 1,
  "usuario_id": "anónimo",
  "ip": "127.0.0.1",
  "respuesta": {
    "success": false,
    "message": "Error interno del servidor"
  }
}
[2026-02-14 14:17:31] [ERROR] Error del servidor {
  "service": "my-gasolinera-api",
  "metodo": "GET",
  "url": "/api/gasolineras?id_provincia=16",
  "status": 500,
  "duracion_ms": 1,
  "usuario_id": "anónimo",
  "ip": "127.0.0.1",
  "respuesta": "{\"success\":false,\"message\":\"Error interno del servidor\"}"
}
[2026-02-14 14:17:31] [ERROR] Error obteniendo gasolineras: {
  "service": "my-gasolinera-api",
  "error": "Unknown column 'id_provincia' in 'SELECT'",
  "stack": "Error: Unknown column 'id_provincia' in 'SELECT'\n    at PromisePool.execute (C:\\Users\\Oscar\\OneDrive\\Documentos\\MyGasolineraBBDD\\MyGasolineraBackEnd\\node_modules\\mysql2\\lib\\promise\\pool.js:54:22)\n    at exports.getGasolineras (C:\\Users\\Oscar\\OneDrive\\Documentos\\MyGasolineraBBDD\\MyGasolineraBackEnd\\controllers\\gasolinerasController.js:64:35)\n    at Layer.handle [as handle_request] (C:\\Users\\Oscar\\OneDrive\\Documentos\\MyGasolineraBBDD\\MyGasolineraBackEnd\\node_modules\\express\\lib\\router\\layer.js:95:5)\n    at next (C:\\Users\\Oscar\\OneDrive\\Documentos\\MyGasolineraBBDD\\MyGasolineraBackEnd\\node_modules\\express\\lib\\router\\route.js:149:13)\n    at Route.dispatch (C:\\Users\\Oscar\\OneDrive\\Documentos\\MyGasolineraBBDD\\MyGasolineraBackEnd\\node_modules\\express\\lib\\router\\route.js:119:3)\n    at Layer.handle [as handle_request] (C:\\Users\\Oscar\\OneDrive\\Documentos\\MyGasolineraBBDD\\MyGasolineraBackEnd\\node_modules\\express\\lib\\router\\layer.js:95:5)\n    at C:\\Users\\Oscar\\OneDrive\\Documentos\\MyGasolineraBBDD\\MyGasolineraBackEnd\\node_modules\\express\\lib\\router\\index.js:284:15\n    at router.process_params (C:\\Users\\Oscar\\OneDrive\\Documentos\\MyGasolineraBBDD\\MyGasolineraBackEnd\\node_modules\\express\\lib\\router\\index.js:346:12)\n    at next (C:\\Users\\Oscar\\OneDrive\\Documentos\\MyGasolineraBBDD\\MyGasolineraBackEnd\\node_modules\\express\\lib\\router\\index.js:280:10)\n    at router.handle (C:\\Users\\Oscar\\OneDrive\\Documentos\\MyGasolineraBBDD\\MyGasolineraBackEnd\\node_modules\\express\\lib\\router\\index.js:175:3)"
}
[2026-02-14 14:17:31] [ERROR] Error del servidor {
  "service": "my-gasolinera-api",
  "metodo": "GET",
  "url": "/api/gasolineras?id_provincia=03",
  "status": 500,
  "duracion_ms": 1,
  "usuario_id": "anónimo",
  "ip": "127.0.0.1",
  "respuesta": {
    "success": false,
    "message": "Error interno del servidor"
  }
}
[2026-02-14 14:17:31] [ERROR] Error del servidor {
  "service": "my-gasolinera-api",
  "metodo": "GET",
  "url": "/api/gasolineras?id_provincia=03",
  "status": 500,
  "duracion_ms": 2,
  "usuario_id": "anónimo",
  "ip": "127.0.0.1",
  "respuesta": "{\"success\":false,\"message\":\"Error interno del servidor\"}"
}
[2026-02-14 14:17:33] [ERROR] Error obteniendo gasolineras: {
  "service": "my-gasolinera-api",
  "error": "Unknown column 'id_provincia' in 'SELECT'",
  "stack": "Error: Unknown column 'id_provincia' in 'SELECT'\n    at PromisePool.execute (C:\\Users\\Oscar\\OneDrive\\Documentos\\MyGasolineraBBDD\\MyGasolineraBackEnd\\node_modules\\mysql2\\lib\\promise\\pool.js:54:22)\n    at exports.getGasolineras (C:\\Users\\Oscar\\OneDrive\\Documentos\\MyGasolineraBBDD\\MyGasolineraBackEnd\\controllers\\gasolinerasController.js:64:35)\n    at Layer.handle [as handle_request] (C:\\Users\\Oscar\\OneDrive\\Documentos\\MyGasolineraBBDD\\MyGasolineraBackEnd\\node_modules\\express\\lib\\router\\layer.js:95:5)\n    at next (C:\\Users\\Oscar\\OneDrive\\Documentos\\MyGasolineraBBDD\\MyGasolineraBackEnd\\node_modules\\express\\lib\\router\\route.js:149:13)\n    at Route.dispatch (C:\\Users\\Oscar\\OneDrive\\Documentos\\MyGasolineraBBDD\\MyGasolineraBackEnd\\node_modules\\express\\lib\\router\\route.js:119:3)\n    at Layer.handle [as handle_request] (C:\\Users\\Oscar\\OneDrive\\Documentos\\MyGasolineraBBDD\\MyGasolineraBackEnd\\node_modules\\express\\lib\\router\\layer.js:95:5)\n    at C:\\Users\\Oscar\\OneDrive\\Documentos\\MyGasolineraBBDD\\MyGasolineraBackEnd\\node_modules\\express\\lib\\router\\index.js:284:15\n    at router.process_params (C:\\Users\\Oscar\\OneDrive\\Documentos\\MyGasolineraBBDD\\MyGasolineraBackEnd\\node_modules\\express\\lib\\router\\index.js:346:12)\n    at next (C:\\Users\\Oscar\\OneDrive\\Documentos\\MyGasolineraBBDD\\MyGasolineraBackEnd\\node_modules\\express\\lib\\router\\index.js:280:10)\n    at router.handle (C:\\Users\\Oscar\\OneDrive\\Documentos\\MyGasolineraBBDD\\MyGasolineraBackEnd\\node_modules\\express\\lib\\router\\index.js:175:3)"
}
[2026-02-14 14:17:33] [ERROR] Error del servidor {
  "service": "my-gasolinera-api",
  "metodo": "GET",
  "url": "/api/gasolineras?id_provincia=46",
  "status": 500,
  "duracion_ms": 2,
  "usuario_id": "anónimo",
  "ip": "127.0.0.1",
  "respuesta": {
    "success": false,
    "message": "Error interno del servidor"
  }
}
[2026-02-14 14:17:33] [ERROR] Error del servidor {
  "service": "my-gasolinera-api",
  "metodo": "GET",
  "url": "/api/gasolineras?id_provincia=46",
  "status": 500,
  "duracion_ms": 2,
  "usuario_id": "anónimo",
  "ip": "127.0.0.1",
  "respuesta": "{\"success\":false,\"message\":\"Error interno del servidor\"}"
}
[2026-02-14 14:17:33] [ERROR] Error obteniendo gasolineras: {
  "service": "my-gasolinera-api",
  "error": "Unknown column 'id_provincia' in 'SELECT'",
  "stack": "Error: Unknown column 'id_provincia' in 'SELECT'\n    at PromisePool.execute (C:\\Users\\Oscar\\OneDrive\\Documentos\\MyGasolineraBBDD\\MyGasolineraBackEnd\\node_modules\\mysql2\\lib\\promise\\pool.js:54:22)\n    at exports.getGasolineras (C:\\Users\\Oscar\\OneDrive\\Documentos\\MyGasolineraBBDD\\MyGasolineraBackEnd\\controllers\\gasolinerasController.js:64:35)\n    at Layer.handle [as handle_request] (C:\\Users\\Oscar\\OneDrive\\Documentos\\MyGasolineraBBDD\\MyGasolineraBackEnd\\node_modules\\express\\lib\\router\\layer.js:95:5)\n    at next (C:\\Users\\Oscar\\OneDrive\\Documentos\\MyGasolineraBBDD\\MyGasolineraBackEnd\\node_modules\\express\\lib\\router\\route.js:149:13)\n    at Route.dispatch (C:\\Users\\Oscar\\OneDrive\\Documentos\\MyGasolineraBBDD\\MyGasolineraBackEnd\\node_modules\\express\\lib\\router\\route.js:119:3)\n    at Layer.handle [as handle_request] (C:\\Users\\Oscar\\OneDrive\\Documentos\\MyGasolineraBBDD\\MyGasolineraBackEnd\\node_modules\\express\\lib\\router\\layer.js:95:5)\n    at C:\\Users\\Oscar\\OneDrive\\Documentos\\MyGasolineraBBDD\\MyGasolineraBackEnd\\node_modules\\express\\lib\\router\\index.js:284:15\n    at router.process_params (C:\\Users\\Oscar\\OneDrive\\Documentos\\MyGasolineraBBDD\\MyGasolineraBackEnd\\node_modules\\express\\lib\\router\\index.js:346:12)\n    at next (C:\\Users\\Oscar\\OneDrive\\Documentos\\MyGasolineraBBDD\\MyGasolineraBackEnd\\node_modules\\express\\lib\\router\\index.js:280:10)\n    at router.handle (C:\\Users\\Oscar\\OneDrive\\Documentos\\MyGasolineraBBDD\\MyGasolineraBackEnd\\node_modules\\express\\lib\\router\\index.js:175:3)"
}
[2026-02-14 14:17:33] [ERROR] Error del servidor {
  "service": "my-gasolinera-api",
  "metodo": "GET",
  "url": "/api/gasolineras?id_provincia=12",
  "status": 500,
  "duracion_ms": 2,
  "usuario_id": "anónimo",
  "ip": "127.0.0.1",
  "respuesta": {
    "success": false,
    "message": "Error interno del servidor"
  }
}
[2026-02-14 14:17:33] [ERROR] Error del servidor {
  "service": "my-gasolinera-api",
  "metodo": "GET",
  "url": "/api/gasolineras?id_provincia=12",
  "status": 500,
  "duracion_ms": 2,
  "usuario_id": "anónimo",
  "ip": "127.0.0.1",
  "respuesta": "{\"success\":false,\"message\":\"Error interno del servidor\"}"
}
[2026-02-14 14:17:33] [ERROR] Error obteniendo gasolineras: {
  "service": "my-gasolinera-api",
  "error": "Unknown column 'id_provincia' in 'SELECT'",
  "stack": "Error: Unknown column 'id_provincia' in 'SELECT'\n    at PromisePool.execute (C:\\Users\\Oscar\\OneDrive\\Documentos\\MyGasolineraBBDD\\MyGasolineraBackEnd\\node_modules\\mysql2\\lib\\promise\\pool.js:54:22)\n    at exports.getGasolineras (C:\\Users\\Oscar\\OneDrive\\Documentos\\MyGasolineraBBDD\\MyGasolineraBackEnd\\controllers\\gasolinerasController.js:64:35)\n    at Layer.handle [as handle_request] (C:\\Users\\Oscar\\OneDrive\\Documentos\\MyGasolineraBBDD\\MyGasolineraBackEnd\\node_modules\\express\\lib\\router\\layer.js:95:5)\n    at next (C:\\Users\\Oscar\\OneDrive\\Documentos\\MyGasolineraBBDD\\MyGasolineraBackEnd\\node_modules\\express\\lib\\router\\route.js:149:13)\n    at Route.dispatch (C:\\Users\\Oscar\\OneDrive\\Documentos\\MyGasolineraBBDD\\MyGasolineraBackEnd\\node_modules\\express\\lib\\router\\route.js:119:3)\n    at Layer.handle [as handle_request] (C:\\Users\\Oscar\\OneDrive\\Documentos\\MyGasolineraBBDD\\MyGasolineraBackEnd\\node_modules\\express\\lib\\router\\layer.js:95:5)\n    at C:\\Users\\Oscar\\OneDrive\\Documentos\\MyGasolineraBBDD\\MyGasolineraBackEnd\\node_modules\\express\\lib\\router\\index.js:284:15\n    at router.process_params (C:\\Users\\Oscar\\OneDrive\\Documentos\\MyGasolineraBBDD\\MyGasolineraBackEnd\\node_modules\\express\\lib\\router\\index.js:346:12)\n    at next (C:\\Users\\Oscar\\OneDrive\\Documentos\\MyGasolineraBBDD\\MyGasolineraBackEnd\\node_modules\\express\\lib\\router\\index.js:280:10)\n    at router.handle (C:\\Users\\Oscar\\OneDrive\\Documentos\\MyGasolineraBBDD\\MyGasolineraBackEnd\\node_modules\\express\\lib\\router\\index.js:175:3)"
}
[2026-02-14 14:17:33] [ERROR] Error del servidor {
  "service": "my-gasolinera-api",
  "metodo": "GET",
  "url": "/api/gasolineras?id_provincia=44",
  "status": 500,
  "duracion_ms": 1,
  "usuario_id": "anónimo",
  "ip": "127.0.0.1",
  "respuesta": {
    "success": false,
    "message": "Error interno del servidor"
  }
}
[2026-02-14 14:17:33] [ERROR] Error del servidor {
  "service": "my-gasolinera-api",
  "metodo": "GET",
  "url": "/api/gasolineras?id_provincia=44",
  "status": 500,
  "duracion_ms": 1,
  "usuario_id": "anónimo",
  "ip": "127.0.0.1",
  "respuesta": "{\"success\":false,\"message\":\"Error interno del servidor\"}"
}
[2026-02-14 14:17:33] [ERROR] Error obteniendo gasolineras: {
  "service": "my-gasolinera-api",
  "error": "Unknown column 'id_provincia' in 'SELECT'",
  "stack": "Error: Unknown column 'id_provincia' in 'SELECT'\n    at PromisePool.execute (C:\\Users\\Oscar\\OneDrive\\Documentos\\MyGasolineraBBDD\\MyGasolineraBackEnd\\node_modules\\mysql2\\lib\\promise\\pool.js:54:22)\n    at exports.getGasolineras (C:\\Users\\Oscar\\OneDrive\\Documentos\\MyGasolineraBBDD\\MyGasolineraBackEnd\\controllers\\gasolinerasController.js:64:35)\n    at Layer.handle [as handle_request] (C:\\Users\\Oscar\\OneDrive\\Documentos\\MyGasolineraBBDD\\MyGasolineraBackEnd\\node_modules\\express\\lib\\router\\layer.js:95:5)\n    at next (C:\\Users\\Oscar\\OneDrive\\Documentos\\MyGasolineraBBDD\\MyGasolineraBackEnd\\node_modules\\express\\lib\\router\\route.js:149:13)\n    at Route.dispatch (C:\\Users\\Oscar\\OneDrive\\Documentos\\MyGasolineraBBDD\\MyGasolineraBackEnd\\node_modules\\express\\lib\\router\\route.js:119:3)\n    at Layer.handle [as handle_request] (C:\\Users\\Oscar\\OneDrive\\Documentos\\MyGasolineraBBDD\\MyGasolineraBackEnd\\node_modules\\express\\lib\\router\\layer.js:95:5)\n    at C:\\Users\\Oscar\\OneDrive\\Documentos\\MyGasolineraBBDD\\MyGasolineraBackEnd\\node_modules\\express\\lib\\router\\index.js:284:15\n    at router.process_params (C:\\Users\\Oscar\\OneDrive\\Documentos\\MyGasolineraBBDD\\MyGasolineraBackEnd\\node_modules\\express\\lib\\router\\index.js:346:12)\n    at next (C:\\Users\\Oscar\\OneDrive\\Documentos\\MyGasolineraBBDD\\MyGasolineraBackEnd\\node_modules\\express\\lib\\router\\index.js:280:10)\n    at router.handle (C:\\Users\\Oscar\\OneDrive\\Documentos\\MyGasolineraBBDD\\MyGasolineraBackEnd\\node_modules\\express\\lib\\router\\index.js:175:3)"
}
[2026-02-14 14:17:33] [ERROR] Error del servidor {
  "service": "my-gasolinera-api",
  "metodo": "GET",
  "url": "/api/gasolineras?id_provincia=16",
  "status": 500,
  "duracion_ms": 2,
  "usuario_id": "anónimo",
  "ip": "127.0.0.1",
  "respuesta": {
    "success": false,
    "message": "Error interno del servidor"
  }
}
[2026-02-14 14:17:33] [ERROR] Error del servidor {
  "service": "my-gasolinera-api",
  "metodo": "GET",
  "url": "/api/gasolineras?id_provincia=16",
  "status": 500,
  "duracion_ms": 2,
  "usuario_id": "anónimo",
  "ip": "127.0.0.1",
  "respuesta": "{\"success\":false,\"message\":\"Error interno del servidor\"}"
}
[2026-02-14 14:17:33] [ERROR] Error obteniendo gasolineras: {
  "service": "my-gasolinera-api",
  "error": "Unknown column 'id_provincia' in 'SELECT'",
  "stack": "Error: Unknown column 'id_provincia' in 'SELECT'\n    at PromisePool.execute (C:\\Users\\Oscar\\OneDrive\\Documentos\\MyGasolineraBBDD\\MyGasolineraBackEnd\\node_modules\\mysql2\\lib\\promise\\pool.js:54:22)\n    at exports.getGasolineras (C:\\Users\\Oscar\\OneDrive\\Documentos\\MyGasolineraBBDD\\MyGasolineraBackEnd\\controllers\\gasolinerasController.js:64:35)\n    at Layer.handle [as handle_request] (C:\\Users\\Oscar\\OneDrive\\Documentos\\MyGasolineraBBDD\\MyGasolineraBackEnd\\node_modules\\express\\lib\\router\\layer.js:95:5)\n    at next (C:\\Users\\Oscar\\OneDrive\\Documentos\\MyGasolineraBBDD\\MyGasolineraBackEnd\\node_modules\\express\\lib\\router\\route.js:149:13)\n    at Route.dispatch (C:\\Users\\Oscar\\OneDrive\\Documentos\\MyGasolineraBBDD\\MyGasolineraBackEnd\\node_modules\\express\\lib\\router\\route.js:119:3)\n    at Layer.handle [as handle_request] (C:\\Users\\Oscar\\OneDrive\\Documentos\\MyGasolineraBBDD\\MyGasolineraBackEnd\\node_modules\\express\\lib\\router\\layer.js:95:5)\n    at C:\\Users\\Oscar\\OneDrive\\Documentos\\MyGasolineraBBDD\\MyGasolineraBackEnd\\node_modules\\express\\lib\\router\\index.js:284:15\n    at router.process_params (C:\\Users\\Oscar\\OneDrive\\Documentos\\MyGasolineraBBDD\\MyGasolineraBackEnd\\node_modules\\express\\lib\\router\\index.js:346:12)\n    at next (C:\\Users\\Oscar\\OneDrive\\Documentos\\MyGasolineraBBDD\\MyGasolineraBackEnd\\node_modules\\express\\lib\\router\\index.js:280:10)\n    at router.handle (C:\\Users\\Oscar\\OneDrive\\Documentos\\MyGasolineraBBDD\\MyGasolineraBackEnd\\node_modules\\express\\lib\\router\\index.js:175:3)"
}
[2026-02-14 14:17:33] [ERROR] Error del servidor {
  "service": "my-gasolinera-api",
  "metodo": "GET",
  "url": "/api/gasolineras?id_provincia=03",
  "status": 500,
  "duracion_ms": 1,
  "usuario_id": "anónimo",
  "ip": "127.0.0.1",
  "respuesta": {
    "success": false,
    "message": "Error interno del servidor"
  }
}
[2026-02-14 14:17:33] [ERROR] Error del servidor {
  "service": "my-gasolinera-api",
  "metodo": "GET",
  "url": "/api/gasolineras?id_provincia=03",
  "status": 500,
  "duracion_ms": 1,
  "usuario_id": "anónimo",
  "ip": "127.0.0.1",
  "respuesta": "{\"success\":false,\"message\":\"Error interno del servidor\"}"
}
[2026-02-14 14:17:34] [ERROR] Error obteniendo gasolineras: {
  "service": "my-gasolinera-api",
  "error": "Unknown column 'id_provincia' in 'SELECT'",
  "stack": "Error: Unknown column 'id_provincia' in 'SELECT'\n    at PromisePool.execute (C:\\Users\\Oscar\\OneDrive\\Documentos\\MyGasolineraBBDD\\MyGasolineraBackEnd\\node_modules\\mysql2\\lib\\promise\\pool.js:54:22)\n    at exports.getGasolineras (C:\\Users\\Oscar\\OneDrive\\Documentos\\MyGasolineraBBDD\\MyGasolineraBackEnd\\controllers\\gasolinerasController.js:64:35)\n    at Layer.handle [as handle_request] (C:\\Users\\Oscar\\OneDrive\\Documentos\\MyGasolineraBBDD\\MyGasolineraBackEnd\\node_modules\\express\\lib\\router\\layer.js:95:5)\n    at next (C:\\Users\\Oscar\\OneDrive\\Documentos\\MyGasolineraBBDD\\MyGasolineraBackEnd\\node_modules\\express\\lib\\router\\route.js:149:13)\n    at Route.dispatch (C:\\Users\\Oscar\\OneDrive\\Documentos\\MyGasolineraBBDD\\MyGasolineraBackEnd\\node_modules\\express\\lib\\router\\route.js:119:3)\n    at Layer.handle [as handle_request] (C:\\Users\\Oscar\\OneDrive\\Documentos\\MyGasolineraBBDD\\MyGasolineraBackEnd\\node_modules\\express\\lib\\router\\layer.js:95:5)\n    at C:\\Users\\Oscar\\OneDrive\\Documentos\\MyGasolineraBBDD\\MyGasolineraBackEnd\\node_modules\\express\\lib\\router\\index.js:284:15\n    at router.process_params (C:\\Users\\Oscar\\OneDrive\\Documentos\\MyGasolineraBBDD\\MyGasolineraBackEnd\\node_modules\\express\\lib\\router\\index.js:346:12)\n    at next (C:\\Users\\Oscar\\OneDrive\\Documentos\\MyGasolineraBBDD\\MyGasolineraBackEnd\\node_modules\\express\\lib\\router\\index.js:280:10)\n    at router.handle (C:\\Users\\Oscar\\OneDrive\\Documentos\\MyGasolineraBBDD\\MyGasolineraBackEnd\\node_modules\\express\\lib\\router\\index.js:175:3)"
}
[2026-02-14 14:17:34] [ERROR] Error del servidor {
  "service": "my-gasolinera-api",
  "metodo": "GET",
  "url": "/api/gasolineras?id_provincia=46",
  "status": 500,
  "duracion_ms": 2,
  "usuario_id": "anónimo",
  "ip": "127.0.0.1",
  "respuesta": {
    "success": false,
    "message": "Error interno del servidor"
  }
}
[2026-02-14 14:17:34] [ERROR] Error del servidor {
  "service": "my-gasolinera-api",
  "metodo": "GET",
  "url": "/api/gasolineras?id_provincia=46",
  "status": 500,
  "duracion_ms": 2,
  "usuario_id": "anónimo",
  "ip": "127.0.0.1",
  "respuesta": "{\"success\":false,\"message\":\"Error interno del servidor\"}"
}
[2026-02-14 14:17:34] [ERROR] Error obteniendo gasolineras: {
  "service": "my-gasolinera-api",
  "error": "Unknown column 'id_provincia' in 'SELECT'",
  "stack": "Error: Unknown column 'id_provincia' in 'SELECT'\n    at PromisePool.execute (C:\\Users\\Oscar\\OneDrive\\Documentos\\MyGasolineraBBDD\\MyGasolineraBackEnd\\node_modules\\mysql2\\lib\\promise\\pool.js:54:22)\n    at exports.getGasolineras (C:\\Users\\Oscar\\OneDrive\\Documentos\\MyGasolineraBBDD\\MyGasolineraBackEnd\\controllers\\gasolinerasController.js:64:35)\n    at Layer.handle [as handle_request] (C:\\Users\\Oscar\\OneDrive\\Documentos\\MyGasolineraBBDD\\MyGasolineraBackEnd\\node_modules\\express\\lib\\router\\layer.js:95:5)\n    at next (C:\\Users\\Oscar\\OneDrive\\Documentos\\MyGasolineraBBDD\\MyGasolineraBackEnd\\node_modules\\express\\lib\\router\\route.js:149:13)\n    at Route.dispatch (C:\\Users\\Oscar\\OneDrive\\Documentos\\MyGasolineraBBDD\\MyGasolineraBackEnd\\node_modules\\express\\lib\\router\\route.js:119:3)\n    at Layer.handle [as handle_request] (C:\\Users\\Oscar\\OneDrive\\Documentos\\MyGasolineraBBDD\\MyGasolineraBackEnd\\node_modules\\express\\lib\\router\\layer.js:95:5)\n    at C:\\Users\\Oscar\\OneDrive\\Documentos\\MyGasolineraBBDD\\MyGasolineraBackEnd\\node_modules\\express\\lib\\router\\index.js:284:15\n    at router.process_params (C:\\Users\\Oscar\\OneDrive\\Documentos\\MyGasolineraBBDD\\MyGasolineraBackEnd\\node_modules\\express\\lib\\router\\index.js:346:12)\n    at next (C:\\Users\\Oscar\\OneDrive\\Documentos\\MyGasolineraBBDD\\MyGasolineraBackEnd\\node_modules\\express\\lib\\router\\index.js:280:10)\n    at router.handle (C:\\Users\\Oscar\\OneDrive\\Documentos\\MyGasolineraBBDD\\MyGasolineraBackEnd\\node_modules\\express\\lib\\router\\index.js:175:3)"
}
[2026-02-14 14:17:34] [ERROR] Error del servidor {
  "service": "my-gasolinera-api",
  "metodo": "GET",
  "url": "/api/gasolineras?id_provincia=12",
  "status": 500,
  "duracion_ms": 2,
  "usuario_id": "anónimo",
  "ip": "127.0.0.1",
  "respuesta": {
    "success": false,
    "message": "Error interno del servidor"
  }
}
[2026-02-14 14:17:34] [ERROR] Error del servidor {
  "service": "my-gasolinera-api",
  "metodo": "GET",
  "url": "/api/gasolineras?id_provincia=12",
  "status": 500,
  "duracion_ms": 2,
  "usuario_id": "anónimo",
  "ip": "127.0.0.1",
  "respuesta": "{\"success\":false,\"message\":\"Error interno del servidor\"}"
}
[2026-02-14 14:17:34] [ERROR] Error obteniendo gasolineras: {
  "service": "my-gasolinera-api",
  "error": "Unknown column 'id_provincia' in 'SELECT'",
  "stack": "Error: Unknown column 'id_provincia' in 'SELECT'\n    at PromisePool.execute (C:\\Users\\Oscar\\OneDrive\\Documentos\\MyGasolineraBBDD\\MyGasolineraBackEnd\\node_modules\\mysql2\\lib\\promise\\pool.js:54:22)\n    at exports.getGasolineras (C:\\Users\\Oscar\\OneDrive\\Documentos\\MyGasolineraBBDD\\MyGasolineraBackEnd\\controllers\\gasolinerasController.js:64:35)\n    at Layer.handle [as handle_request] (C:\\Users\\Oscar\\OneDrive\\Documentos\\MyGasolineraBBDD\\MyGasolineraBackEnd\\node_modules\\express\\lib\\router\\layer.js:95:5)\n    at next (C:\\Users\\Oscar\\OneDrive\\Documentos\\MyGasolineraBBDD\\MyGasolineraBackEnd\\node_modules\\express\\lib\\router\\route.js:149:13)\n    at Route.dispatch (C:\\Users\\Oscar\\OneDrive\\Documentos\\MyGasolineraBBDD\\MyGasolineraBackEnd\\node_modules\\express\\lib\\router\\route.js:119:3)\n    at Layer.handle [as handle_request] (C:\\Users\\Oscar\\OneDrive\\Documentos\\MyGasolineraBBDD\\MyGasolineraBackEnd\\node_modules\\express\\lib\\router\\layer.js:95:5)\n    at C:\\Users\\Oscar\\OneDrive\\Documentos\\MyGasolineraBBDD\\MyGasolineraBackEnd\\node_modules\\express\\lib\\router\\index.js:284:15\n    at router.process_params (C:\\Users\\Oscar\\OneDrive\\Documentos\\MyGasolineraBBDD\\MyGasolineraBackEnd\\node_modules\\express\\lib\\router\\index.js:346:12)\n    at next (C:\\Users\\Oscar\\OneDrive\\Documentos\\MyGasolineraBBDD\\MyGasolineraBackEnd\\node_modules\\express\\lib\\router\\index.js:280:10)\n    at router.handle (C:\\Users\\Oscar\\OneDrive\\Documentos\\MyGasolineraBBDD\\MyGasolineraBackEnd\\node_modules\\express\\lib\\router\\index.js:175:3)"
}
[2026-02-14 14:17:34] [ERROR] Error del servidor {
  "service": "my-gasolinera-api",
  "metodo": "GET",
  "url": "/api/gasolineras?id_provincia=44",
  "status": 500,
  "duracion_ms": 1,
  "usuario_id": "anónimo",
  "ip": "127.0.0.1",
  "respuesta": {
    "success": false,
    "message": "Error interno del servidor"
  }
}
[2026-02-14 14:17:34] [ERROR] Error del servidor {
  "service": "my-gasolinera-api",
  "metodo": "GET",
  "url": "/api/gasolineras?id_provincia=44",
  "status": 500,
  "duracion_ms": 2,
  "usuario_id": "anónimo",
  "ip": "127.0.0.1",
  "respuesta": "{\"success\":false,\"message\":\"Error interno del servidor\"}"
}
[2026-02-14 14:17:34] [ERROR] Error obteniendo gasolineras: {
  "service": "my-gasolinera-api",
  "error": "Unknown column 'id_provincia' in 'SELECT'",
  "stack": "Error: Unknown column 'id_provincia' in 'SELECT'\n    at PromisePool.execute (C:\\Users\\Oscar\\OneDrive\\Documentos\\MyGasolineraBBDD\\MyGasolineraBackEnd\\node_modules\\mysql2\\lib\\promise\\pool.js:54:22)\n    at exports.getGasolineras (C:\\Users\\Oscar\\OneDrive\\Documentos\\MyGasolineraBBDD\\MyGasolineraBackEnd\\controllers\\gasolinerasController.js:64:35)\n    at Layer.handle [as handle_request] (C:\\Users\\Oscar\\OneDrive\\Documentos\\MyGasolineraBBDD\\MyGasolineraBackEnd\\node_modules\\express\\lib\\router\\layer.js:95:5)\n    at next (C:\\Users\\Oscar\\OneDrive\\Documentos\\MyGasolineraBBDD\\MyGasolineraBackEnd\\node_modules\\express\\lib\\router\\route.js:149:13)\n    at Route.dispatch (C:\\Users\\Oscar\\OneDrive\\Documentos\\MyGasolineraBBDD\\MyGasolineraBackEnd\\node_modules\\express\\lib\\router\\route.js:119:3)\n    at Layer.handle [as handle_request] (C:\\Users\\Oscar\\OneDrive\\Documentos\\MyGasolineraBBDD\\MyGasolineraBackEnd\\node_modules\\express\\lib\\router\\layer.js:95:5)\n    at C:\\Users\\Oscar\\OneDrive\\Documentos\\MyGasolineraBBDD\\MyGasolineraBackEnd\\node_modules\\express\\lib\\router\\index.js:284:15\n    at router.process_params (C:\\Users\\Oscar\\OneDrive\\Documentos\\MyGasolineraBBDD\\MyGasolineraBackEnd\\node_modules\\express\\lib\\router\\index.js:346:12)\n    at next (C:\\Users\\Oscar\\OneDrive\\Documentos\\MyGasolineraBBDD\\MyGasolineraBackEnd\\node_modules\\express\\lib\\router\\index.js:280:10)\n    at router.handle (C:\\Users\\Oscar\\OneDrive\\Documentos\\MyGasolineraBBDD\\MyGasolineraBackEnd\\node_modules\\express\\lib\\router\\index.js:175:3)"
}
[2026-02-14 14:17:34] [ERROR] Error del servidor {
  "service": "my-gasolinera-api",
  "metodo": "GET",
  "url": "/api/gasolineras?id_provincia=16",
  "status": 500,
  "duracion_ms": 2,
  "usuario_id": "anónimo",
  "ip": "127.0.0.1",
  "respuesta": {
    "success": false,
    "message": "Error interno del servidor"
  }
}
[2026-02-14 14:17:34] [ERROR] Error del servidor {
  "service": "my-gasolinera-api",
  "metodo": "GET",
  "url": "/api/gasolineras?id_provincia=16",
  "status": 500,
  "duracion_ms": 2,
  "usuario_id": "anónimo",
  "ip": "127.0.0.1",
  "respuesta": "{\"success\":false,\"message\":\"Error interno del servidor\"}"
}
[2026-02-14 14:17:34] [ERROR] Error obteniendo gasolineras: {
  "service": "my-gasolinera-api",
  "error": "Unknown column 'id_provincia' in 'SELECT'",
  "stack": "Error: Unknown column 'id_provincia' in 'SELECT'\n    at PromisePool.execute (C:\\Users\\Oscar\\OneDrive\\Documentos\\MyGasolineraBBDD\\MyGasolineraBackEnd\\node_modules\\mysql2\\lib\\promise\\pool.js:54:22)\n    at exports.getGasolineras (C:\\Users\\Oscar\\OneDrive\\Documentos\\MyGasolineraBBDD\\MyGasolineraBackEnd\\controllers\\gasolinerasController.js:64:35)\n    at Layer.handle [as handle_request] (C:\\Users\\Oscar\\OneDrive\\Documentos\\MyGasolineraBBDD\\MyGasolineraBackEnd\\node_modules\\express\\lib\\router\\layer.js:95:5)\n    at next (C:\\Users\\Oscar\\OneDrive\\Documentos\\MyGasolineraBBDD\\MyGasolineraBackEnd\\node_modules\\express\\lib\\router\\route.js:149:13)\n    at Route.dispatch (C:\\Users\\Oscar\\OneDrive\\Documentos\\MyGasolineraBBDD\\MyGasolineraBackEnd\\node_modules\\express\\lib\\router\\route.js:119:3)\n    at Layer.handle [as handle_request] (C:\\Users\\Oscar\\OneDrive\\Documentos\\MyGasolineraBBDD\\MyGasolineraBackEnd\\node_modules\\express\\lib\\router\\layer.js:95:5)\n    at C:\\Users\\Oscar\\OneDrive\\Documentos\\MyGasolineraBBDD\\MyGasolineraBackEnd\\node_modules\\express\\lib\\router\\index.js:284:15\n    at router.process_params (C:\\Users\\Oscar\\OneDrive\\Documentos\\MyGasolineraBBDD\\MyGasolineraBackEnd\\node_modules\\express\\lib\\router\\index.js:346:12)\n    at next (C:\\Users\\Oscar\\OneDrive\\Documentos\\MyGasolineraBBDD\\MyGasolineraBackEnd\\node_modules\\express\\lib\\router\\index.js:280:10)\n    at router.handle (C:\\Users\\Oscar\\OneDrive\\Documentos\\MyGasolineraBBDD\\MyGasolineraBackEnd\\node_modules\\express\\lib\\router\\index.js:175:3)"
}
[2026-02-14 14:17:34] [ERROR] Error del servidor {
  "service": "my-gasolinera-api",
  "metodo": "GET",
  "url": "/api/gasolineras?id_provincia=03",
  "status": 500,
  "duracion_ms": 1,
  "usuario_id": "anónimo",
  "ip": "127.0.0.1",
  "respuesta": {
    "success": false,
    "message": "Error interno del servidor"
  }
}
[2026-02-14 14:17:34] [ERROR] Error del servidor {
  "service": "my-gasolinera-api",
  "metodo": "GET",
  "url": "/api/gasolineras?id_provincia=03",
  "status": 500,
  "duracion_ms": 1,
  "usuario_id": "anónimo",
  "ip": "127.0.0.1",
  "respuesta": "{\"success\":false,\"message\":\"Error interno del servidor\"}"
}
[2026-02-14 14:17:35] [ERROR] Error obteniendo gasolineras: {
  "service": "my-gasolinera-api",
  "error": "Unknown column 'id_provincia' in 'SELECT'",
  "stack": "Error: Unknown column 'id_provincia' in 'SELECT'\n    at PromisePool.execute (C:\\Users\\Oscar\\OneDrive\\Documentos\\MyGasolineraBBDD\\MyGasolineraBackEnd\\node_modules\\mysql2\\lib\\promise\\pool.js:54:22)\n    at exports.getGasolineras (C:\\Users\\Oscar\\OneDrive\\Documentos\\MyGasolineraBBDD\\MyGasolineraBackEnd\\controllers\\gasolinerasController.js:64:35)\n    at Layer.handle [as handle_request] (C:\\Users\\Oscar\\OneDrive\\Documentos\\MyGasolineraBBDD\\MyGasolineraBackEnd\\node_modules\\express\\lib\\router\\layer.js:95:5)\n    at next (C:\\Users\\Oscar\\OneDrive\\Documentos\\MyGasolineraBBDD\\MyGasolineraBackEnd\\node_modules\\express\\lib\\router\\route.js:149:13)\n    at Route.dispatch (C:\\Users\\Oscar\\OneDrive\\Documentos\\MyGasolineraBBDD\\MyGasolineraBackEnd\\node_modules\\express\\lib\\router\\route.js:119:3)\n    at Layer.handle [as handle_request] (C:\\Users\\Oscar\\OneDrive\\Documentos\\MyGasolineraBBDD\\MyGasolineraBackEnd\\node_modules\\express\\lib\\router\\layer.js:95:5)\n    at C:\\Users\\Oscar\\OneDrive\\Documentos\\MyGasolineraBBDD\\MyGasolineraBackEnd\\node_modules\\express\\lib\\router\\index.js:284:15\n    at router.process_params (C:\\Users\\Oscar\\OneDrive\\Documentos\\MyGasolineraBBDD\\MyGasolineraBackEnd\\node_modules\\express\\lib\\router\\index.js:346:12)\n    at next (C:\\Users\\Oscar\\OneDrive\\Documentos\\MyGasolineraBBDD\\MyGasolineraBackEnd\\node_modules\\express\\lib\\router\\index.js:280:10)\n    at router.handle (C:\\Users\\Oscar\\OneDrive\\Documentos\\MyGasolineraBBDD\\MyGasolineraBackEnd\\node_modules\\express\\lib\\router\\index.js:175:3)"
}
[2026-02-14 14:17:35] [ERROR] Error del servidor {
  "service": "my-gasolinera-api",
  "metodo": "GET",
  "url": "/api/gasolineras?id_provincia=46",
  "status": 500,
  "duracion_ms": 2,
  "usuario_id": "anónimo",
  "ip": "127.0.0.1",
  "respuesta": {
    "success": false,
    "message": "Error interno del servidor"
  }
}
[2026-02-14 14:17:35] [ERROR] Error del servidor {
  "service": "my-gasolinera-api",
  "metodo": "GET",
  "url": "/api/gasolineras?id_provincia=46",
  "status": 500,
  "duracion_ms": 2,
  "usuario_id": "anónimo",
  "ip": "127.0.0.1",
  "respuesta": "{\"success\":false,\"message\":\"Error interno del servidor\"}"
}
[2026-02-14 14:17:35] [ERROR] Error obteniendo gasolineras: {
  "service": "my-gasolinera-api",
  "error": "Unknown column 'id_provincia' in 'SELECT'",
  "stack": "Error: Unknown column 'id_provincia' in 'SELECT'\n    at PromisePool.execute (C:\\Users\\Oscar\\OneDrive\\Documentos\\MyGasolineraBBDD\\MyGasolineraBackEnd\\node_modules\\mysql2\\lib\\promise\\pool.js:54:22)\n    at exports.getGasolineras (C:\\Users\\Oscar\\OneDrive\\Documentos\\MyGasolineraBBDD\\MyGasolineraBackEnd\\controllers\\gasolinerasController.js:64:35)\n    at Layer.handle [as handle_request] (C:\\Users\\Oscar\\OneDrive\\Documentos\\MyGasolineraBBDD\\MyGasolineraBackEnd\\node_modules\\express\\lib\\router\\layer.js:95:5)\n    at next (C:\\Users\\Oscar\\OneDrive\\Documentos\\MyGasolineraBBDD\\MyGasolineraBackEnd\\node_modules\\express\\lib\\router\\route.js:149:13)\n    at Route.dispatch (C:\\Users\\Oscar\\OneDrive\\Documentos\\MyGasolineraBBDD\\MyGasolineraBackEnd\\node_modules\\express\\lib\\router\\route.js:119:3)\n    at Layer.handle [as handle_request] (C:\\Users\\Oscar\\OneDrive\\Documentos\\MyGasolineraBBDD\\MyGasolineraBackEnd\\node_modules\\express\\lib\\router\\layer.js:95:5)\n    at C:\\Users\\Oscar\\OneDrive\\Documentos\\MyGasolineraBBDD\\MyGasolineraBackEnd\\node_modules\\express\\lib\\router\\index.js:284:15\n    at router.process_params (C:\\Users\\Oscar\\OneDrive\\Documentos\\MyGasolineraBBDD\\MyGasolineraBackEnd\\node_modules\\express\\lib\\router\\index.js:346:12)\n    at next (C:\\Users\\Oscar\\OneDrive\\Documentos\\MyGasolineraBBDD\\MyGasolineraBackEnd\\node_modules\\express\\lib\\router\\index.js:280:10)\n    at router.handle (C:\\Users\\Oscar\\OneDrive\\Documentos\\MyGasolineraBBDD\\MyGasolineraBackEnd\\node_modules\\express\\lib\\router\\index.js:175:3)"
}
[2026-02-14 14:17:35] [ERROR] Error del servidor {
  "service": "my-gasolinera-api",
  "metodo": "GET",
  "url": "/api/gasolineras?id_provincia=12",
  "status": 500,
  "duracion_ms": 2,
  "usuario_id": "anónimo",
  "ip": "127.0.0.1",
  "respuesta": {
    "success": false,
    "message": "Error interno del servidor"
  }
}
[2026-02-14 14:17:35] [ERROR] Error del servidor {
  "service": "my-gasolinera-api",
  "metodo": "GET",
  "url": "/api/gasolineras?id_provincia=12",
  "status": 500,
  "duracion_ms": 2,
  "usuario_id": "anónimo",
  "ip": "127.0.0.1",
  "respuesta": "{\"success\":false,\"message\":\"Error interno del servidor\"}"
}
[2026-02-14 14:17:35] [ERROR] Error obteniendo gasolineras: {
  "service": "my-gasolinera-api",
  "error": "Unknown column 'id_provincia' in 'SELECT'",
  "stack": "Error: Unknown column 'id_provincia' in 'SELECT'\n    at PromisePool.execute (C:\\Users\\Oscar\\OneDrive\\Documentos\\MyGasolineraBBDD\\MyGasolineraBackEnd\\node_modules\\mysql2\\lib\\promise\\pool.js:54:22)\n    at exports.getGasolineras (C:\\Users\\Oscar\\OneDrive\\Documentos\\MyGasolineraBBDD\\MyGasolineraBackEnd\\controllers\\gasolinerasController.js:64:35)\n    at Layer.handle [as handle_request] (C:\\Users\\Oscar\\OneDrive\\Documentos\\MyGasolineraBBDD\\MyGasolineraBackEnd\\node_modules\\express\\lib\\router\\layer.js:95:5)\n    at next (C:\\Users\\Oscar\\OneDrive\\Documentos\\MyGasolineraBBDD\\MyGasolineraBackEnd\\node_modules\\express\\lib\\router\\route.js:149:13)\n    at Route.dispatch (C:\\Users\\Oscar\\OneDrive\\Documentos\\MyGasolineraBBDD\\MyGasolineraBackEnd\\node_modules\\express\\lib\\router\\route.js:119:3)\n    at Layer.handle [as handle_request] (C:\\Users\\Oscar\\OneDrive\\Documentos\\MyGasolineraBBDD\\MyGasolineraBackEnd\\node_modules\\express\\lib\\router\\layer.js:95:5)\n    at C:\\Users\\Oscar\\OneDrive\\Documentos\\MyGasolineraBBDD\\MyGasolineraBackEnd\\node_modules\\express\\lib\\router\\index.js:284:15\n    at router.process_params (C:\\Users\\Oscar\\OneDrive\\Documentos\\MyGasolineraBBDD\\MyGasolineraBackEnd\\node_modules\\express\\lib\\router\\index.js:346:12)\n    at next (C:\\Users\\Oscar\\OneDrive\\Documentos\\MyGasolineraBBDD\\MyGasolineraBackEnd\\node_modules\\express\\lib\\router\\index.js:280:10)\n    at router.handle (C:\\Users\\Oscar\\OneDrive\\Documentos\\MyGasolineraBBDD\\MyGasolineraBackEnd\\node_modules\\express\\lib\\router\\index.js:175:3)"
}
[2026-02-14 14:17:35] [ERROR] Error del servidor {
  "service": "my-gasolinera-api",
  "metodo": "GET",
  "url": "/api/gasolineras?id_provincia=44",
  "status": 500,
  "duracion_ms": 2,
  "usuario_id": "anónimo",
  "ip": "127.0.0.1",
  "respuesta": {
    "success": false,
    "message": "Error interno del servidor"
  }
}
[2026-02-14 14:17:35] [ERROR] Error del servidor {
  "service": "my-gasolinera-api",
  "metodo": "GET",
  "url": "/api/gasolineras?id_provincia=44",
  "status": 500,
  "duracion_ms": 2,
  "usuario_id": "anónimo",
  "ip": "127.0.0.1",
  "respuesta": "{\"success\":false,\"message\":\"Error interno del servidor\"}"
}
[2026-02-14 14:17:35] [ERROR] Error obteniendo gasolineras: {
  "service": "my-gasolinera-api",
  "error": "Unknown column 'id_provincia' in 'SELECT'",
  "stack": "Error: Unknown column 'id_provincia' in 'SELECT'\n    at PromisePool.execute (C:\\Users\\Oscar\\OneDrive\\Documentos\\MyGasolineraBBDD\\MyGasolineraBackEnd\\node_modules\\mysql2\\lib\\promise\\pool.js:54:22)\n    at exports.getGasolineras (C:\\Users\\Oscar\\OneDrive\\Documentos\\MyGasolineraBBDD\\MyGasolineraBackEnd\\controllers\\gasolinerasController.js:64:35)\n    at Layer.handle [as handle_request] (C:\\Users\\Oscar\\OneDrive\\Documentos\\MyGasolineraBBDD\\MyGasolineraBackEnd\\node_modules\\express\\lib\\router\\layer.js:95:5)\n    at next (C:\\Users\\Oscar\\OneDrive\\Documentos\\MyGasolineraBBDD\\MyGasolineraBackEnd\\node_modules\\express\\lib\\router\\route.js:149:13)\n    at Route.dispatch (C:\\Users\\Oscar\\OneDrive\\Documentos\\MyGasolineraBBDD\\MyGasolineraBackEnd\\node_modules\\express\\lib\\router\\route.js:119:3)\n    at Layer.handle [as handle_request] (C:\\Users\\Oscar\\OneDrive\\Documentos\\MyGasolineraBBDD\\MyGasolineraBackEnd\\node_modules\\express\\lib\\router\\layer.js:95:5)\n    at C:\\Users\\Oscar\\OneDrive\\Documentos\\MyGasolineraBBDD\\MyGasolineraBackEnd\\node_modules\\express\\lib\\router\\index.js:284:15\n    at router.process_params (C:\\Users\\Oscar\\OneDrive\\Documentos\\MyGasolineraBBDD\\MyGasolineraBackEnd\\node_modules\\express\\lib\\router\\index.js:346:12)\n    at next (C:\\Users\\Oscar\\OneDrive\\Documentos\\MyGasolineraBBDD\\MyGasolineraBackEnd\\node_modules\\express\\lib\\router\\index.js:280:10)\n    at router.handle (C:\\Users\\Oscar\\OneDrive\\Documentos\\MyGasolineraBBDD\\MyGasolineraBackEnd\\node_modules\\express\\lib\\router\\index.js:175:3)"
}
[2026-02-14 14:17:35] [ERROR] Error del servidor {
  "service": "my-gasolinera-api",
  "metodo": "GET",
  "url": "/api/gasolineras?id_provincia=16",
  "status": 500,
  "duracion_ms": 1,
  "usuario_id": "anónimo",
  "ip": "127.0.0.1",
  "respuesta": {
    "success": false,
    "message": "Error interno del servidor"
  }
}
[2026-02-14 14:17:35] [ERROR] Error del servidor {
  "service": "my-gasolinera-api",
  "metodo": "GET",
  "url": "/api/gasolineras?id_provincia=16",
  "status": 500,
  "duracion_ms": 1,
  "usuario_id": "anónimo",
  "ip": "127.0.0.1",
  "respuesta": "{\"success\":false,\"message\":\"Error interno del servidor\"}"
}
[2026-02-14 14:17:35] [ERROR] Error obteniendo gasolineras: {
  "service": "my-gasolinera-api",
  "error": "Unknown column 'id_provincia' in 'SELECT'",
  "stack": "Error: Unknown column 'id_provincia' in 'SELECT'\n    at PromisePool.execute (C:\\Users\\Oscar\\OneDrive\\Documentos\\MyGasolineraBBDD\\MyGasolineraBackEnd\\node_modules\\mysql2\\lib\\promise\\pool.js:54:22)\n    at exports.getGasolineras (C:\\Users\\Oscar\\OneDrive\\Documentos\\MyGasolineraBBDD\\MyGasolineraBackEnd\\controllers\\gasolinerasController.js:64:35)\n    at Layer.handle [as handle_request] (C:\\Users\\Oscar\\OneDrive\\Documentos\\MyGasolineraBBDD\\MyGasolineraBackEnd\\node_modules\\express\\lib\\router\\layer.js:95:5)\n    at next (C:\\Users\\Oscar\\OneDrive\\Documentos\\MyGasolineraBBDD\\MyGasolineraBackEnd\\node_modules\\express\\lib\\router\\route.js:149:13)\n    at Route.dispatch (C:\\Users\\Oscar\\OneDrive\\Documentos\\MyGasolineraBBDD\\MyGasolineraBackEnd\\node_modules\\express\\lib\\router\\route.js:119:3)\n    at Layer.handle [as handle_request] (C:\\Users\\Oscar\\OneDrive\\Documentos\\MyGasolineraBBDD\\MyGasolineraBackEnd\\node_modules\\express\\lib\\router\\layer.js:95:5)\n    at C:\\Users\\Oscar\\OneDrive\\Documentos\\MyGasolineraBBDD\\MyGasolineraBackEnd\\node_modules\\express\\lib\\router\\index.js:284:15\n    at router.process_params (C:\\Users\\Oscar\\OneDrive\\Documentos\\MyGasolineraBBDD\\MyGasolineraBackEnd\\node_modules\\express\\lib\\router\\index.js:346:12)\n    at next (C:\\Users\\Oscar\\OneDrive\\Documentos\\MyGasolineraBBDD\\MyGasolineraBackEnd\\node_modules\\express\\lib\\router\\index.js:280:10)\n    at router.handle (C:\\Users\\Oscar\\OneDrive\\Documentos\\MyGasolineraBBDD\\MyGasolineraBackEnd\\node_modules\\express\\lib\\router\\index.js:175:3)"
}
[2026-02-14 14:17:35] [ERROR] Error del servidor {
  "service": "my-gasolinera-api",
  "metodo": "GET",
  "url": "/api/gasolineras?id_provincia=03",
  "status": 500,
  "duracion_ms": 1,
  "usuario_id": "anónimo",
  "ip": "127.0.0.1",
  "respuesta": {
    "success": false,
    "message": "Error interno del servidor"
  }
}
[2026-02-14 14:17:35] [ERROR] Error del servidor {
  "service": "my-gasolinera-api",
  "metodo": "GET",
  "url": "/api/gasolineras?id_provincia=03",
  "status": 500,
  "duracion_ms": 1,
  "usuario_id": "anónimo",
  "ip": "127.0.0.1",
  "respuesta": "{\"success\":false,\"message\":\"Error interno del servidor\"}"
}
[2026-02-14 14:18:06] [ERROR] Error obteniendo gasolineras: {
  "service": "my-gasolinera-api",
  "error": "Unknown column 'id_provincia' in 'SELECT'",
  "stack": "Error: Unknown column 'id_provincia' in 'SELECT'\n    at PromisePool.execute (C:\\Users\\Oscar\\OneDrive\\Documentos\\MyGasolineraBBDD\\MyGasolineraBackEnd\\node_modules\\mysql2\\lib\\promise\\pool.js:54:22)\n    at exports.getGasolineras (C:\\Users\\Oscar\\OneDrive\\Documentos\\MyGasolineraBBDD\\MyGasolineraBackEnd\\controllers\\gasolinerasController.js:64:35)\n    at Layer.handle [as handle_request] (C:\\Users\\Oscar\\OneDrive\\Documentos\\MyGasolineraBBDD\\MyGasolineraBackEnd\\node_modules\\express\\lib\\router\\layer.js:95:5)\n    at next (C:\\Users\\Oscar\\OneDrive\\Documentos\\MyGasolineraBBDD\\MyGasolineraBackEnd\\node_modules\\express\\lib\\router\\route.js:149:13)\n    at Route.dispatch (C:\\Users\\Oscar\\OneDrive\\Documentos\\MyGasolineraBBDD\\MyGasolineraBackEnd\\node_modules\\express\\lib\\router\\route.js:119:3)\n    at Layer.handle [as handle_request] (C:\\Users\\Oscar\\OneDrive\\Documentos\\MyGasolineraBBDD\\MyGasolineraBackEnd\\node_modules\\express\\lib\\router\\layer.js:95:5)\n    at C:\\Users\\Oscar\\OneDrive\\Documentos\\MyGasolineraBBDD\\MyGasolineraBackEnd\\node_modules\\express\\lib\\router\\index.js:284:15\n    at router.process_params (C:\\Users\\Oscar\\OneDrive\\Documentos\\MyGasolineraBBDD\\MyGasolineraBackEnd\\node_modules\\express\\lib\\router\\index.js:346:12)\n    at next (C:\\Users\\Oscar\\OneDrive\\Documentos\\MyGasolineraBBDD\\MyGasolineraBackEnd\\node_modules\\express\\lib\\router\\index.js:280:10)\n    at router.handle (C:\\Users\\Oscar\\OneDrive\\Documentos\\MyGasolineraBBDD\\MyGasolineraBackEnd\\node_modules\\express\\lib\\router\\index.js:175:3)"
}
[2026-02-14 14:18:06] [ERROR] Error del servidor {
  "service": "my-gasolinera-api",
  "metodo": "GET",
  "url": "/api/gasolineras?id_provincia=46",
  "status": 500,
  "duracion_ms": 2,
  "usuario_id": "anónimo",
  "ip": "127.0.0.1",
  "respuesta": {
    "success": false,
    "message": "Error interno del servidor"
  }
}
[2026-02-14 14:18:06] [ERROR] Error del servidor {
  "service": "my-gasolinera-api",
  "metodo": "GET",
  "url": "/api/gasolineras?id_provincia=46",
  "status": 500,
  "duracion_ms": 2,
  "usuario_id": "anónimo",
  "ip": "127.0.0.1",
  "respuesta": "{\"success\":false,\"message\":\"Error interno del servidor\"}"
}
[2026-02-14 14:18:06] [ERROR] Error obteniendo gasolineras: {
  "service": "my-gasolinera-api",
  "error": "Unknown column 'id_provincia' in 'SELECT'",
  "stack": "Error: Unknown column 'id_provincia' in 'SELECT'\n    at PromisePool.execute (C:\\Users\\Oscar\\OneDrive\\Documentos\\MyGasolineraBBDD\\MyGasolineraBackEnd\\node_modules\\mysql2\\lib\\promise\\pool.js:54:22)\n    at exports.getGasolineras (C:\\Users\\Oscar\\OneDrive\\Documentos\\MyGasolineraBBDD\\MyGasolineraBackEnd\\controllers\\gasolinerasController.js:64:35)\n    at Layer.handle [as handle_request] (C:\\Users\\Oscar\\OneDrive\\Documentos\\MyGasolineraBBDD\\MyGasolineraBackEnd\\node_modules\\express\\lib\\router\\layer.js:95:5)\n    at next (C:\\Users\\Oscar\\OneDrive\\Documentos\\MyGasolineraBBDD\\MyGasolineraBackEnd\\node_modules\\express\\lib\\router\\route.js:149:13)\n    at Route.dispatch (C:\\Users\\Oscar\\OneDrive\\Documentos\\MyGasolineraBBDD\\MyGasolineraBackEnd\\node_modules\\express\\lib\\router\\route.js:119:3)\n    at Layer.handle [as handle_request] (C:\\Users\\Oscar\\OneDrive\\Documentos\\MyGasolineraBBDD\\MyGasolineraBackEnd\\node_modules\\express\\lib\\router\\layer.js:95:5)\n    at C:\\Users\\Oscar\\OneDrive\\Documentos\\MyGasolineraBBDD\\MyGasolineraBackEnd\\node_modules\\express\\lib\\router\\index.js:284:15\n    at router.process_params (C:\\Users\\Oscar\\OneDrive\\Documentos\\MyGasolineraBBDD\\MyGasolineraBackEnd\\node_modules\\express\\lib\\router\\index.js:346:12)\n    at next (C:\\Users\\Oscar\\OneDrive\\Documentos\\MyGasolineraBBDD\\MyGasolineraBackEnd\\node_modules\\express\\lib\\router\\index.js:280:10)\n    at router.handle (C:\\Users\\Oscar\\OneDrive\\Documentos\\MyGasolineraBBDD\\MyGasolineraBackEnd\\node_modules\\express\\lib\\router\\index.js:175:3)"
}
[2026-02-14 14:18:06] [ERROR] Error del servidor {
  "service": "my-gasolinera-api",
  "metodo": "GET",
  "url": "/api/gasolineras?id_provincia=12",
  "status": 500,
  "duracion_ms": 2,
  "usuario_id": "anónimo",
  "ip": "127.0.0.1",
  "respuesta": {
    "success": false,
    "message": "Error interno del servidor"
  }
}
[2026-02-14 14:18:06] [ERROR] Error del servidor {
  "service": "my-gasolinera-api",
  "metodo": "GET",
  "url": "/api/gasolineras?id_provincia=12",
  "status": 500,
  "duracion_ms": 3,
  "usuario_id": "anónimo",
  "ip": "127.0.0.1",
  "respuesta": "{\"success\":false,\"message\":\"Error interno del servidor\"}"
}
[2026-02-14 14:18:06] [ERROR] Error obteniendo gasolineras: {
  "service": "my-gasolinera-api",
  "error": "Unknown column 'id_provincia' in 'SELECT'",
  "stack": "Error: Unknown column 'id_provincia' in 'SELECT'\n    at PromisePool.execute (C:\\Users\\Oscar\\OneDrive\\Documentos\\MyGasolineraBBDD\\MyGasolineraBackEnd\\node_modules\\mysql2\\lib\\promise\\pool.js:54:22)\n    at exports.getGasolineras (C:\\Users\\Oscar\\OneDrive\\Documentos\\MyGasolineraBBDD\\MyGasolineraBackEnd\\controllers\\gasolinerasController.js:64:35)\n    at Layer.handle [as handle_request] (C:\\Users\\Oscar\\OneDrive\\Documentos\\MyGasolineraBBDD\\MyGasolineraBackEnd\\node_modules\\express\\lib\\router\\layer.js:95:5)\n    at next (C:\\Users\\Oscar\\OneDrive\\Documentos\\MyGasolineraBBDD\\MyGasolineraBackEnd\\node_modules\\express\\lib\\router\\route.js:149:13)\n    at Route.dispatch (C:\\Users\\Oscar\\OneDrive\\Documentos\\MyGasolineraBBDD\\MyGasolineraBackEnd\\node_modules\\express\\lib\\router\\route.js:119:3)\n    at Layer.handle [as handle_request] (C:\\Users\\Oscar\\OneDrive\\Documentos\\MyGasolineraBBDD\\MyGasolineraBackEnd\\node_modules\\express\\lib\\router\\layer.js:95:5)\n    at C:\\Users\\Oscar\\OneDrive\\Documentos\\MyGasolineraBBDD\\MyGasolineraBackEnd\\node_modules\\express\\lib\\router\\index.js:284:15\n    at router.process_params (C:\\Users\\Oscar\\OneDrive\\Documentos\\MyGasolineraBBDD\\MyGasolineraBackEnd\\node_modules\\express\\lib\\router\\index.js:346:12)\n    at next (C:\\Users\\Oscar\\OneDrive\\Documentos\\MyGasolineraBBDD\\MyGasolineraBackEnd\\node_modules\\express\\lib\\router\\index.js:280:10)\n    at router.handle (C:\\Users\\Oscar\\OneDrive\\Documentos\\MyGasolineraBBDD\\MyGasolineraBackEnd\\node_modules\\express\\lib\\router\\index.js:175:3)"
}
[2026-02-14 14:18:06] [ERROR] Error del servidor {
  "service": "my-gasolinera-api",
  "metodo": "GET",
  "url": "/api/gasolineras?id_provincia=44",
  "status": 500,
  "duracion_ms": 1,
  "usuario_id": "anónimo",
  "ip": "127.0.0.1",
  "respuesta": {
    "success": false,
    "message": "Error interno del servidor"
  }
}
[2026-02-14 14:18:06] [ERROR] Error del servidor {
  "service": "my-gasolinera-api",
  "metodo": "GET",
  "url": "/api/gasolineras?id_provincia=44",
  "status": 500,
  "duracion_ms": 1,
  "usuario_id": "anónimo",
  "ip": "127.0.0.1",
  "respuesta": "{\"success\":false,\"message\":\"Error interno del servidor\"}"
}
[2026-02-14 14:18:06] [ERROR] Error obteniendo gasolineras: {
  "service": "my-gasolinera-api",
  "error": "Unknown column 'id_provincia' in 'SELECT'",
  "stack": "Error: Unknown column 'id_provincia' in 'SELECT'\n    at PromisePool.execute (C:\\Users\\Oscar\\OneDrive\\Documentos\\MyGasolineraBBDD\\MyGasolineraBackEnd\\node_modules\\mysql2\\lib\\promise\\pool.js:54:22)\n    at exports.getGasolineras (C:\\Users\\Oscar\\OneDrive\\Documentos\\MyGasolineraBBDD\\MyGasolineraBackEnd\\controllers\\gasolinerasController.js:64:35)\n    at Layer.handle [as handle_request] (C:\\Users\\Oscar\\OneDrive\\Documentos\\MyGasolineraBBDD\\MyGasolineraBackEnd\\node_modules\\express\\lib\\router\\layer.js:95:5)\n    at next (C:\\Users\\Oscar\\OneDrive\\Documentos\\MyGasolineraBBDD\\MyGasolineraBackEnd\\node_modules\\express\\lib\\router\\route.js:149:13)\n    at Route.dispatch (C:\\Users\\Oscar\\OneDrive\\Documentos\\MyGasolineraBBDD\\MyGasolineraBackEnd\\node_modules\\express\\lib\\router\\route.js:119:3)\n    at Layer.handle [as handle_request] (C:\\Users\\Oscar\\OneDrive\\Documentos\\MyGasolineraBBDD\\MyGasolineraBackEnd\\node_modules\\express\\lib\\router\\layer.js:95:5)\n    at C:\\Users\\Oscar\\OneDrive\\Documentos\\MyGasolineraBBDD\\MyGasolineraBackEnd\\node_modules\\express\\lib\\router\\index.js:284:15\n    at router.process_params (C:\\Users\\Oscar\\OneDrive\\Documentos\\MyGasolineraBBDD\\MyGasolineraBackEnd\\node_modules\\express\\lib\\router\\index.js:346:12)\n    at next (C:\\Users\\Oscar\\OneDrive\\Documentos\\MyGasolineraBBDD\\MyGasolineraBackEnd\\node_modules\\express\\lib\\router\\index.js:280:10)\n    at router.handle (C:\\Users\\Oscar\\OneDrive\\Documentos\\MyGasolineraBBDD\\MyGasolineraBackEnd\\node_modules\\express\\lib\\router\\index.js:175:3)"
}
[2026-02-14 14:18:06] [ERROR] Error del servidor {
  "service": "my-gasolinera-api",
  "metodo": "GET",
  "url": "/api/gasolineras?id_provincia=16",
  "status": 500,
  "duracion_ms": 2,
  "usuario_id": "anónimo",
  "ip": "127.0.0.1",
  "respuesta": {
    "success": false,
    "message": "Error interno del servidor"
  }
}
[2026-02-14 14:18:06] [ERROR] Error del servidor {
  "service": "my-gasolinera-api",
  "metodo": "GET",
  "url": "/api/gasolineras?id_provincia=16",
  "status": 500,
  "duracion_ms": 2,
  "usuario_id": "anónimo",
  "ip": "127.0.0.1",
  "respuesta": "{\"success\":false,\"message\":\"Error interno del servidor\"}"
}
[2026-02-14 14:18:06] [ERROR] Error obteniendo gasolineras: {
  "service": "my-gasolinera-api",
  "error": "Unknown column 'id_provincia' in 'SELECT'",
  "stack": "Error: Unknown column 'id_provincia' in 'SELECT'\n    at PromisePool.execute (C:\\Users\\Oscar\\OneDrive\\Documentos\\MyGasolineraBBDD\\MyGasolineraBackEnd\\node_modules\\mysql2\\lib\\promise\\pool.js:54:22)\n    at exports.getGasolineras (C:\\Users\\Oscar\\OneDrive\\Documentos\\MyGasolineraBBDD\\MyGasolineraBackEnd\\controllers\\gasolinerasController.js:64:35)\n    at Layer.handle [as handle_request] (C:\\Users\\Oscar\\OneDrive\\Documentos\\MyGasolineraBBDD\\MyGasolineraBackEnd\\node_modules\\express\\lib\\router\\layer.js:95:5)\n    at next (C:\\Users\\Oscar\\OneDrive\\Documentos\\MyGasolineraBBDD\\MyGasolineraBackEnd\\node_modules\\express\\lib\\router\\route.js:149:13)\n    at Route.dispatch (C:\\Users\\Oscar\\OneDrive\\Documentos\\MyGasolineraBBDD\\MyGasolineraBackEnd\\node_modules\\express\\lib\\router\\route.js:119:3)\n    at Layer.handle [as handle_request] (C:\\Users\\Oscar\\OneDrive\\Documentos\\MyGasolineraBBDD\\MyGasolineraBackEnd\\node_modules\\express\\lib\\router\\layer.js:95:5)\n    at C:\\Users\\Oscar\\OneDrive\\Documentos\\MyGasolineraBBDD\\MyGasolineraBackEnd\\node_modules\\express\\lib\\router\\index.js:284:15\n    at router.process_params (C:\\Users\\Oscar\\OneDrive\\Documentos\\MyGasolineraBBDD\\MyGasolineraBackEnd\\node_modules\\express\\lib\\router\\index.js:346:12)\n    at next (C:\\Users\\Oscar\\OneDrive\\Documentos\\MyGasolineraBBDD\\MyGasolineraBackEnd\\node_modules\\express\\lib\\router\\index.js:280:10)\n    at router.handle (C:\\Users\\Oscar\\OneDrive\\Documentos\\MyGasolineraBBDD\\MyGasolineraBackEnd\\node_modules\\express\\lib\\router\\index.js:175:3)"
}
[2026-02-14 14:18:06] [ERROR] Error del servidor {
  "service": "my-gasolinera-api",
  "metodo": "GET",
  "url": "/api/gasolineras?id_provincia=03",
  "status": 500,
  "duracion_ms": 1,
  "usuario_id": "anónimo",
  "ip": "127.0.0.1",
  "respuesta": {
    "success": false,
    "message": "Error interno del servidor"
  }
}
[2026-02-14 14:18:06] [ERROR] Error del servidor {
  "service": "my-gasolinera-api",
  "metodo": "GET",
  "url": "/api/gasolineras?id_provincia=03",
  "status": 500,
  "duracion_ms": 1,
  "usuario_id": "anónimo",
  "ip": "127.0.0.1",
  "respuesta": "{\"success\":false,\"message\":\"Error interno del servidor\"}"
}
[2026-02-14 14:18:08] [ERROR] Error obteniendo gasolineras: {
  "service": "my-gasolinera-api",
  "error": "Unknown column 'id_provincia' in 'SELECT'",
  "stack": "Error: Unknown column 'id_provincia' in 'SELECT'\n    at PromisePool.execute (C:\\Users\\Oscar\\OneDrive\\Documentos\\MyGasolineraBBDD\\MyGasolineraBackEnd\\node_modules\\mysql2\\lib\\promise\\pool.js:54:22)\n    at exports.getGasolineras (C:\\Users\\Oscar\\OneDrive\\Documentos\\MyGasolineraBBDD\\MyGasolineraBackEnd\\controllers\\gasolinerasController.js:64:35)\n    at Layer.handle [as handle_request] (C:\\Users\\Oscar\\OneDrive\\Documentos\\MyGasolineraBBDD\\MyGasolineraBackEnd\\node_modules\\express\\lib\\router\\layer.js:95:5)\n    at next (C:\\Users\\Oscar\\OneDrive\\Documentos\\MyGasolineraBBDD\\MyGasolineraBackEnd\\node_modules\\express\\lib\\router\\route.js:149:13)\n    at Route.dispatch (C:\\Users\\Oscar\\OneDrive\\Documentos\\MyGasolineraBBDD\\MyGasolineraBackEnd\\node_modules\\express\\lib\\router\\route.js:119:3)\n    at Layer.handle [as handle_request] (C:\\Users\\Oscar\\OneDrive\\Documentos\\MyGasolineraBBDD\\MyGasolineraBackEnd\\node_modules\\express\\lib\\router\\layer.js:95:5)\n    at C:\\Users\\Oscar\\OneDrive\\Documentos\\MyGasolineraBBDD\\MyGasolineraBackEnd\\node_modules\\express\\lib\\router\\index.js:284:15\n    at router.process_params (C:\\Users\\Oscar\\OneDrive\\Documentos\\MyGasolineraBBDD\\MyGasolineraBackEnd\\node_modules\\express\\lib\\router\\index.js:346:12)\n    at next (C:\\Users\\Oscar\\OneDrive\\Documentos\\MyGasolineraBBDD\\MyGasolineraBackEnd\\node_modules\\express\\lib\\router\\index.js:280:10)\n    at router.handle (C:\\Users\\Oscar\\OneDrive\\Documentos\\MyGasolineraBBDD\\MyGasolineraBackEnd\\node_modules\\express\\lib\\router\\index.js:175:3)"
}
[2026-02-14 14:18:08] [ERROR] Error del servidor {
  "service": "my-gasolinera-api",
  "metodo": "GET",
  "url": "/api/gasolineras?id_provincia=46",
  "status": 500,
  "duracion_ms": 1,
  "usuario_id": "anónimo",
  "ip": "127.0.0.1",
  "respuesta": {
    "success": false,
    "message": "Error interno del servidor"
  }
}
[2026-02-14 14:18:08] [ERROR] Error del servidor {
  "service": "my-gasolinera-api",
  "metodo": "GET",
  "url": "/api/gasolineras?id_provincia=46",
  "status": 500,
  "duracion_ms": 2,
  "usuario_id": "anónimo",
  "ip": "127.0.0.1",
  "respuesta": "{\"success\":false,\"message\":\"Error interno del servidor\"}"
}
[2026-02-14 14:18:09] [ERROR] Error obteniendo gasolineras: {
  "service": "my-gasolinera-api",
  "error": "Unknown column 'id_provincia' in 'SELECT'",
  "stack": "Error: Unknown column 'id_provincia' in 'SELECT'\n    at PromisePool.execute (C:\\Users\\Oscar\\OneDrive\\Documentos\\MyGasolineraBBDD\\MyGasolineraBackEnd\\node_modules\\mysql2\\lib\\promise\\pool.js:54:22)\n    at exports.getGasolineras (C:\\Users\\Oscar\\OneDrive\\Documentos\\MyGasolineraBBDD\\MyGasolineraBackEnd\\controllers\\gasolinerasController.js:64:35)\n    at Layer.handle [as handle_request] (C:\\Users\\Oscar\\OneDrive\\Documentos\\MyGasolineraBBDD\\MyGasolineraBackEnd\\node_modules\\express\\lib\\router\\layer.js:95:5)\n    at next (C:\\Users\\Oscar\\OneDrive\\Documentos\\MyGasolineraBBDD\\MyGasolineraBackEnd\\node_modules\\express\\lib\\router\\route.js:149:13)\n    at Route.dispatch (C:\\Users\\Oscar\\OneDrive\\Documentos\\MyGasolineraBBDD\\MyGasolineraBackEnd\\node_modules\\express\\lib\\router\\route.js:119:3)\n    at Layer.handle [as handle_request] (C:\\Users\\Oscar\\OneDrive\\Documentos\\MyGasolineraBBDD\\MyGasolineraBackEnd\\node_modules\\express\\lib\\router\\layer.js:95:5)\n    at C:\\Users\\Oscar\\OneDrive\\Documentos\\MyGasolineraBBDD\\MyGasolineraBackEnd\\node_modules\\express\\lib\\router\\index.js:284:15\n    at router.process_params (C:\\Users\\Oscar\\OneDrive\\Documentos\\MyGasolineraBBDD\\MyGasolineraBackEnd\\node_modules\\express\\lib\\router\\index.js:346:12)\n    at next (C:\\Users\\Oscar\\OneDrive\\Documentos\\MyGasolineraBBDD\\MyGasolineraBackEnd\\node_modules\\express\\lib\\router\\index.js:280:10)\n    at router.handle (C:\\Users\\Oscar\\OneDrive\\Documentos\\MyGasolineraBBDD\\MyGasolineraBackEnd\\node_modules\\express\\lib\\router\\index.js:175:3)"
}
[2026-02-14 14:18:09] [ERROR] Error del servidor {
  "service": "my-gasolinera-api",
  "metodo": "GET",
  "url": "/api/gasolineras?id_provincia=12",
  "status": 500,
  "duracion_ms": 1,
  "usuario_id": "anónimo",
  "ip": "127.0.0.1",
  "respuesta": {
    "success": false,
    "message": "Error interno del servidor"
  }
}
[2026-02-14 14:18:09] [ERROR] Error del servidor {
  "service": "my-gasolinera-api",
  "metodo": "GET",
  "url": "/api/gasolineras?id_provincia=12",
  "status": 500,
  "duracion_ms": 1,
  "usuario_id": "anónimo",
  "ip": "127.0.0.1",
  "respuesta": "{\"success\":false,\"message\":\"Error interno del servidor\"}"
}
[2026-02-14 14:18:09] [ERROR] Error obteniendo gasolineras: {
  "service": "my-gasolinera-api",
  "error": "Unknown column 'id_provincia' in 'SELECT'",
  "stack": "Error: Unknown column 'id_provincia' in 'SELECT'\n    at PromisePool.execute (C:\\Users\\Oscar\\OneDrive\\Documentos\\MyGasolineraBBDD\\MyGasolineraBackEnd\\node_modules\\mysql2\\lib\\promise\\pool.js:54:22)\n    at exports.getGasolineras (C:\\Users\\Oscar\\OneDrive\\Documentos\\MyGasolineraBBDD\\MyGasolineraBackEnd\\controllers\\gasolinerasController.js:64:35)\n    at Layer.handle [as handle_request] (C:\\Users\\Oscar\\OneDrive\\Documentos\\MyGasolineraBBDD\\MyGasolineraBackEnd\\node_modules\\express\\lib\\router\\layer.js:95:5)\n    at next (C:\\Users\\Oscar\\OneDrive\\Documentos\\MyGasolineraBBDD\\MyGasolineraBackEnd\\node_modules\\express\\lib\\router\\route.js:149:13)\n    at Route.dispatch (C:\\Users\\Oscar\\OneDrive\\Documentos\\MyGasolineraBBDD\\MyGasolineraBackEnd\\node_modules\\express\\lib\\router\\route.js:119:3)\n    at Layer.handle [as handle_request] (C:\\Users\\Oscar\\OneDrive\\Documentos\\MyGasolineraBBDD\\MyGasolineraBackEnd\\node_modules\\express\\lib\\router\\layer.js:95:5)\n    at C:\\Users\\Oscar\\OneDrive\\Documentos\\MyGasolineraBBDD\\MyGasolineraBackEnd\\node_modules\\express\\lib\\router\\index.js:284:15\n    at router.process_params (C:\\Users\\Oscar\\OneDrive\\Documentos\\MyGasolineraBBDD\\MyGasolineraBackEnd\\node_modules\\express\\lib\\router\\index.js:346:12)\n    at next (C:\\Users\\Oscar\\OneDrive\\Documentos\\MyGasolineraBBDD\\MyGasolineraBackEnd\\node_modules\\express\\lib\\router\\index.js:280:10)\n    at router.handle (C:\\Users\\Oscar\\OneDrive\\Documentos\\MyGasolineraBBDD\\MyGasolineraBackEnd\\node_modules\\express\\lib\\router\\index.js:175:3)"
}
[2026-02-14 14:18:09] [ERROR] Error del servidor {
  "service": "my-gasolinera-api",
  "metodo": "GET",
  "url": "/api/gasolineras?id_provincia=44",
  "status": 500,
  "duracion_ms": 2,
  "usuario_id": "anónimo",
  "ip": "127.0.0.1",
  "respuesta": {
    "success": false,
    "message": "Error interno del servidor"
  }
}
[2026-02-14 14:18:09] [ERROR] Error del servidor {
  "service": "my-gasolinera-api",
  "metodo": "GET",
  "url": "/api/gasolineras?id_provincia=44",
  "status": 500,
  "duracion_ms": 2,
  "usuario_id": "anónimo",
  "ip": "127.0.0.1",
  "respuesta": "{\"success\":false,\"message\":\"Error interno del servidor\"}"
}
[2026-02-14 14:18:09] [ERROR] Error obteniendo gasolineras: {
  "service": "my-gasolinera-api",
  "error": "Unknown column 'id_provincia' in 'SELECT'",
  "stack": "Error: Unknown column 'id_provincia' in 'SELECT'\n    at PromisePool.execute (C:\\Users\\Oscar\\OneDrive\\Documentos\\MyGasolineraBBDD\\MyGasolineraBackEnd\\node_modules\\mysql2\\lib\\promise\\pool.js:54:22)\n    at exports.getGasolineras (C:\\Users\\Oscar\\OneDrive\\Documentos\\MyGasolineraBBDD\\MyGasolineraBackEnd\\controllers\\gasolinerasController.js:64:35)\n    at Layer.handle [as handle_request] (C:\\Users\\Oscar\\OneDrive\\Documentos\\MyGasolineraBBDD\\MyGasolineraBackEnd\\node_modules\\express\\lib\\router\\layer.js:95:5)\n    at next (C:\\Users\\Oscar\\OneDrive\\Documentos\\MyGasolineraBBDD\\MyGasolineraBackEnd\\node_modules\\express\\lib\\router\\route.js:149:13)\n    at Route.dispatch (C:\\Users\\Oscar\\OneDrive\\Documentos\\MyGasolineraBBDD\\MyGasolineraBackEnd\\node_modules\\express\\lib\\router\\route.js:119:3)\n    at Layer.handle [as handle_request] (C:\\Users\\Oscar\\OneDrive\\Documentos\\MyGasolineraBBDD\\MyGasolineraBackEnd\\node_modules\\express\\lib\\router\\layer.js:95:5)\n    at C:\\Users\\Oscar\\OneDrive\\Documentos\\MyGasolineraBBDD\\MyGasolineraBackEnd\\node_modules\\express\\lib\\router\\index.js:284:15\n    at router.process_params (C:\\Users\\Oscar\\OneDrive\\Documentos\\MyGasolineraBBDD\\MyGasolineraBackEnd\\node_modules\\express\\lib\\router\\index.js:346:12)\n    at next (C:\\Users\\Oscar\\OneDrive\\Documentos\\MyGasolineraBBDD\\MyGasolineraBackEnd\\node_modules\\express\\lib\\router\\index.js:280:10)\n    at router.handle (C:\\Users\\Oscar\\OneDrive\\Documentos\\MyGasolineraBBDD\\MyGasolineraBackEnd\\node_modules\\express\\lib\\router\\index.js:175:3)"
}
[2026-02-14 14:18:09] [ERROR] Error del servidor {
  "service": "my-gasolinera-api",
  "metodo": "GET",
  "url": "/api/gasolineras?id_provincia=16",
  "status": 500,
  "duracion_ms": 1,
  "usuario_id": "anónimo",
  "ip": "127.0.0.1",
  "respuesta": {
    "success": false,
    "message": "Error interno del servidor"
  }
}
[2026-02-14 14:18:09] [ERROR] Error del servidor {
  "service": "my-gasolinera-api",
  "metodo": "GET",
  "url": "/api/gasolineras?id_provincia=16",
  "status": 500,
  "duracion_ms": 1,
  "usuario_id": "anónimo",
  "ip": "127.0.0.1",
  "respuesta": "{\"success\":false,\"message\":\"Error interno del servidor\"}"
}
[2026-02-14 14:18:09] [ERROR] Error obteniendo gasolineras: {
  "service": "my-gasolinera-api",
  "error": "Unknown column 'id_provincia' in 'SELECT'",
  "stack": "Error: Unknown column 'id_provincia' in 'SELECT'\n    at PromisePool.execute (C:\\Users\\Oscar\\OneDrive\\Documentos\\MyGasolineraBBDD\\MyGasolineraBackEnd\\node_modules\\mysql2\\lib\\promise\\pool.js:54:22)\n    at exports.getGasolineras (C:\\Users\\Oscar\\OneDrive\\Documentos\\MyGasolineraBBDD\\MyGasolineraBackEnd\\controllers\\gasolinerasController.js:64:35)\n    at Layer.handle [as handle_request] (C:\\Users\\Oscar\\OneDrive\\Documentos\\MyGasolineraBBDD\\MyGasolineraBackEnd\\node_modules\\express\\lib\\router\\layer.js:95:5)\n    at next (C:\\Users\\Oscar\\OneDrive\\Documentos\\MyGasolineraBBDD\\MyGasolineraBackEnd\\node_modules\\express\\lib\\router\\route.js:149:13)\n    at Route.dispatch (C:\\Users\\Oscar\\OneDrive\\Documentos\\MyGasolineraBBDD\\MyGasolineraBackEnd\\node_modules\\express\\lib\\router\\route.js:119:3)\n    at Layer.handle [as handle_request] (C:\\Users\\Oscar\\OneDrive\\Documentos\\MyGasolineraBBDD\\MyGasolineraBackEnd\\node_modules\\express\\lib\\router\\layer.js:95:5)\n    at C:\\Users\\Oscar\\OneDrive\\Documentos\\MyGasolineraBBDD\\MyGasolineraBackEnd\\node_modules\\express\\lib\\router\\index.js:284:15\n    at router.process_params (C:\\Users\\Oscar\\OneDrive\\Documentos\\MyGasolineraBBDD\\MyGasolineraBackEnd\\node_modules\\express\\lib\\router\\index.js:346:12)\n    at next (C:\\Users\\Oscar\\OneDrive\\Documentos\\MyGasolineraBBDD\\MyGasolineraBackEnd\\node_modules\\express\\lib\\router\\index.js:280:10)\n    at router.handle (C:\\Users\\Oscar\\OneDrive\\Documentos\\MyGasolineraBBDD\\MyGasolineraBackEnd\\node_modules\\express\\lib\\router\\index.js:175:3)"
}
[2026-02-14 14:18:09] [ERROR] Error del servidor {
  "service": "my-gasolinera-api",
  "metodo": "GET",
  "url": "/api/gasolineras?id_provincia=03",
  "status": 500,
  "duracion_ms": 1,
  "usuario_id": "anónimo",
  "ip": "127.0.0.1",
  "respuesta": {
    "success": false,
    "message": "Error interno del servidor"
  }
}
[2026-02-14 14:18:09] [ERROR] Error del servidor {
  "service": "my-gasolinera-api",
  "metodo": "GET",
  "url": "/api/gasolineras?id_provincia=03",
  "status": 500,
  "duracion_ms": 1,
  "usuario_id": "anónimo",
  "ip": "127.0.0.1",
  "respuesta": "{\"success\":false,\"message\":\"Error interno del servidor\"}"
}
[2026-02-14 14:18:09] [ERROR] Error obteniendo gasolineras: {
  "service": "my-gasolinera-api",
  "error": "Unknown column 'id_provincia' in 'SELECT'",
  "stack": "Error: Unknown column 'id_provincia' in 'SELECT'\n    at PromisePool.execute (C:\\Users\\Oscar\\OneDrive\\Documentos\\MyGasolineraBBDD\\MyGasolineraBackEnd\\node_modules\\mysql2\\lib\\promise\\pool.js:54:22)\n    at exports.getGasolineras (C:\\Users\\Oscar\\OneDrive\\Documentos\\MyGasolineraBBDD\\MyGasolineraBackEnd\\controllers\\gasolinerasController.js:64:35)\n    at Layer.handle [as handle_request] (C:\\Users\\Oscar\\OneDrive\\Documentos\\MyGasolineraBBDD\\MyGasolineraBackEnd\\node_modules\\express\\lib\\router\\layer.js:95:5)\n    at next (C:\\Users\\Oscar\\OneDrive\\Documentos\\MyGasolineraBBDD\\MyGasolineraBackEnd\\node_modules\\express\\lib\\router\\route.js:149:13)\n    at Route.dispatch (C:\\Users\\Oscar\\OneDrive\\Documentos\\MyGasolineraBBDD\\MyGasolineraBackEnd\\node_modules\\express\\lib\\router\\route.js:119:3)\n    at Layer.handle [as handle_request] (C:\\Users\\Oscar\\OneDrive\\Documentos\\MyGasolineraBBDD\\MyGasolineraBackEnd\\node_modules\\express\\lib\\router\\layer.js:95:5)\n    at C:\\Users\\Oscar\\OneDrive\\Documentos\\MyGasolineraBBDD\\MyGasolineraBackEnd\\node_modules\\express\\lib\\router\\index.js:284:15\n    at router.process_params (C:\\Users\\Oscar\\OneDrive\\Documentos\\MyGasolineraBBDD\\MyGasolineraBackEnd\\node_modules\\express\\lib\\router\\index.js:346:12)\n    at next (C:\\Users\\Oscar\\OneDrive\\Documentos\\MyGasolineraBBDD\\MyGasolineraBackEnd\\node_modules\\express\\lib\\router\\index.js:280:10)\n    at router.handle (C:\\Users\\Oscar\\OneDrive\\Documentos\\MyGasolineraBBDD\\MyGasolineraBackEnd\\node_modules\\express\\lib\\router\\index.js:175:3)"
}
[2026-02-14 14:18:09] [ERROR] Error del servidor {
  "service": "my-gasolinera-api",
  "metodo": "GET",
  "url": "/api/gasolineras?id_provincia=46",
  "status": 500,
  "duracion_ms": 1,
  "usuario_id": "anónimo",
  "ip": "127.0.0.1",
  "respuesta": {
    "success": false,
    "message": "Error interno del servidor"
  }
}
[2026-02-14 14:18:09] [ERROR] Error del servidor {
  "service": "my-gasolinera-api",
  "metodo": "GET",
  "url": "/api/gasolineras?id_provincia=46",
  "status": 500,
  "duracion_ms": 2,
  "usuario_id": "anónimo",
  "ip": "127.0.0.1",
  "respuesta": "{\"success\":false,\"message\":\"Error interno del servidor\"}"
}
[2026-02-14 14:18:09] [ERROR] Error obteniendo gasolineras: {
  "service": "my-gasolinera-api",
  "error": "Unknown column 'id_provincia' in 'SELECT'",
  "stack": "Error: Unknown column 'id_provincia' in 'SELECT'\n    at PromisePool.execute (C:\\Users\\Oscar\\OneDrive\\Documentos\\MyGasolineraBBDD\\MyGasolineraBackEnd\\node_modules\\mysql2\\lib\\promise\\pool.js:54:22)\n    at exports.getGasolineras (C:\\Users\\Oscar\\OneDrive\\Documentos\\MyGasolineraBBDD\\MyGasolineraBackEnd\\controllers\\gasolinerasController.js:64:35)\n    at Layer.handle [as handle_request] (C:\\Users\\Oscar\\OneDrive\\Documentos\\MyGasolineraBBDD\\MyGasolineraBackEnd\\node_modules\\express\\lib\\router\\layer.js:95:5)\n    at next (C:\\Users\\Oscar\\OneDrive\\Documentos\\MyGasolineraBBDD\\MyGasolineraBackEnd\\node_modules\\express\\lib\\router\\route.js:149:13)\n    at Route.dispatch (C:\\Users\\Oscar\\OneDrive\\Documentos\\MyGasolineraBBDD\\MyGasolineraBackEnd\\node_modules\\express\\lib\\router\\route.js:119:3)\n    at Layer.handle [as handle_request] (C:\\Users\\Oscar\\OneDrive\\Documentos\\MyGasolineraBBDD\\MyGasolineraBackEnd\\node_modules\\express\\lib\\router\\layer.js:95:5)\n    at C:\\Users\\Oscar\\OneDrive\\Documentos\\MyGasolineraBBDD\\MyGasolineraBackEnd\\node_modules\\express\\lib\\router\\index.js:284:15\n    at router.process_params (C:\\Users\\Oscar\\OneDrive\\Documentos\\MyGasolineraBBDD\\MyGasolineraBackEnd\\node_modules\\express\\lib\\router\\index.js:346:12)\n    at next (C:\\Users\\Oscar\\OneDrive\\Documentos\\MyGasolineraBBDD\\MyGasolineraBackEnd\\node_modules\\express\\lib\\router\\index.js:280:10)\n    at router.handle (C:\\Users\\Oscar\\OneDrive\\Documentos\\MyGasolineraBBDD\\MyGasolineraBackEnd\\node_modules\\express\\lib\\router\\index.js:175:3)"
}
[2026-02-14 14:18:09] [ERROR] Error del servidor {
  "service": "my-gasolinera-api",
  "metodo": "GET",
  "url": "/api/gasolineras?id_provincia=12",
  "status": 500,
  "duracion_ms": 1,
  "usuario_id": "anónimo",
  "ip": "127.0.0.1",
  "respuesta": {
    "success": false,
    "message": "Error interno del servidor"
  }
}
[2026-02-14 14:18:09] [ERROR] Error del servidor {
  "service": "my-gasolinera-api",
  "metodo": "GET",
  "url": "/api/gasolineras?id_provincia=12",
  "status": 500,
  "duracion_ms": 1,
  "usuario_id": "anónimo",
  "ip": "127.0.0.1",
  "respuesta": "{\"success\":false,\"message\":\"Error interno del servidor\"}"
}
[2026-02-14 14:18:09] [ERROR] Error obteniendo gasolineras: {
  "service": "my-gasolinera-api",
  "error": "Unknown column 'id_provincia' in 'SELECT'",
  "stack": "Error: Unknown column 'id_provincia' in 'SELECT'\n    at PromisePool.execute (C:\\Users\\Oscar\\OneDrive\\Documentos\\MyGasolineraBBDD\\MyGasolineraBackEnd\\node_modules\\mysql2\\lib\\promise\\pool.js:54:22)\n    at exports.getGasolineras (C:\\Users\\Oscar\\OneDrive\\Documentos\\MyGasolineraBBDD\\MyGasolineraBackEnd\\controllers\\gasolinerasController.js:64:35)\n    at Layer.handle [as handle_request] (C:\\Users\\Oscar\\OneDrive\\Documentos\\MyGasolineraBBDD\\MyGasolineraBackEnd\\node_modules\\express\\lib\\router\\layer.js:95:5)\n    at next (C:\\Users\\Oscar\\OneDrive\\Documentos\\MyGasolineraBBDD\\MyGasolineraBackEnd\\node_modules\\express\\lib\\router\\route.js:149:13)\n    at Route.dispatch (C:\\Users\\Oscar\\OneDrive\\Documentos\\MyGasolineraBBDD\\MyGasolineraBackEnd\\node_modules\\express\\lib\\router\\route.js:119:3)\n    at Layer.handle [as handle_request] (C:\\Users\\Oscar\\OneDrive\\Documentos\\MyGasolineraBBDD\\MyGasolineraBackEnd\\node_modules\\express\\lib\\router\\layer.js:95:5)\n    at C:\\Users\\Oscar\\OneDrive\\Documentos\\MyGasolineraBBDD\\MyGasolineraBackEnd\\node_modules\\express\\lib\\router\\index.js:284:15\n    at router.process_params (C:\\Users\\Oscar\\OneDrive\\Documentos\\MyGasolineraBBDD\\MyGasolineraBackEnd\\node_modules\\express\\lib\\router\\index.js:346:12)\n    at next (C:\\Users\\Oscar\\OneDrive\\Documentos\\MyGasolineraBBDD\\MyGasolineraBackEnd\\node_modules\\express\\lib\\router\\index.js:280:10)\n    at router.handle (C:\\Users\\Oscar\\OneDrive\\Documentos\\MyGasolineraBBDD\\MyGasolineraBackEnd\\node_modules\\express\\lib\\router\\index.js:175:3)"
}
[2026-02-14 14:18:09] [ERROR] Error del servidor {
  "service": "my-gasolinera-api",
  "metodo": "GET",
  "url": "/api/gasolineras?id_provincia=44",
  "status": 500,
  "duracion_ms": 2,
  "usuario_id": "anónimo",
  "ip": "127.0.0.1",
  "respuesta": {
    "success": false,
    "message": "Error interno del servidor"
  }
}
[2026-02-14 14:18:09] [ERROR] Error del servidor {
  "service": "my-gasolinera-api",
  "metodo": "GET",
  "url": "/api/gasolineras?id_provincia=44",
  "status": 500,
  "duracion_ms": 2,
  "usuario_id": "anónimo",
  "ip": "127.0.0.1",
  "respuesta": "{\"success\":false,\"message\":\"Error interno del servidor\"}"
}
[2026-02-14 14:18:09] [ERROR] Error obteniendo gasolineras: {
  "service": "my-gasolinera-api",
  "error": "Unknown column 'id_provincia' in 'SELECT'",
  "stack": "Error: Unknown column 'id_provincia' in 'SELECT'\n    at PromisePool.execute (C:\\Users\\Oscar\\OneDrive\\Documentos\\MyGasolineraBBDD\\MyGasolineraBackEnd\\node_modules\\mysql2\\lib\\promise\\pool.js:54:22)\n    at exports.getGasolineras (C:\\Users\\Oscar\\OneDrive\\Documentos\\MyGasolineraBBDD\\MyGasolineraBackEnd\\controllers\\gasolinerasController.js:64:35)\n    at Layer.handle [as handle_request] (C:\\Users\\Oscar\\OneDrive\\Documentos\\MyGasolineraBBDD\\MyGasolineraBackEnd\\node_modules\\express\\lib\\router\\layer.js:95:5)\n    at next (C:\\Users\\Oscar\\OneDrive\\Documentos\\MyGasolineraBBDD\\MyGasolineraBackEnd\\node_modules\\express\\lib\\router\\route.js:149:13)\n    at Route.dispatch (C:\\Users\\Oscar\\OneDrive\\Documentos\\MyGasolineraBBDD\\MyGasolineraBackEnd\\node_modules\\express\\lib\\router\\route.js:119:3)\n    at Layer.handle [as handle_request] (C:\\Users\\Oscar\\OneDrive\\Documentos\\MyGasolineraBBDD\\MyGasolineraBackEnd\\node_modules\\express\\lib\\router\\layer.js:95:5)\n    at C:\\Users\\Oscar\\OneDrive\\Documentos\\MyGasolineraBBDD\\MyGasolineraBackEnd\\node_modules\\express\\lib\\router\\index.js:284:15\n    at router.process_params (C:\\Users\\Oscar\\OneDrive\\Documentos\\MyGasolineraBBDD\\MyGasolineraBackEnd\\node_modules\\express\\lib\\router\\index.js:346:12)\n    at next (C:\\Users\\Oscar\\OneDrive\\Documentos\\MyGasolineraBBDD\\MyGasolineraBackEnd\\node_modules\\express\\lib\\router\\index.js:280:10)\n    at router.handle (C:\\Users\\Oscar\\OneDrive\\Documentos\\MyGasolineraBBDD\\MyGasolineraBackEnd\\node_modules\\express\\lib\\router\\index.js:175:3)"
}
[2026-02-14 14:18:09] [ERROR] Error del servidor {
  "service": "my-gasolinera-api",
  "metodo": "GET",
  "url": "/api/gasolineras?id_provincia=16",
  "status": 500,
  "duracion_ms": 1,
  "usuario_id": "anónimo",
  "ip": "127.0.0.1",
  "respuesta": {
    "success": false,
    "message": "Error interno del servidor"
  }
}
[2026-02-14 14:18:09] [ERROR] Error del servidor {
  "service": "my-gasolinera-api",
  "metodo": "GET",
  "url": "/api/gasolineras?id_provincia=16",
  "status": 500,
  "duracion_ms": 2,
  "usuario_id": "anónimo",
  "ip": "127.0.0.1",
  "respuesta": "{\"success\":false,\"message\":\"Error interno del servidor\"}"
}
[2026-02-14 14:18:09] [ERROR] Error obteniendo gasolineras: {
  "service": "my-gasolinera-api",
  "error": "Unknown column 'id_provincia' in 'SELECT'",
  "stack": "Error: Unknown column 'id_provincia' in 'SELECT'\n    at PromisePool.execute (C:\\Users\\Oscar\\OneDrive\\Documentos\\MyGasolineraBBDD\\MyGasolineraBackEnd\\node_modules\\mysql2\\lib\\promise\\pool.js:54:22)\n    at exports.getGasolineras (C:\\Users\\Oscar\\OneDrive\\Documentos\\MyGasolineraBBDD\\MyGasolineraBackEnd\\controllers\\gasolinerasController.js:64:35)\n    at Layer.handle [as handle_request] (C:\\Users\\Oscar\\OneDrive\\Documentos\\MyGasolineraBBDD\\MyGasolineraBackEnd\\node_modules\\express\\lib\\router\\layer.js:95:5)\n    at next (C:\\Users\\Oscar\\OneDrive\\Documentos\\MyGasolineraBBDD\\MyGasolineraBackEnd\\node_modules\\express\\lib\\router\\route.js:149:13)\n    at Route.dispatch (C:\\Users\\Oscar\\OneDrive\\Documentos\\MyGasolineraBBDD\\MyGasolineraBackEnd\\node_modules\\express\\lib\\router\\route.js:119:3)\n    at Layer.handle [as handle_request] (C:\\Users\\Oscar\\OneDrive\\Documentos\\MyGasolineraBBDD\\MyGasolineraBackEnd\\node_modules\\express\\lib\\router\\layer.js:95:5)\n    at C:\\Users\\Oscar\\OneDrive\\Documentos\\MyGasolineraBBDD\\MyGasolineraBackEnd\\node_modules\\express\\lib\\router\\index.js:284:15\n    at router.process_params (C:\\Users\\Oscar\\OneDrive\\Documentos\\MyGasolineraBBDD\\MyGasolineraBackEnd\\node_modules\\express\\lib\\router\\index.js:346:12)\n    at next (C:\\Users\\Oscar\\OneDrive\\Documentos\\MyGasolineraBBDD\\MyGasolineraBackEnd\\node_modules\\express\\lib\\router\\index.js:280:10)\n    at router.handle (C:\\Users\\Oscar\\OneDrive\\Documentos\\MyGasolineraBBDD\\MyGasolineraBackEnd\\node_modules\\express\\lib\\router\\index.js:175:3)"
}
[2026-02-14 14:18:09] [ERROR] Error del servidor {
  "service": "my-gasolinera-api",
  "metodo": "GET",
  "url": "/api/gasolineras?id_provincia=03",
  "status": 500,
  "duracion_ms": 2,
  "usuario_id": "anónimo",
  "ip": "127.0.0.1",
  "respuesta": {
    "success": false,
    "message": "Error interno del servidor"
  }
}
[2026-02-14 14:18:09] [ERROR] Error del servidor {
  "service": "my-gasolinera-api",
  "metodo": "GET",
  "url": "/api/gasolineras?id_provincia=03",
  "status": 500,
  "duracion_ms": 2,
  "usuario_id": "anónimo",
  "ip": "127.0.0.1",
  "respuesta": "{\"success\":false,\"message\":\"Error interno del servidor\"}"
}
[2026-02-14 14:21:02] [ERROR] Error obteniendo gasolineras: {
  "service": "my-gasolinera-api",
  "error": "Unknown column 'id_provincia' in 'SELECT'",
  "stack": "Error: Unknown column 'id_provincia' in 'SELECT'\n    at PromisePool.execute (C:\\Users\\Oscar\\OneDrive\\Documentos\\MyGasolineraBBDD\\MyGasolineraBackEnd\\node_modules\\mysql2\\lib\\promise\\pool.js:54:22)\n    at exports.getGasolineras (C:\\Users\\Oscar\\OneDrive\\Documentos\\MyGasolineraBBDD\\MyGasolineraBackEnd\\controllers\\gasolinerasController.js:64:35)\n    at Layer.handle [as handle_request] (C:\\Users\\Oscar\\OneDrive\\Documentos\\MyGasolineraBBDD\\MyGasolineraBackEnd\\node_modules\\express\\lib\\router\\layer.js:95:5)\n    at next (C:\\Users\\Oscar\\OneDrive\\Documentos\\MyGasolineraBBDD\\MyGasolineraBackEnd\\node_modules\\express\\lib\\router\\route.js:149:13)\n    at Route.dispatch (C:\\Users\\Oscar\\OneDrive\\Documentos\\MyGasolineraBBDD\\MyGasolineraBackEnd\\node_modules\\express\\lib\\router\\route.js:119:3)\n    at Layer.handle [as handle_request] (C:\\Users\\Oscar\\OneDrive\\Documentos\\MyGasolineraBBDD\\MyGasolineraBackEnd\\node_modules\\express\\lib\\router\\layer.js:95:5)\n    at C:\\Users\\Oscar\\OneDrive\\Documentos\\MyGasolineraBBDD\\MyGasolineraBackEnd\\node_modules\\express\\lib\\router\\index.js:284:15\n    at Function.process_params (C:\\Users\\Oscar\\OneDrive\\Documentos\\MyGasolineraBBDD\\MyGasolineraBackEnd\\node_modules\\express\\lib\\router\\index.js:346:12)\n    at next (C:\\Users\\Oscar\\OneDrive\\Documentos\\MyGasolineraBBDD\\MyGasolineraBackEnd\\node_modules\\express\\lib\\router\\index.js:280:10)\n    at Function.handle (C:\\Users\\Oscar\\OneDrive\\Documentos\\MyGasolineraBBDD\\MyGasolineraBackEnd\\node_modules\\express\\lib\\router\\index.js:175:3)"
}
[2026-02-14 14:21:02] [ERROR] Error del servidor {
  "service": "my-gasolinera-api",
  "metodo": "GET",
  "url": "/api/gasolineras?id_provincia=46",
  "status": 500,
  "duracion_ms": 4,
  "usuario_id": "anónimo",
  "ip": "127.0.0.1",
  "respuesta": {
    "success": false,
    "message": "Error interno del servidor"
  }
}
[2026-02-14 14:21:02] [ERROR] Error del servidor {
  "service": "my-gasolinera-api",
  "metodo": "GET",
  "url": "/api/gasolineras?id_provincia=46",
  "status": 500,
  "duracion_ms": 4,
  "usuario_id": "anónimo",
  "ip": "127.0.0.1",
  "respuesta": "{\"success\":false,\"message\":\"Error interno del servidor\"}"
}
[2026-02-14 14:21:02] [ERROR] Error obteniendo gasolineras: {
  "service": "my-gasolinera-api",
  "error": "Unknown column 'id_provincia' in 'SELECT'",
  "stack": "Error: Unknown column 'id_provincia' in 'SELECT'\n    at PromisePool.execute (C:\\Users\\Oscar\\OneDrive\\Documentos\\MyGasolineraBBDD\\MyGasolineraBackEnd\\node_modules\\mysql2\\lib\\promise\\pool.js:54:22)\n    at exports.getGasolineras (C:\\Users\\Oscar\\OneDrive\\Documentos\\MyGasolineraBBDD\\MyGasolineraBackEnd\\controllers\\gasolinerasController.js:64:35)\n    at Layer.handle [as handle_request] (C:\\Users\\Oscar\\OneDrive\\Documentos\\MyGasolineraBBDD\\MyGasolineraBackEnd\\node_modules\\express\\lib\\router\\layer.js:95:5)\n    at next (C:\\Users\\Oscar\\OneDrive\\Documentos\\MyGasolineraBBDD\\MyGasolineraBackEnd\\node_modules\\express\\lib\\router\\route.js:149:13)\n    at Route.dispatch (C:\\Users\\Oscar\\OneDrive\\Documentos\\MyGasolineraBBDD\\MyGasolineraBackEnd\\node_modules\\express\\lib\\router\\route.js:119:3)\n    at Layer.handle [as handle_request] (C:\\Users\\Oscar\\OneDrive\\Documentos\\MyGasolineraBBDD\\MyGasolineraBackEnd\\node_modules\\express\\lib\\router\\layer.js:95:5)\n    at C:\\Users\\Oscar\\OneDrive\\Documentos\\MyGasolineraBBDD\\MyGasolineraBackEnd\\node_modules\\express\\lib\\router\\index.js:284:15\n    at Function.process_params (C:\\Users\\Oscar\\OneDrive\\Documentos\\MyGasolineraBBDD\\MyGasolineraBackEnd\\node_modules\\express\\lib\\router\\index.js:346:12)\n    at next (C:\\Users\\Oscar\\OneDrive\\Documentos\\MyGasolineraBBDD\\MyGasolineraBackEnd\\node_modules\\express\\lib\\router\\index.js:280:10)\n    at Function.handle (C:\\Users\\Oscar\\OneDrive\\Documentos\\MyGasolineraBBDD\\MyGasolineraBackEnd\\node_modules\\express\\lib\\router\\index.js:175:3)"
}
[2026-02-14 14:21:02] [ERROR] Error del servidor {
  "service": "my-gasolinera-api",
  "metodo": "GET",
  "url": "/api/gasolineras?id_provincia=12",
  "status": 500,
  "duracion_ms": 4,
  "usuario_id": "anónimo",
  "ip": "127.0.0.1",
  "respuesta": {
    "success": false,
    "message": "Error interno del servidor"
  }
}
[2026-02-14 14:21:02] [ERROR] Error del servidor {
  "service": "my-gasolinera-api",
  "metodo": "GET",
  "url": "/api/gasolineras?id_provincia=12",
  "status": 500,
  "duracion_ms": 4,
  "usuario_id": "anónimo",
  "ip": "127.0.0.1",
  "respuesta": "{\"success\":false,\"message\":\"Error interno del servidor\"}"
}
[2026-02-14 14:21:02] [ERROR] Error obteniendo gasolineras: {
  "service": "my-gasolinera-api",
  "error": "Unknown column 'id_provincia' in 'SELECT'",
  "stack": "Error: Unknown column 'id_provincia' in 'SELECT'\n    at PromisePool.execute (C:\\Users\\Oscar\\OneDrive\\Documentos\\MyGasolineraBBDD\\MyGasolineraBackEnd\\node_modules\\mysql2\\lib\\promise\\pool.js:54:22)\n    at exports.getGasolineras (C:\\Users\\Oscar\\OneDrive\\Documentos\\MyGasolineraBBDD\\MyGasolineraBackEnd\\controllers\\gasolinerasController.js:64:35)\n    at Layer.handle [as handle_request] (C:\\Users\\Oscar\\OneDrive\\Documentos\\MyGasolineraBBDD\\MyGasolineraBackEnd\\node_modules\\express\\lib\\router\\layer.js:95:5)\n    at next (C:\\Users\\Oscar\\OneDrive\\Documentos\\MyGasolineraBBDD\\MyGasolineraBackEnd\\node_modules\\express\\lib\\router\\route.js:149:13)\n    at Route.dispatch (C:\\Users\\Oscar\\OneDrive\\Documentos\\MyGasolineraBBDD\\MyGasolineraBackEnd\\node_modules\\express\\lib\\router\\route.js:119:3)\n    at Layer.handle [as handle_request] (C:\\Users\\Oscar\\OneDrive\\Documentos\\MyGasolineraBBDD\\MyGasolineraBackEnd\\node_modules\\express\\lib\\router\\layer.js:95:5)\n    at C:\\Users\\Oscar\\OneDrive\\Documentos\\MyGasolineraBBDD\\MyGasolineraBackEnd\\node_modules\\express\\lib\\router\\index.js:284:15\n    at Function.process_params (C:\\Users\\Oscar\\OneDrive\\Documentos\\MyGasolineraBBDD\\MyGasolineraBackEnd\\node_modules\\express\\lib\\router\\index.js:346:12)\n    at next (C:\\Users\\Oscar\\OneDrive\\Documentos\\MyGasolineraBBDD\\MyGasolineraBackEnd\\node_modules\\express\\lib\\router\\index.js:280:10)\n    at Function.handle (C:\\Users\\Oscar\\OneDrive\\Documentos\\MyGasolineraBBDD\\MyGasolineraBackEnd\\node_modules\\express\\lib\\router\\index.js:175:3)"
}
[2026-02-14 14:21:02] [ERROR] Error del servidor {
  "service": "my-gasolinera-api",
  "metodo": "GET",
  "url": "/api/gasolineras?id_provincia=44",
  "status": 500,
  "duracion_ms": 1,
  "usuario_id": "anónimo",
  "ip": "127.0.0.1",
  "respuesta": {
    "success": false,
    "message": "Error interno del servidor"
  }
}
[2026-02-14 14:21:02] [ERROR] Error del servidor {
  "service": "my-gasolinera-api",
  "metodo": "GET",
  "url": "/api/gasolineras?id_provincia=44",
  "status": 500,
  "duracion_ms": 1,
  "usuario_id": "anónimo",
  "ip": "127.0.0.1",
  "respuesta": "{\"success\":false,\"message\":\"Error interno del servidor\"}"
}
[2026-02-14 14:21:02] [ERROR] Error obteniendo gasolineras: {
  "service": "my-gasolinera-api",
  "error": "Unknown column 'id_provincia' in 'SELECT'",
  "stack": "Error: Unknown column 'id_provincia' in 'SELECT'\n    at PromisePool.execute (C:\\Users\\Oscar\\OneDrive\\Documentos\\MyGasolineraBBDD\\MyGasolineraBackEnd\\node_modules\\mysql2\\lib\\promise\\pool.js:54:22)\n    at exports.getGasolineras (C:\\Users\\Oscar\\OneDrive\\Documentos\\MyGasolineraBBDD\\MyGasolineraBackEnd\\controllers\\gasolinerasController.js:64:35)\n    at Layer.handle [as handle_request] (C:\\Users\\Oscar\\OneDrive\\Documentos\\MyGasolineraBBDD\\MyGasolineraBackEnd\\node_modules\\express\\lib\\router\\layer.js:95:5)\n    at next (C:\\Users\\Oscar\\OneDrive\\Documentos\\MyGasolineraBBDD\\MyGasolineraBackEnd\\node_modules\\express\\lib\\router\\route.js:149:13)\n    at Route.dispatch (C:\\Users\\Oscar\\OneDrive\\Documentos\\MyGasolineraBBDD\\MyGasolineraBackEnd\\node_modules\\express\\lib\\router\\route.js:119:3)\n    at Layer.handle [as handle_request] (C:\\Users\\Oscar\\OneDrive\\Documentos\\MyGasolineraBBDD\\MyGasolineraBackEnd\\node_modules\\express\\lib\\router\\layer.js:95:5)\n    at C:\\Users\\Oscar\\OneDrive\\Documentos\\MyGasolineraBBDD\\MyGasolineraBackEnd\\node_modules\\express\\lib\\router\\index.js:284:15\n    at Function.process_params (C:\\Users\\Oscar\\OneDrive\\Documentos\\MyGasolineraBBDD\\MyGasolineraBackEnd\\node_modules\\express\\lib\\router\\index.js:346:12)\n    at next (C:\\Users\\Oscar\\OneDrive\\Documentos\\MyGasolineraBBDD\\MyGasolineraBackEnd\\node_modules\\express\\lib\\router\\index.js:280:10)\n    at Function.handle (C:\\Users\\Oscar\\OneDrive\\Documentos\\MyGasolineraBBDD\\MyGasolineraBackEnd\\node_modules\\express\\lib\\router\\index.js:175:3)"
}
[2026-02-14 14:21:02] [ERROR] Error del servidor {
  "service": "my-gasolinera-api",
  "metodo": "GET",
  "url": "/api/gasolineras?id_provincia=16",
  "status": 500,
  "duracion_ms": 2,
  "usuario_id": "anónimo",
  "ip": "127.0.0.1",
  "respuesta": {
    "success": false,
    "message": "Error interno del servidor"
  }
}
[2026-02-14 14:21:02] [ERROR] Error del servidor {
  "service": "my-gasolinera-api",
  "metodo": "GET",
  "url": "/api/gasolineras?id_provincia=16",
  "status": 500,
  "duracion_ms": 2,
  "usuario_id": "anónimo",
  "ip": "127.0.0.1",
  "respuesta": "{\"success\":false,\"message\":\"Error interno del servidor\"}"
}
[2026-02-14 14:21:02] [ERROR] Error obteniendo gasolineras: {
  "service": "my-gasolinera-api",
  "error": "Unknown column 'id_provincia' in 'SELECT'",
  "stack": "Error: Unknown column 'id_provincia' in 'SELECT'\n    at PromisePool.execute (C:\\Users\\Oscar\\OneDrive\\Documentos\\MyGasolineraBBDD\\MyGasolineraBackEnd\\node_modules\\mysql2\\lib\\promise\\pool.js:54:22)\n    at exports.getGasolineras (C:\\Users\\Oscar\\OneDrive\\Documentos\\MyGasolineraBBDD\\MyGasolineraBackEnd\\controllers\\gasolinerasController.js:64:35)\n    at Layer.handle [as handle_request] (C:\\Users\\Oscar\\OneDrive\\Documentos\\MyGasolineraBBDD\\MyGasolineraBackEnd\\node_modules\\express\\lib\\router\\layer.js:95:5)\n    at next (C:\\Users\\Oscar\\OneDrive\\Documentos\\MyGasolineraBBDD\\MyGasolineraBackEnd\\node_modules\\express\\lib\\router\\route.js:149:13)\n    at Route.dispatch (C:\\Users\\Oscar\\OneDrive\\Documentos\\MyGasolineraBBDD\\MyGasolineraBackEnd\\node_modules\\express\\lib\\router\\route.js:119:3)\n    at Layer.handle [as handle_request] (C:\\Users\\Oscar\\OneDrive\\Documentos\\MyGasolineraBBDD\\MyGasolineraBackEnd\\node_modules\\express\\lib\\router\\layer.js:95:5)\n    at C:\\Users\\Oscar\\OneDrive\\Documentos\\MyGasolineraBBDD\\MyGasolineraBackEnd\\node_modules\\express\\lib\\router\\index.js:284:15\n    at Function.process_params (C:\\Users\\Oscar\\OneDrive\\Documentos\\MyGasolineraBBDD\\MyGasolineraBackEnd\\node_modules\\express\\lib\\router\\index.js:346:12)\n    at next (C:\\Users\\Oscar\\OneDrive\\Documentos\\MyGasolineraBBDD\\MyGasolineraBackEnd\\node_modules\\express\\lib\\router\\index.js:280:10)\n    at Function.handle (C:\\Users\\Oscar\\OneDrive\\Documentos\\MyGasolineraBBDD\\MyGasolineraBackEnd\\node_modules\\express\\lib\\router\\index.js:175:3)"
}
[2026-02-14 14:21:02] [ERROR] Error del servidor {
  "service": "my-gasolinera-api",
  "metodo": "GET",
  "url": "/api/gasolineras?id_provincia=03",
  "status": 500,
  "duracion_ms": 1,
  "usuario_id": "anónimo",
  "ip": "127.0.0.1",
  "respuesta": {
    "success": false,
    "message": "Error interno del servidor"
  }
}
[2026-02-14 14:21:02] [ERROR] Error del servidor {
  "service": "my-gasolinera-api",
  "metodo": "GET",
  "url": "/api/gasolineras?id_provincia=03",
  "status": 500,
  "duracion_ms": 1,
  "usuario_id": "anónimo",
  "ip": "127.0.0.1",
  "respuesta": "{\"success\":false,\"message\":\"Error interno del servidor\"}"
}
[2026-02-14 14:21:03] [ERROR] Error obteniendo gasolineras: {
  "service": "my-gasolinera-api",
  "error": "Unknown column 'id_provincia' in 'SELECT'",
  "stack": "Error: Unknown column 'id_provincia' in 'SELECT'\n    at PromisePool.execute (C:\\Users\\Oscar\\OneDrive\\Documentos\\MyGasolineraBBDD\\MyGasolineraBackEnd\\node_modules\\mysql2\\lib\\promise\\pool.js:54:22)\n    at exports.getGasolineras (C:\\Users\\Oscar\\OneDrive\\Documentos\\MyGasolineraBBDD\\MyGasolineraBackEnd\\controllers\\gasolinerasController.js:64:35)\n    at Layer.handle [as handle_request] (C:\\Users\\Oscar\\OneDrive\\Documentos\\MyGasolineraBBDD\\MyGasolineraBackEnd\\node_modules\\express\\lib\\router\\layer.js:95:5)\n    at next (C:\\Users\\Oscar\\OneDrive\\Documentos\\MyGasolineraBBDD\\MyGasolineraBackEnd\\node_modules\\express\\lib\\router\\route.js:149:13)\n    at Route.dispatch (C:\\Users\\Oscar\\OneDrive\\Documentos\\MyGasolineraBBDD\\MyGasolineraBackEnd\\node_modules\\express\\lib\\router\\route.js:119:3)\n    at Layer.handle [as handle_request] (C:\\Users\\Oscar\\OneDrive\\Documentos\\MyGasolineraBBDD\\MyGasolineraBackEnd\\node_modules\\express\\lib\\router\\layer.js:95:5)\n    at C:\\Users\\Oscar\\OneDrive\\Documentos\\MyGasolineraBBDD\\MyGasolineraBackEnd\\node_modules\\express\\lib\\router\\index.js:284:15\n    at Function.process_params (C:\\Users\\Oscar\\OneDrive\\Documentos\\MyGasolineraBBDD\\MyGasolineraBackEnd\\node_modules\\express\\lib\\router\\index.js:346:12)\n    at next (C:\\Users\\Oscar\\OneDrive\\Documentos\\MyGasolineraBBDD\\MyGasolineraBackEnd\\node_modules\\express\\lib\\router\\index.js:280:10)\n    at Function.handle (C:\\Users\\Oscar\\OneDrive\\Documentos\\MyGasolineraBBDD\\MyGasolineraBackEnd\\node_modules\\express\\lib\\router\\index.js:175:3)"
}
[2026-02-14 14:21:03] [ERROR] Error del servidor {
  "service": "my-gasolinera-api",
  "metodo": "GET",
  "url": "/api/gasolineras?id_provincia=46",
  "status": 500,
  "duracion_ms": 2,
  "usuario_id": "anónimo",
  "ip": "127.0.0.1",
  "respuesta": {
    "success": false,
    "message": "Error interno del servidor"
  }
}
[2026-02-14 14:21:03] [ERROR] Error del servidor {
  "service": "my-gasolinera-api",
  "metodo": "GET",
  "url": "/api/gasolineras?id_provincia=46",
  "status": 500,
  "duracion_ms": 2,
  "usuario_id": "anónimo",
  "ip": "127.0.0.1",
  "respuesta": "{\"success\":false,\"message\":\"Error interno del servidor\"}"
}
[2026-02-14 14:21:03] [ERROR] Error obteniendo gasolineras: {
  "service": "my-gasolinera-api",
  "error": "Unknown column 'id_provincia' in 'SELECT'",
  "stack": "Error: Unknown column 'id_provincia' in 'SELECT'\n    at PromisePool.execute (C:\\Users\\Oscar\\OneDrive\\Documentos\\MyGasolineraBBDD\\MyGasolineraBackEnd\\node_modules\\mysql2\\lib\\promise\\pool.js:54:22)\n    at exports.getGasolineras (C:\\Users\\Oscar\\OneDrive\\Documentos\\MyGasolineraBBDD\\MyGasolineraBackEnd\\controllers\\gasolinerasController.js:64:35)\n    at Layer.handle [as handle_request] (C:\\Users\\Oscar\\OneDrive\\Documentos\\MyGasolineraBBDD\\MyGasolineraBackEnd\\node_modules\\express\\lib\\router\\layer.js:95:5)\n    at next (C:\\Users\\Oscar\\OneDrive\\Documentos\\MyGasolineraBBDD\\MyGasolineraBackEnd\\node_modules\\express\\lib\\router\\route.js:149:13)\n    at Route.dispatch (C:\\Users\\Oscar\\OneDrive\\Documentos\\MyGasolineraBBDD\\MyGasolineraBackEnd\\node_modules\\express\\lib\\router\\route.js:119:3)\n    at Layer.handle [as handle_request] (C:\\Users\\Oscar\\OneDrive\\Documentos\\MyGasolineraBBDD\\MyGasolineraBackEnd\\node_modules\\express\\lib\\router\\layer.js:95:5)\n    at C:\\Users\\Oscar\\OneDrive\\Documentos\\MyGasolineraBBDD\\MyGasolineraBackEnd\\node_modules\\express\\lib\\router\\index.js:284:15\n    at Function.process_params (C:\\Users\\Oscar\\OneDrive\\Documentos\\MyGasolineraBBDD\\MyGasolineraBackEnd\\node_modules\\express\\lib\\router\\index.js:346:12)\n    at next (C:\\Users\\Oscar\\OneDrive\\Documentos\\MyGasolineraBBDD\\MyGasolineraBackEnd\\node_modules\\express\\lib\\router\\index.js:280:10)\n    at Function.handle (C:\\Users\\Oscar\\OneDrive\\Documentos\\MyGasolineraBBDD\\MyGasolineraBackEnd\\node_modules\\express\\lib\\router\\index.js:175:3)"
}
[2026-02-14 14:21:03] [ERROR] Error del servidor {
  "service": "my-gasolinera-api",
  "metodo": "GET",
  "url": "/api/gasolineras?id_provincia=12",
  "status": 500,
  "duracion_ms": 1,
  "usuario_id": "anónimo",
  "ip": "127.0.0.1",
  "respuesta": {
    "success": false,
    "message": "Error interno del servidor"
  }
}
[2026-02-14 14:21:03] [ERROR] Error del servidor {
  "service": "my-gasolinera-api",
  "metodo": "GET",
  "url": "/api/gasolineras?id_provincia=12",
  "status": 500,
  "duracion_ms": 2,
  "usuario_id": "anónimo",
  "ip": "127.0.0.1",
  "respuesta": "{\"success\":false,\"message\":\"Error interno del servidor\"}"
}
[2026-02-14 14:21:03] [ERROR] Error obteniendo gasolineras: {
  "service": "my-gasolinera-api",
  "error": "Unknown column 'id_provincia' in 'SELECT'",
  "stack": "Error: Unknown column 'id_provincia' in 'SELECT'\n    at PromisePool.execute (C:\\Users\\Oscar\\OneDrive\\Documentos\\MyGasolineraBBDD\\MyGasolineraBackEnd\\node_modules\\mysql2\\lib\\promise\\pool.js:54:22)\n    at exports.getGasolineras (C:\\Users\\Oscar\\OneDrive\\Documentos\\MyGasolineraBBDD\\MyGasolineraBackEnd\\controllers\\gasolinerasController.js:64:35)\n    at Layer.handle [as handle_request] (C:\\Users\\Oscar\\OneDrive\\Documentos\\MyGasolineraBBDD\\MyGasolineraBackEnd\\node_modules\\express\\lib\\router\\layer.js:95:5)\n    at next (C:\\Users\\Oscar\\OneDrive\\Documentos\\MyGasolineraBBDD\\MyGasolineraBackEnd\\node_modules\\express\\lib\\router\\route.js:149:13)\n    at Route.dispatch (C:\\Users\\Oscar\\OneDrive\\Documentos\\MyGasolineraBBDD\\MyGasolineraBackEnd\\node_modules\\express\\lib\\router\\route.js:119:3)\n    at Layer.handle [as handle_request] (C:\\Users\\Oscar\\OneDrive\\Documentos\\MyGasolineraBBDD\\MyGasolineraBackEnd\\node_modules\\express\\lib\\router\\layer.js:95:5)\n    at C:\\Users\\Oscar\\OneDrive\\Documentos\\MyGasolineraBBDD\\MyGasolineraBackEnd\\node_modules\\express\\lib\\router\\index.js:284:15\n    at Function.process_params (C:\\Users\\Oscar\\OneDrive\\Documentos\\MyGasolineraBBDD\\MyGasolineraBackEnd\\node_modules\\express\\lib\\router\\index.js:346:12)\n    at next (C:\\Users\\Oscar\\OneDrive\\Documentos\\MyGasolineraBBDD\\MyGasolineraBackEnd\\node_modules\\express\\lib\\router\\index.js:280:10)\n    at Function.handle (C:\\Users\\Oscar\\OneDrive\\Documentos\\MyGasolineraBBDD\\MyGasolineraBackEnd\\node_modules\\express\\lib\\router\\index.js:175:3)"
}
[2026-02-14 14:21:03] [ERROR] Error del servidor {
  "service": "my-gasolinera-api",
  "metodo": "GET",
  "url": "/api/gasolineras?id_provincia=44",
  "status": 500,
  "duracion_ms": 2,
  "usuario_id": "anónimo",
  "ip": "127.0.0.1",
  "respuesta": {
    "success": false,
    "message": "Error interno del servidor"
  }
}
[2026-02-14 14:21:03] [ERROR] Error del servidor {
  "service": "my-gasolinera-api",
  "metodo": "GET",
  "url": "/api/gasolineras?id_provincia=44",
  "status": 500,
  "duracion_ms": 2,
  "usuario_id": "anónimo",
  "ip": "127.0.0.1",
  "respuesta": "{\"success\":false,\"message\":\"Error interno del servidor\"}"
}
[2026-02-14 14:21:03] [ERROR] Error obteniendo gasolineras: {
  "service": "my-gasolinera-api",
  "error": "Unknown column 'id_provincia' in 'SELECT'",
  "stack": "Error: Unknown column 'id_provincia' in 'SELECT'\n    at PromisePool.execute (C:\\Users\\Oscar\\OneDrive\\Documentos\\MyGasolineraBBDD\\MyGasolineraBackEnd\\node_modules\\mysql2\\lib\\promise\\pool.js:54:22)\n    at exports.getGasolineras (C:\\Users\\Oscar\\OneDrive\\Documentos\\MyGasolineraBBDD\\MyGasolineraBackEnd\\controllers\\gasolinerasController.js:64:35)\n    at Layer.handle [as handle_request] (C:\\Users\\Oscar\\OneDrive\\Documentos\\MyGasolineraBBDD\\MyGasolineraBackEnd\\node_modules\\express\\lib\\router\\layer.js:95:5)\n    at next (C:\\Users\\Oscar\\OneDrive\\Documentos\\MyGasolineraBBDD\\MyGasolineraBackEnd\\node_modules\\express\\lib\\router\\route.js:149:13)\n    at Route.dispatch (C:\\Users\\Oscar\\OneDrive\\Documentos\\MyGasolineraBBDD\\MyGasolineraBackEnd\\node_modules\\express\\lib\\router\\route.js:119:3)\n    at Layer.handle [as handle_request] (C:\\Users\\Oscar\\OneDrive\\Documentos\\MyGasolineraBBDD\\MyGasolineraBackEnd\\node_modules\\express\\lib\\router\\layer.js:95:5)\n    at C:\\Users\\Oscar\\OneDrive\\Documentos\\MyGasolineraBBDD\\MyGasolineraBackEnd\\node_modules\\express\\lib\\router\\index.js:284:15\n    at Function.process_params (C:\\Users\\Oscar\\OneDrive\\Documentos\\MyGasolineraBBDD\\MyGasolineraBackEnd\\node_modules\\express\\lib\\router\\index.js:346:12)\n    at next (C:\\Users\\Oscar\\OneDrive\\Documentos\\MyGasolineraBBDD\\MyGasolineraBackEnd\\node_modules\\express\\lib\\router\\index.js:280:10)\n    at Function.handle (C:\\Users\\Oscar\\OneDrive\\Documentos\\MyGasolineraBBDD\\MyGasolineraBackEnd\\node_modules\\express\\lib\\router\\index.js:175:3)"
}
[2026-02-14 14:21:03] [ERROR] Error del servidor {
  "service": "my-gasolinera-api",
  "metodo": "GET",
  "url": "/api/gasolineras?id_provincia=16",
  "status": 500,
  "duracion_ms": 1,
  "usuario_id": "anónimo",
  "ip": "127.0.0.1",
  "respuesta": {
    "success": false,
    "message": "Error interno del servidor"
  }
}
[2026-02-14 14:21:03] [ERROR] Error del servidor {
  "service": "my-gasolinera-api",
  "metodo": "GET",
  "url": "/api/gasolineras?id_provincia=16",
  "status": 500,
  "duracion_ms": 1,
  "usuario_id": "anónimo",
  "ip": "127.0.0.1",
  "respuesta": "{\"success\":false,\"message\":\"Error interno del servidor\"}"
}
[2026-02-14 14:21:03] [ERROR] Error obteniendo gasolineras: {
  "service": "my-gasolinera-api",
  "error": "Unknown column 'id_provincia' in 'SELECT'",
  "stack": "Error: Unknown column 'id_provincia' in 'SELECT'\n    at PromisePool.execute (C:\\Users\\Oscar\\OneDrive\\Documentos\\MyGasolineraBBDD\\MyGasolineraBackEnd\\node_modules\\mysql2\\lib\\promise\\pool.js:54:22)\n    at exports.getGasolineras (C:\\Users\\Oscar\\OneDrive\\Documentos\\MyGasolineraBBDD\\MyGasolineraBackEnd\\controllers\\gasolinerasController.js:64:35)\n    at Layer.handle [as handle_request] (C:\\Users\\Oscar\\OneDrive\\Documentos\\MyGasolineraBBDD\\MyGasolineraBackEnd\\node_modules\\express\\lib\\router\\layer.js:95:5)\n    at next (C:\\Users\\Oscar\\OneDrive\\Documentos\\MyGasolineraBBDD\\MyGasolineraBackEnd\\node_modules\\express\\lib\\router\\route.js:149:13)\n    at Route.dispatch (C:\\Users\\Oscar\\OneDrive\\Documentos\\MyGasolineraBBDD\\MyGasolineraBackEnd\\node_modules\\express\\lib\\router\\route.js:119:3)\n    at Layer.handle [as handle_request] (C:\\Users\\Oscar\\OneDrive\\Documentos\\MyGasolineraBBDD\\MyGasolineraBackEnd\\node_modules\\express\\lib\\router\\layer.js:95:5)\n    at C:\\Users\\Oscar\\OneDrive\\Documentos\\MyGasolineraBBDD\\MyGasolineraBackEnd\\node_modules\\express\\lib\\router\\index.js:284:15\n    at Function.process_params (C:\\Users\\Oscar\\OneDrive\\Documentos\\MyGasolineraBBDD\\MyGasolineraBackEnd\\node_modules\\express\\lib\\router\\index.js:346:12)\n    at next (C:\\Users\\Oscar\\OneDrive\\Documentos\\MyGasolineraBBDD\\MyGasolineraBackEnd\\node_modules\\express\\lib\\router\\index.js:280:10)\n    at Function.handle (C:\\Users\\Oscar\\OneDrive\\Documentos\\MyGasolineraBBDD\\MyGasolineraBackEnd\\node_modules\\express\\lib\\router\\index.js:175:3)"
}
[2026-02-14 14:21:03] [ERROR] Error del servidor {
  "service": "my-gasolinera-api",
  "metodo": "GET",
  "url": "/api/gasolineras?id_provincia=03",
  "status": 500,
  "duracion_ms": 2,
  "usuario_id": "anónimo",
  "ip": "127.0.0.1",
  "respuesta": {
    "success": false,
    "message": "Error interno del servidor"
  }
}
[2026-02-14 14:21:03] [ERROR] Error del servidor {
  "service": "my-gasolinera-api",
  "metodo": "GET",
  "url": "/api/gasolineras?id_provincia=03",
  "status": 500,
  "duracion_ms": 2,
  "usuario_id": "anónimo",
  "ip": "127.0.0.1",
  "respuesta": "{\"success\":false,\"message\":\"Error interno del servidor\"}"
}
[2026-02-14 14:21:06] [ERROR] Error obteniendo gasolineras: {
  "service": "my-gasolinera-api",
  "error": "Unknown column 'id_provincia' in 'SELECT'",
  "stack": "Error: Unknown column 'id_provincia' in 'SELECT'\n    at PromisePool.execute (C:\\Users\\Oscar\\OneDrive\\Documentos\\MyGasolineraBBDD\\MyGasolineraBackEnd\\node_modules\\mysql2\\lib\\promise\\pool.js:54:22)\n    at exports.getGasolineras (C:\\Users\\Oscar\\OneDrive\\Documentos\\MyGasolineraBBDD\\MyGasolineraBackEnd\\controllers\\gasolinerasController.js:64:35)\n    at Layer.handle [as handle_request] (C:\\Users\\Oscar\\OneDrive\\Documentos\\MyGasolineraBBDD\\MyGasolineraBackEnd\\node_modules\\express\\lib\\router\\layer.js:95:5)\n    at next (C:\\Users\\Oscar\\OneDrive\\Documentos\\MyGasolineraBBDD\\MyGasolineraBackEnd\\node_modules\\express\\lib\\router\\route.js:149:13)\n    at Route.dispatch (C:\\Users\\Oscar\\OneDrive\\Documentos\\MyGasolineraBBDD\\MyGasolineraBackEnd\\node_modules\\express\\lib\\router\\route.js:119:3)\n    at Layer.handle [as handle_request] (C:\\Users\\Oscar\\OneDrive\\Documentos\\MyGasolineraBBDD\\MyGasolineraBackEnd\\node_modules\\express\\lib\\router\\layer.js:95:5)\n    at C:\\Users\\Oscar\\OneDrive\\Documentos\\MyGasolineraBBDD\\MyGasolineraBackEnd\\node_modules\\express\\lib\\router\\index.js:284:15\n    at Function.process_params (C:\\Users\\Oscar\\OneDrive\\Documentos\\MyGasolineraBBDD\\MyGasolineraBackEnd\\node_modules\\express\\lib\\router\\index.js:346:12)\n    at next (C:\\Users\\Oscar\\OneDrive\\Documentos\\MyGasolineraBBDD\\MyGasolineraBackEnd\\node_modules\\express\\lib\\router\\index.js:280:10)\n    at Function.handle (C:\\Users\\Oscar\\OneDrive\\Documentos\\MyGasolineraBBDD\\MyGasolineraBackEnd\\node_modules\\express\\lib\\router\\index.js:175:3)"
}
[2026-02-14 14:21:06] [ERROR] Error del servidor {
  "service": "my-gasolinera-api",
  "metodo": "GET",
  "url": "/api/gasolineras?id_provincia=46",
  "status": 500,
  "duracion_ms": 2,
  "usuario_id": "anónimo",
  "ip": "127.0.0.1",
  "respuesta": {
    "success": false,
    "message": "Error interno del servidor"
  }
}
[2026-02-14 14:21:06] [ERROR] Error del servidor {
  "service": "my-gasolinera-api",
  "metodo": "GET",
  "url": "/api/gasolineras?id_provincia=46",
  "status": 500,
  "duracion_ms": 2,
  "usuario_id": "anónimo",
  "ip": "127.0.0.1",
  "respuesta": "{\"success\":false,\"message\":\"Error interno del servidor\"}"
}
[2026-02-14 14:21:06] [ERROR] Error obteniendo gasolineras: {
  "service": "my-gasolinera-api",
  "error": "Unknown column 'id_provincia' in 'SELECT'",
  "stack": "Error: Unknown column 'id_provincia' in 'SELECT'\n    at PromisePool.execute (C:\\Users\\Oscar\\OneDrive\\Documentos\\MyGasolineraBBDD\\MyGasolineraBackEnd\\node_modules\\mysql2\\lib\\promise\\pool.js:54:22)\n    at exports.getGasolineras (C:\\Users\\Oscar\\OneDrive\\Documentos\\MyGasolineraBBDD\\MyGasolineraBackEnd\\controllers\\gasolinerasController.js:64:35)\n    at Layer.handle [as handle_request] (C:\\Users\\Oscar\\OneDrive\\Documentos\\MyGasolineraBBDD\\MyGasolineraBackEnd\\node_modules\\express\\lib\\router\\layer.js:95:5)\n    at next (C:\\Users\\Oscar\\OneDrive\\Documentos\\MyGasolineraBBDD\\MyGasolineraBackEnd\\node_modules\\express\\lib\\router\\route.js:149:13)\n    at Route.dispatch (C:\\Users\\Oscar\\OneDrive\\Documentos\\MyGasolineraBBDD\\MyGasolineraBackEnd\\node_modules\\express\\lib\\router\\route.js:119:3)\n    at Layer.handle [as handle_request] (C:\\Users\\Oscar\\OneDrive\\Documentos\\MyGasolineraBBDD\\MyGasolineraBackEnd\\node_modules\\express\\lib\\router\\layer.js:95:5)\n    at C:\\Users\\Oscar\\OneDrive\\Documentos\\MyGasolineraBBDD\\MyGasolineraBackEnd\\node_modules\\express\\lib\\router\\index.js:284:15\n    at Function.process_params (C:\\Users\\Oscar\\OneDrive\\Documentos\\MyGasolineraBBDD\\MyGasolineraBackEnd\\node_modules\\express\\lib\\router\\index.js:346:12)\n    at next (C:\\Users\\Oscar\\OneDrive\\Documentos\\MyGasolineraBBDD\\MyGasolineraBackEnd\\node_modules\\express\\lib\\router\\index.js:280:10)\n    at Function.handle (C:\\Users\\Oscar\\OneDrive\\Documentos\\MyGasolineraBBDD\\MyGasolineraBackEnd\\node_modules\\express\\lib\\router\\index.js:175:3)"
}
[2026-02-14 14:21:06] [ERROR] Error del servidor {
  "service": "my-gasolinera-api",
  "metodo": "GET",
  "url": "/api/gasolineras?id_provincia=12",
  "status": 500,
  "duracion_ms": 1,
  "usuario_id": "anónimo",
  "ip": "127.0.0.1",
  "respuesta": {
    "success": false,
    "message": "Error interno del servidor"
  }
}
[2026-02-14 14:21:06] [ERROR] Error del servidor {
  "service": "my-gasolinera-api",
  "metodo": "GET",
  "url": "/api/gasolineras?id_provincia=12",
  "status": 500,
  "duracion_ms": 2,
  "usuario_id": "anónimo",
  "ip": "127.0.0.1",
  "respuesta": "{\"success\":false,\"message\":\"Error interno del servidor\"}"
}
[2026-02-14 14:21:06] [ERROR] Error obteniendo gasolineras: {
  "service": "my-gasolinera-api",
  "error": "Unknown column 'id_provincia' in 'SELECT'",
  "stack": "Error: Unknown column 'id_provincia' in 'SELECT'\n    at PromisePool.execute (C:\\Users\\Oscar\\OneDrive\\Documentos\\MyGasolineraBBDD\\MyGasolineraBackEnd\\node_modules\\mysql2\\lib\\promise\\pool.js:54:22)\n    at exports.getGasolineras (C:\\Users\\Oscar\\OneDrive\\Documentos\\MyGasolineraBBDD\\MyGasolineraBackEnd\\controllers\\gasolinerasController.js:64:35)\n    at Layer.handle [as handle_request] (C:\\Users\\Oscar\\OneDrive\\Documentos\\MyGasolineraBBDD\\MyGasolineraBackEnd\\node_modules\\express\\lib\\router\\layer.js:95:5)\n    at next (C:\\Users\\Oscar\\OneDrive\\Documentos\\MyGasolineraBBDD\\MyGasolineraBackEnd\\node_modules\\express\\lib\\router\\route.js:149:13)\n    at Route.dispatch (C:\\Users\\Oscar\\OneDrive\\Documentos\\MyGasolineraBBDD\\MyGasolineraBackEnd\\node_modules\\express\\lib\\router\\route.js:119:3)\n    at Layer.handle [as handle_request] (C:\\Users\\Oscar\\OneDrive\\Documentos\\MyGasolineraBBDD\\MyGasolineraBackEnd\\node_modules\\express\\lib\\router\\layer.js:95:5)\n    at C:\\Users\\Oscar\\OneDrive\\Documentos\\MyGasolineraBBDD\\MyGasolineraBackEnd\\node_modules\\express\\lib\\router\\index.js:284:15\n    at Function.process_params (C:\\Users\\Oscar\\OneDrive\\Documentos\\MyGasolineraBBDD\\MyGasolineraBackEnd\\node_modules\\express\\lib\\router\\index.js:346:12)\n    at next (C:\\Users\\Oscar\\OneDrive\\Documentos\\MyGasolineraBBDD\\MyGasolineraBackEnd\\node_modules\\express\\lib\\router\\index.js:280:10)\n    at Function.handle (C:\\Users\\Oscar\\OneDrive\\Documentos\\MyGasolineraBBDD\\MyGasolineraBackEnd\\node_modules\\express\\lib\\router\\index.js:175:3)"
}
[2026-02-14 14:21:06] [ERROR] Error del servidor {
  "service": "my-gasolinera-api",
  "metodo": "GET",
  "url": "/api/gasolineras?id_provincia=44",
  "status": 500,
  "duracion_ms": 2,
  "usuario_id": "anónimo",
  "ip": "127.0.0.1",
  "respuesta": {
    "success": false,
    "message": "Error interno del servidor"
  }
}
[2026-02-14 14:21:06] [ERROR] Error del servidor {
  "service": "my-gasolinera-api",
  "metodo": "GET",
  "url": "/api/gasolineras?id_provincia=44",
  "status": 500,
  "duracion_ms": 2,
  "usuario_id": "anónimo",
  "ip": "127.0.0.1",
  "respuesta": "{\"success\":false,\"message\":\"Error interno del servidor\"}"
}
[2026-02-14 14:21:06] [ERROR] Error obteniendo gasolineras: {
  "service": "my-gasolinera-api",
  "error": "Unknown column 'id_provincia' in 'SELECT'",
  "stack": "Error: Unknown column 'id_provincia' in 'SELECT'\n    at PromisePool.execute (C:\\Users\\Oscar\\OneDrive\\Documentos\\MyGasolineraBBDD\\MyGasolineraBackEnd\\node_modules\\mysql2\\lib\\promise\\pool.js:54:22)\n    at exports.getGasolineras (C:\\Users\\Oscar\\OneDrive\\Documentos\\MyGasolineraBBDD\\MyGasolineraBackEnd\\controllers\\gasolinerasController.js:64:35)\n    at Layer.handle [as handle_request] (C:\\Users\\Oscar\\OneDrive\\Documentos\\MyGasolineraBBDD\\MyGasolineraBackEnd\\node_modules\\express\\lib\\router\\layer.js:95:5)\n    at next (C:\\Users\\Oscar\\OneDrive\\Documentos\\MyGasolineraBBDD\\MyGasolineraBackEnd\\node_modules\\express\\lib\\router\\route.js:149:13)\n    at Route.dispatch (C:\\Users\\Oscar\\OneDrive\\Documentos\\MyGasolineraBBDD\\MyGasolineraBackEnd\\node_modules\\express\\lib\\router\\route.js:119:3)\n    at Layer.handle [as handle_request] (C:\\Users\\Oscar\\OneDrive\\Documentos\\MyGasolineraBBDD\\MyGasolineraBackEnd\\node_modules\\express\\lib\\router\\layer.js:95:5)\n    at C:\\Users\\Oscar\\OneDrive\\Documentos\\MyGasolineraBBDD\\MyGasolineraBackEnd\\node_modules\\express\\lib\\router\\index.js:284:15\n    at Function.process_params (C:\\Users\\Oscar\\OneDrive\\Documentos\\MyGasolineraBBDD\\MyGasolineraBackEnd\\node_modules\\express\\lib\\router\\index.js:346:12)\n    at next (C:\\Users\\Oscar\\OneDrive\\Documentos\\MyGasolineraBBDD\\MyGasolineraBackEnd\\node_modules\\express\\lib\\router\\index.js:280:10)\n    at Function.handle (C:\\Users\\Oscar\\OneDrive\\Documentos\\MyGasolineraBBDD\\MyGasolineraBackEnd\\node_modules\\express\\lib\\router\\index.js:175:3)"
}
[2026-02-14 14:21:06] [ERROR] Error del servidor {
  "service": "my-gasolinera-api",
  "metodo": "GET",
  "url": "/api/gasolineras?id_provincia=16",
  "status": 500,
  "duracion_ms": 1,
  "usuario_id": "anónimo",
  "ip": "127.0.0.1",
  "respuesta": {
    "success": false,
    "message": "Error interno del servidor"
  }
}
[2026-02-14 14:21:06] [ERROR] Error del servidor {
  "service": "my-gasolinera-api",
  "metodo": "GET",
  "url": "/api/gasolineras?id_provincia=16",
  "status": 500,
  "duracion_ms": 2,
  "usuario_id": "anónimo",
  "ip": "127.0.0.1",
  "respuesta": "{\"success\":false,\"message\":\"Error interno del servidor\"}"
}
[2026-02-14 14:21:06] [ERROR] Error obteniendo gasolineras: {
  "service": "my-gasolinera-api",
  "error": "Unknown column 'id_provincia' in 'SELECT'",
  "stack": "Error: Unknown column 'id_provincia' in 'SELECT'\n    at PromisePool.execute (C:\\Users\\Oscar\\OneDrive\\Documentos\\MyGasolineraBBDD\\MyGasolineraBackEnd\\node_modules\\mysql2\\lib\\promise\\pool.js:54:22)\n    at exports.getGasolineras (C:\\Users\\Oscar\\OneDrive\\Documentos\\MyGasolineraBBDD\\MyGasolineraBackEnd\\controllers\\gasolinerasController.js:64:35)\n    at Layer.handle [as handle_request] (C:\\Users\\Oscar\\OneDrive\\Documentos\\MyGasolineraBBDD\\MyGasolineraBackEnd\\node_modules\\express\\lib\\router\\layer.js:95:5)\n    at next (C:\\Users\\Oscar\\OneDrive\\Documentos\\MyGasolineraBBDD\\MyGasolineraBackEnd\\node_modules\\express\\lib\\router\\route.js:149:13)\n    at Route.dispatch (C:\\Users\\Oscar\\OneDrive\\Documentos\\MyGasolineraBBDD\\MyGasolineraBackEnd\\node_modules\\express\\lib\\router\\route.js:119:3)\n    at Layer.handle [as handle_request] (C:\\Users\\Oscar\\OneDrive\\Documentos\\MyGasolineraBBDD\\MyGasolineraBackEnd\\node_modules\\express\\lib\\router\\layer.js:95:5)\n    at C:\\Users\\Oscar\\OneDrive\\Documentos\\MyGasolineraBBDD\\MyGasolineraBackEnd\\node_modules\\express\\lib\\router\\index.js:284:15\n    at Function.process_params (C:\\Users\\Oscar\\OneDrive\\Documentos\\MyGasolineraBBDD\\MyGasolineraBackEnd\\node_modules\\express\\lib\\router\\index.js:346:12)\n    at next (C:\\Users\\Oscar\\OneDrive\\Documentos\\MyGasolineraBBDD\\MyGasolineraBackEnd\\node_modules\\express\\lib\\router\\index.js:280:10)\n    at Function.handle (C:\\Users\\Oscar\\OneDrive\\Documentos\\MyGasolineraBBDD\\MyGasolineraBackEnd\\node_modules\\express\\lib\\router\\index.js:175:3)"
}
[2026-02-14 14:21:06] [ERROR] Error del servidor {
  "service": "my-gasolinera-api",
  "metodo": "GET",
  "url": "/api/gasolineras?id_provincia=03",
  "status": 500,
  "duracion_ms": 2,
  "usuario_id": "anónimo",
  "ip": "127.0.0.1",
  "respuesta": {
    "success": false,
    "message": "Error interno del servidor"
  }
}
[2026-02-14 14:21:06] [ERROR] Error del servidor {
  "service": "my-gasolinera-api",
  "metodo": "GET",
  "url": "/api/gasolineras?id_provincia=03",
  "status": 500,
  "duracion_ms": 2,
  "usuario_id": "anónimo",
  "ip": "127.0.0.1",
  "respuesta": "{\"success\":false,\"message\":\"Error interno del servidor\"}"
}
[2026-02-14 14:21:08] [ERROR] Error obteniendo gasolineras: {
  "service": "my-gasolinera-api",
  "error": "Unknown column 'id_provincia' in 'SELECT'",
  "stack": "Error: Unknown column 'id_provincia' in 'SELECT'\n    at PromisePool.execute (C:\\Users\\Oscar\\OneDrive\\Documentos\\MyGasolineraBBDD\\MyGasolineraBackEnd\\node_modules\\mysql2\\lib\\promise\\pool.js:54:22)\n    at exports.getGasolineras (C:\\Users\\Oscar\\OneDrive\\Documentos\\MyGasolineraBBDD\\MyGasolineraBackEnd\\controllers\\gasolinerasController.js:64:35)\n    at Layer.handle [as handle_request] (C:\\Users\\Oscar\\OneDrive\\Documentos\\MyGasolineraBBDD\\MyGasolineraBackEnd\\node_modules\\express\\lib\\router\\layer.js:95:5)\n    at next (C:\\Users\\Oscar\\OneDrive\\Documentos\\MyGasolineraBBDD\\MyGasolineraBackEnd\\node_modules\\express\\lib\\router\\route.js:149:13)\n    at Route.dispatch (C:\\Users\\Oscar\\OneDrive\\Documentos\\MyGasolineraBBDD\\MyGasolineraBackEnd\\node_modules\\express\\lib\\router\\route.js:119:3)\n    at Layer.handle [as handle_request] (C:\\Users\\Oscar\\OneDrive\\Documentos\\MyGasolineraBBDD\\MyGasolineraBackEnd\\node_modules\\express\\lib\\router\\layer.js:95:5)\n    at C:\\Users\\Oscar\\OneDrive\\Documentos\\MyGasolineraBBDD\\MyGasolineraBackEnd\\node_modules\\express\\lib\\router\\index.js:284:15\n    at Function.process_params (C:\\Users\\Oscar\\OneDrive\\Documentos\\MyGasolineraBBDD\\MyGasolineraBackEnd\\node_modules\\express\\lib\\router\\index.js:346:12)\n    at next (C:\\Users\\Oscar\\OneDrive\\Documentos\\MyGasolineraBBDD\\MyGasolineraBackEnd\\node_modules\\express\\lib\\router\\index.js:280:10)\n    at Function.handle (C:\\Users\\Oscar\\OneDrive\\Documentos\\MyGasolineraBBDD\\MyGasolineraBackEnd\\node_modules\\express\\lib\\router\\index.js:175:3)"
}
[2026-02-14 14:21:08] [ERROR] Error del servidor {
  "service": "my-gasolinera-api",
  "metodo": "GET",
  "url": "/api/gasolineras?id_provincia=46",
  "status": 500,
  "duracion_ms": 1,
  "usuario_id": "anónimo",
  "ip": "127.0.0.1",
  "respuesta": {
    "success": false,
    "message": "Error interno del servidor"
  }
}
[2026-02-14 14:21:08] [ERROR] Error del servidor {
  "service": "my-gasolinera-api",
  "metodo": "GET",
  "url": "/api/gasolineras?id_provincia=46",
  "status": 500,
  "duracion_ms": 1,
  "usuario_id": "anónimo",
  "ip": "127.0.0.1",
  "respuesta": "{\"success\":false,\"message\":\"Error interno del servidor\"}"
}
[2026-02-14 14:21:08] [ERROR] Error obteniendo gasolineras: {
  "service": "my-gasolinera-api",
  "error": "Unknown column 'id_provincia' in 'SELECT'",
  "stack": "Error: Unknown column 'id_provincia' in 'SELECT'\n    at PromisePool.execute (C:\\Users\\Oscar\\OneDrive\\Documentos\\MyGasolineraBBDD\\MyGasolineraBackEnd\\node_modules\\mysql2\\lib\\promise\\pool.js:54:22)\n    at exports.getGasolineras (C:\\Users\\Oscar\\OneDrive\\Documentos\\MyGasolineraBBDD\\MyGasolineraBackEnd\\controllers\\gasolinerasController.js:64:35)\n    at Layer.handle [as handle_request] (C:\\Users\\Oscar\\OneDrive\\Documentos\\MyGasolineraBBDD\\MyGasolineraBackEnd\\node_modules\\express\\lib\\router\\layer.js:95:5)\n    at next (C:\\Users\\Oscar\\OneDrive\\Documentos\\MyGasolineraBBDD\\MyGasolineraBackEnd\\node_modules\\express\\lib\\router\\route.js:149:13)\n    at Route.dispatch (C:\\Users\\Oscar\\OneDrive\\Documentos\\MyGasolineraBBDD\\MyGasolineraBackEnd\\node_modules\\express\\lib\\router\\route.js:119:3)\n    at Layer.handle [as handle_request] (C:\\Users\\Oscar\\OneDrive\\Documentos\\MyGasolineraBBDD\\MyGasolineraBackEnd\\node_modules\\express\\lib\\router\\layer.js:95:5)\n    at C:\\Users\\Oscar\\OneDrive\\Documentos\\MyGasolineraBBDD\\MyGasolineraBackEnd\\node_modules\\express\\lib\\router\\index.js:284:15\n    at Function.process_params (C:\\Users\\Oscar\\OneDrive\\Documentos\\MyGasolineraBBDD\\MyGasolineraBackEnd\\node_modules\\express\\lib\\router\\index.js:346:12)\n    at next (C:\\Users\\Oscar\\OneDrive\\Documentos\\MyGasolineraBBDD\\MyGasolineraBackEnd\\node_modules\\express\\lib\\router\\index.js:280:10)\n    at Function.handle (C:\\Users\\Oscar\\OneDrive\\Documentos\\MyGasolineraBBDD\\MyGasolineraBackEnd\\node_modules\\express\\lib\\router\\index.js:175:3)"
}
[2026-02-14 14:21:08] [ERROR] Error del servidor {
  "service": "my-gasolinera-api",
  "metodo": "GET",
  "url": "/api/gasolineras?id_provincia=12",
  "status": 500,
  "duracion_ms": 1,
  "usuario_id": "anónimo",
  "ip": "127.0.0.1",
  "respuesta": {
    "success": false,
    "message": "Error interno del servidor"
  }
}
[2026-02-14 14:21:08] [ERROR] Error del servidor {
  "service": "my-gasolinera-api",
  "metodo": "GET",
  "url": "/api/gasolineras?id_provincia=12",
  "status": 500,
  "duracion_ms": 2,
  "usuario_id": "anónimo",
  "ip": "127.0.0.1",
  "respuesta": "{\"success\":false,\"message\":\"Error interno del servidor\"}"
}
[2026-02-14 14:21:08] [ERROR] Error obteniendo gasolineras: {
  "service": "my-gasolinera-api",
  "error": "Unknown column 'id_provincia' in 'SELECT'",
  "stack": "Error: Unknown column 'id_provincia' in 'SELECT'\n    at PromisePool.execute (C:\\Users\\Oscar\\OneDrive\\Documentos\\MyGasolineraBBDD\\MyGasolineraBackEnd\\node_modules\\mysql2\\lib\\promise\\pool.js:54:22)\n    at exports.getGasolineras (C:\\Users\\Oscar\\OneDrive\\Documentos\\MyGasolineraBBDD\\MyGasolineraBackEnd\\controllers\\gasolinerasController.js:64:35)\n    at Layer.handle [as handle_request] (C:\\Users\\Oscar\\OneDrive\\Documentos\\MyGasolineraBBDD\\MyGasolineraBackEnd\\node_modules\\express\\lib\\router\\layer.js:95:5)\n    at next (C:\\Users\\Oscar\\OneDrive\\Documentos\\MyGasolineraBBDD\\MyGasolineraBackEnd\\node_modules\\express\\lib\\router\\route.js:149:13)\n    at Route.dispatch (C:\\Users\\Oscar\\OneDrive\\Documentos\\MyGasolineraBBDD\\MyGasolineraBackEnd\\node_modules\\express\\lib\\router\\route.js:119:3)\n    at Layer.handle [as handle_request] (C:\\Users\\Oscar\\OneDrive\\Documentos\\MyGasolineraBBDD\\MyGasolineraBackEnd\\node_modules\\express\\lib\\router\\layer.js:95:5)\n    at C:\\Users\\Oscar\\OneDrive\\Documentos\\MyGasolineraBBDD\\MyGasolineraBackEnd\\node_modules\\express\\lib\\router\\index.js:284:15\n    at Function.process_params (C:\\Users\\Oscar\\OneDrive\\Documentos\\MyGasolineraBBDD\\MyGasolineraBackEnd\\node_modules\\express\\lib\\router\\index.js:346:12)\n    at next (C:\\Users\\Oscar\\OneDrive\\Documentos\\MyGasolineraBBDD\\MyGasolineraBackEnd\\node_modules\\express\\lib\\router\\index.js:280:10)\n    at Function.handle (C:\\Users\\Oscar\\OneDrive\\Documentos\\MyGasolineraBBDD\\MyGasolineraBackEnd\\node_modules\\express\\lib\\router\\index.js:175:3)"
}
[2026-02-14 14:21:08] [ERROR] Error del servidor {
  "service": "my-gasolinera-api",
  "metodo": "GET",
  "url": "/api/gasolineras?id_provincia=44",
  "status": 500,
  "duracion_ms": 1,
  "usuario_id": "anónimo",
  "ip": "127.0.0.1",
  "respuesta": {
    "success": false,
    "message": "Error interno del servidor"
  }
}
[2026-02-14 14:21:08] [ERROR] Error del servidor {
  "service": "my-gasolinera-api",
  "metodo": "GET",
  "url": "/api/gasolineras?id_provincia=44",
  "status": 500,
  "duracion_ms": 2,
  "usuario_id": "anónimo",
  "ip": "127.0.0.1",
  "respuesta": "{\"success\":false,\"message\":\"Error interno del servidor\"}"
}
[2026-02-14 14:21:08] [ERROR] Error obteniendo gasolineras: {
  "service": "my-gasolinera-api",
  "error": "Unknown column 'id_provincia' in 'SELECT'",
  "stack": "Error: Unknown column 'id_provincia' in 'SELECT'\n    at PromisePool.execute (C:\\Users\\Oscar\\OneDrive\\Documentos\\MyGasolineraBBDD\\MyGasolineraBackEnd\\node_modules\\mysql2\\lib\\promise\\pool.js:54:22)\n    at exports.getGasolineras (C:\\Users\\Oscar\\OneDrive\\Documentos\\MyGasolineraBBDD\\MyGasolineraBackEnd\\controllers\\gasolinerasController.js:64:35)\n    at Layer.handle [as handle_request] (C:\\Users\\Oscar\\OneDrive\\Documentos\\MyGasolineraBBDD\\MyGasolineraBackEnd\\node_modules\\express\\lib\\router\\layer.js:95:5)\n    at next (C:\\Users\\Oscar\\OneDrive\\Documentos\\MyGasolineraBBDD\\MyGasolineraBackEnd\\node_modules\\express\\lib\\router\\route.js:149:13)\n    at Route.dispatch (C:\\Users\\Oscar\\OneDrive\\Documentos\\MyGasolineraBBDD\\MyGasolineraBackEnd\\node_modules\\express\\lib\\router\\route.js:119:3)\n    at Layer.handle [as handle_request] (C:\\Users\\Oscar\\OneDrive\\Documentos\\MyGasolineraBBDD\\MyGasolineraBackEnd\\node_modules\\express\\lib\\router\\layer.js:95:5)\n    at C:\\Users\\Oscar\\OneDrive\\Documentos\\MyGasolineraBBDD\\MyGasolineraBackEnd\\node_modules\\express\\lib\\router\\index.js:284:15\n    at Function.process_params (C:\\Users\\Oscar\\OneDrive\\Documentos\\MyGasolineraBBDD\\MyGasolineraBackEnd\\node_modules\\express\\lib\\router\\index.js:346:12)\n    at next (C:\\Users\\Oscar\\OneDrive\\Documentos\\MyGasolineraBBDD\\MyGasolineraBackEnd\\node_modules\\express\\lib\\router\\index.js:280:10)\n    at Function.handle (C:\\Users\\Oscar\\OneDrive\\Documentos\\MyGasolineraBBDD\\MyGasolineraBackEnd\\node_modules\\express\\lib\\router\\index.js:175:3)"
}
[2026-02-14 14:21:08] [ERROR] Error del servidor {
  "service": "my-gasolinera-api",
  "metodo": "GET",
  "url": "/api/gasolineras?id_provincia=16",
  "status": 500,
  "duracion_ms": 1,
  "usuario_id": "anónimo",
  "ip": "127.0.0.1",
  "respuesta": {
    "success": false,
    "message": "Error interno del servidor"
  }
}
[2026-02-14 14:21:08] [ERROR] Error del servidor {
  "service": "my-gasolinera-api",
  "metodo": "GET",
  "url": "/api/gasolineras?id_provincia=16",
  "status": 500,
  "duracion_ms": 1,
  "usuario_id": "anónimo",
  "ip": "127.0.0.1",
  "respuesta": "{\"success\":false,\"message\":\"Error interno del servidor\"}"
}
[2026-02-14 14:21:08] [ERROR] Error obteniendo gasolineras: {
  "service": "my-gasolinera-api",
  "error": "Unknown column 'id_provincia' in 'SELECT'",
  "stack": "Error: Unknown column 'id_provincia' in 'SELECT'\n    at PromisePool.execute (C:\\Users\\Oscar\\OneDrive\\Documentos\\MyGasolineraBBDD\\MyGasolineraBackEnd\\node_modules\\mysql2\\lib\\promise\\pool.js:54:22)\n    at exports.getGasolineras (C:\\Users\\Oscar\\OneDrive\\Documentos\\MyGasolineraBBDD\\MyGasolineraBackEnd\\controllers\\gasolinerasController.js:64:35)\n    at Layer.handle [as handle_request] (C:\\Users\\Oscar\\OneDrive\\Documentos\\MyGasolineraBBDD\\MyGasolineraBackEnd\\node_modules\\express\\lib\\router\\layer.js:95:5)\n    at next (C:\\Users\\Oscar\\OneDrive\\Documentos\\MyGasolineraBBDD\\MyGasolineraBackEnd\\node_modules\\express\\lib\\router\\route.js:149:13)\n    at Route.dispatch (C:\\Users\\Oscar\\OneDrive\\Documentos\\MyGasolineraBBDD\\MyGasolineraBackEnd\\node_modules\\express\\lib\\router\\route.js:119:3)\n    at Layer.handle [as handle_request] (C:\\Users\\Oscar\\OneDrive\\Documentos\\MyGasolineraBBDD\\MyGasolineraBackEnd\\node_modules\\express\\lib\\router\\layer.js:95:5)\n    at C:\\Users\\Oscar\\OneDrive\\Documentos\\MyGasolineraBBDD\\MyGasolineraBackEnd\\node_modules\\express\\lib\\router\\index.js:284:15\n    at Function.process_params (C:\\Users\\Oscar\\OneDrive\\Documentos\\MyGasolineraBBDD\\MyGasolineraBackEnd\\node_modules\\express\\lib\\router\\index.js:346:12)\n    at next (C:\\Users\\Oscar\\OneDrive\\Documentos\\MyGasolineraBBDD\\MyGasolineraBackEnd\\node_modules\\express\\lib\\router\\index.js:280:10)\n    at Function.handle (C:\\Users\\Oscar\\OneDrive\\Documentos\\MyGasolineraBBDD\\MyGasolineraBackEnd\\node_modules\\express\\lib\\router\\index.js:175:3)"
}
[2026-02-14 14:21:08] [ERROR] Error del servidor {
  "service": "my-gasolinera-api",
  "metodo": "GET",
  "url": "/api/gasolineras?id_provincia=03",
  "status": 500,
  "duracion_ms": 1,
  "usuario_id": "anónimo",
  "ip": "127.0.0.1",
  "respuesta": {
    "success": false,
    "message": "Error interno del servidor"
  }
}
[2026-02-14 14:21:08] [ERROR] Error del servidor {
  "service": "my-gasolinera-api",
  "metodo": "GET",
  "url": "/api/gasolineras?id_provincia=03",
  "status": 500,
  "duracion_ms": 2,
  "usuario_id": "anónimo",
  "ip": "127.0.0.1",
  "respuesta": "{\"success\":false,\"message\":\"Error interno del servidor\"}"
}
